"commentsCount","text","likesCount","reactionAngryCount","reactionCareCount","reactionHahaCount","reactionLikeCount","reactionLoveCount","reactionSadCount","reactionWowCount","sharesCount"
"22","CUNG YẾN Ở BẮC KINH. 🫰👍

Không biết có ai giống như mình ko, là nghe thấy Cung Yến cứ sợ nó đông với ăn chán, nhảm nhí,... nhưng mà lần này mình đi tour nên tham gia cùng đoàn, ko ngờ lại là 1 trải nghiệm rất thú vị mà mình nghĩ là nên chia sẻ để mọi người có động lực đi trải nghiệm tự túc. 😅

Đi đến đây thì điều đầu tiên cảm nhận là thấy nó rộng. Công nhận TQ chỗ nào cũng rộng và hoành tráng. Đến còn gặp toàn vua chúa, quàng thượng, quàng quậu, quàng quý fi, đi cùng dàn aka, lách cách đến từ khắp nơi trên thế giới. Nói chung là không khí rất là vui 😆👍👍👍

Giá thì từ 1.5tr đến 3tr cho 1 người. Mình quan sát thấy đồ ăn mang ra như nhau nên mình đoán là giá bao gồm cả chi phí cosplay và chênh nhau ở vị trí ngồi. Mình thấy ngồi xa quan sát đc tổng thể hơn ngồi gần. 

Với cả ăn xong cũng có màn chúc mừng sinh nhật y như Hadilao ấy mọi người. Có gia đình cho con gái đi ăn chúc mừng sinh nhật thấy vui vẻ lắm hihi. 

Cuối cùng là về đồ ăn: NGON! Kiểu short menu, ăn rất thanh, tinh tuý, ko dầu mỡ tí nào. Nhưng mà họ lên món từ nặng đến nhẹ 😅: thịt bò kho lên đầu tiên, xong đến soup miến tôm càng xanh (mình đoán thế), rồi đến xá xíu thịt heo ko bị viên chặt đâu ạ, rất tươi ngon ngọt thịt luôn. Món mình thích nhất là soup bào ngư - hải sâm, trùi ui con hải sâm nó tươi như vẫn đang còn nằm dưới đáy biển vậy. Mình cắn 1 miếng mà thấy rõ hương vị của biển luôn ấy. Rất mê. 

Túm lại là nên đi, rất nên đi ạ. 

#diningreview
#cung_yến
#bắckinh #beijing 
#trungquoc #china
#nhungpoza","38",,,,"35","3",,,"0"
"32","Kính gửi quý thực khách thân yêu🙇🏻‍♀️
Em là Vượng - quản lí của nhà hàng Nhật Bản Minori 581 Kim Mã🌾. 

6 năm gửi trọn tâm tình Nhật Bản. Để tri ân sâu sắc, thay lời cảm ơn chân thành, Minori xin gửi đến quý khách món quà đặc biệt nhân dịp Sinh nhật kỉ niệm của nhà hàng:

 🌸Ưu đãi 10% tổng hoá đơn cho mỗi bàn.

📅 Thời gian áp dụng: Từ ngày 1/4 đến hết ngày 30/4. 

📍 Áp dụng khi đặt bàn qua Hotline, fanpage hoặc các quý khách yêu đọc Mã Group ""Dinning Review"".

☎️Sdt: 0979.2608.89 

Minori xin cảm ơn sự tin yêu và ủng hộ của Admin và các thành viên trong group. Được phục vụ mọi người là niềm hạnh phúc lớn của Minori. Rất mong tiếp tục trong thời gian tới nhận được sự hỗ trợ từ cộng đồng mình ạ! 

#gioithieunhahang #diningreview #minori581kimma","68",,,,"62","6",,,"3"
"13","Mến chào cộng đồng Dining Review,

Em là Thư — quản lý của RORU (50 Nguyễn Quyền, Nguyễn Du, Hai Bà Trưng, Hà Nội).

Nhân dịp kỷ niệm 2 năm, RORU sẽ tổ chức một sự kiện omakase đặc biệt mang tên **SEA TO COUNTER** — nơi hành trình nguyên liệu được bắt đầu từ biển và hoàn thiện tại counter.

Sự kiện lần này có sự tham gia của ba khách mời đến từ Nhật Bản: hai đầu bếp được vinh danh bởi Michelin Guide và Tabelog là Endo Norihito (Endo Ebisu) và Junji Akase (Aya Kichi), cùng với Fujimoto Junichi — ngư dân đầu tiên được trao giải Gault & Millau Terroir Award.

Trong khuôn khổ sự kiện, ngư dân Fujimoto sẽ trực tiếp ra khơi và tuyển chọn hải sản từ vùng biển Việt Nam. Những nguyên liệu này, cùng với hải sản và sản vật từ Nhật Bản, sẽ được hai chef xử lý và phục vụ tại omakase counter của RORU. Bữa tối cũng đi kèm với một số dòng sake Aramasa giới hạn được mang về từ Nhật.

**Thông tin sự kiện:**
• Thời gian: 12–13/4
• Khung giờ: 17:45 hoặc 20:15

• Set 20 courses: 6,000,000+ VNĐ/pax
• Đặt bàn: 0917 550 592 hoặc fanpage

Nếu anh chị đang tìm một trải nghiệm omakase có chiều sâu về nguyên liệu và câu chuyện phía sau, RORU rất mong có dịp được đón tiếp ạ.

#gioithieunhahang #diningreview","37",,,,"30","6",,"1","0"
"29","Fairmont Hanoi chưa khai trương chính thức mà trà chiều Fairmont đã hot rần rần rồi🤔
Mình vừa đi thử trà chiều tại Fairmont Hanoi số 10 Trần Nguyên Hãn - khách sạn 5 sao đầu tiên của thương hiệu Fairmont ở Việt Nam. Ấn tượng đầu tiên là không gian — đúng kiểu luxury mới, kết hợp Indochine và Art Deco, nhìn rất “quốc tế” nhưng vẫn có vibe Hà Nội.
Set mình chọn là Classic Afternoon Tea – 1.200.000đ/set.
Menu không phải kiểu khay 3 tầng truyền thống mà đi theo dạng multi-sequence (5 bước) giống fine-dining thu nhỏ.
.Mở đầu là savoury khá “đắt”: Wagyu + truffle, vị đậm và rõ umami
.Có cả refresher bưởi & yuzu để reset vị giác (chi tiết này mình thấy khá tinh tế khi thưởng thức)
.Phần bánh ngọt bất ngờ là ổn áp, vị cân bằng và ngon, cảm nhận được chất lượng trong món bánh
.Có cả yếu tố fusion nhẹ kiểu dừa lá nếp, khá thú vị
.Kết lại bằng scone – đúng bài trà chiều kiểu Âu
Cá nhân mình là người khá khó tính khoản bánh (có làm bánh nên hơi picky 😅) nhưng vẫn phải nói là bánh ở đây làm tốt.
Không gian thì khỏi bàn — rộng, sang, nhiều góc đẹp, kiểu đi trà chiều cảm giác xứng đáng với trải nghiệm của khách sạn 5 sao.
💭 Tổng thể:
 • Không gian: 9/10
 • Menu concept: 9/10
 • Vị bánh: 8/10
👉 Với giá 1tr2/set thì mình thấy khá hợp lý.
Câu hỏi thật:
Trong trải nghiệm của mọi người, các bác thấy trà chiều ở Fairmont có cạnh tranh được với Capella / Metropole / InterContinental không? 👀

#diningreview #hanoi #nangthuvathich","111",,,,"108","3",,,"7"
"2","MIZUMI WESTLAKE & REGENT PHÚ QUỐC: DẤU ẤN TỪ SỰ GIAO THOA ẨM THỰC 03 – 04 THÁNG 4 | TỪ 18:00 ĐẾN 22:00 

Giá chỉ từ 3.500.000 VND++/PAX, ưu đãi GIẢM 10% dành riêng cho thành viên nhóm Dining Review

Dưới bàn tay của Chef Francesco Andreoni – Bếp trưởng điều hành tại Regent Phú Quốc và Chef Hảo Phạm – Bếp trưởng điều hành tại Mizumi Westlake, từng tầng hương vị được dẫn dắt mượt mà, tạo nên một hành trình thưởng thức giàu chiều sâu và cảm xúc.

Lấy cảm hứng từ sự giao thoa của hai trường phái ẩm thực, thực đơn được xây dựng như một bản phối tinh tế giữa kỹ thuật, cảm xúc và dấu ấn cá nhân. Mỗi món ăn là sự kết hợp có chủ đích giữa nguyên liệu cao cấp và cách xử lý sáng tạo, nơi tinh thần Địa Trung Hải phóng khoáng gặp gỡ sự chuẩn xác của ẩm thực Nhật Bản hiện đại. Một trải nghiệm chỉ dành cho số ít, đặt chỗ ngay để giữ cho mình một vị trí trong buổi tối đặc biệt này nhé! 

Liên hệ đặt bàn qua hotline: 033.984.1805

#MizumiWestlake
#diningreview
#gioithieunhahang","26",,"2",,"21","3",,,"0"
"36","**ĐỈNH PHONG GRILLHOUSE - HÀ NỘI CENTRE** 

Giới thiệu với mọi người 1 địa điểm nhà hàng steakhouse mới mở ở Hà Nội Centre. 

Về chất lượng thịt ở đây thì được đảm bảo vì Đỉnh Phong có xuất phát điểm là 1 cửa hàng bán thịt bò cao cấp hơn 10 năm rồi, còn về không gian thì sẽ phù hợp với những người đang tìm 1 nơi cozy, sang trọng. 

Về dịch vụ thì các bạn phục vụ sẽ nướng cho mọi người hoàn toàn nên mọi người có thể yên tâm thưởng thức bữa ăn trọn vẹn 

Giá ở đây sẽ khoảng 500->800k/ người. 

Nhà hàng đang có CTKM tặng 1 phần thịt Wagyu cho nhóm đặt bàn 4 người trong tuần. 

------------------

Địa điểm: Millenial Square, Hanoi Centre, 175 Nguyễn Thái Học, Hà Nội 

Ảnh từ review của khách hàng ĐỈnh Phong. 

#gioithieunhahang #diningreview","74",,,"2","64","7",,"1","3"
"2","🌿 Trải nghiệm nhà hàng VINHO tại Seoul – Fine dining chuẩn “nghệ thuật vị giác”?

📍 Nhà hàng: VINHO (Korean Contemporary Fine Dining)
📍 Địa chỉ: Seoul, Hàn Quốc

💰 Giá: Tasting menu +  Wine pairing ~ 370.000 - 420.000 KRW/người (~7,4 triệu VND)

⸻

Mình vừa có dịp trải nghiệm VINHO – một nhà hàng fine dining Hàn Quốc hiện đại, nơi ẩm thực không chỉ để ăn mà còn để cảm nhận.

Điểm đặc biệt của VINHO là concept menu theo mùa, mỗi món là một câu chuyện gắn với nguyên liệu và văn hoá Hàn Quốc, nhưng được biến tấu theo phong cách rất hiện đại. Menu hôm mình ăn cực kỳ thú vị với các nguyên liệu cao cấp như: abalone, duck, hanwoo beef, caviar… kết hợp cùng các yếu tố bất ngờ như ginseng, perilla leaf, yuzu hay even pine nuts.

Không gian của VINHO cực kỳ yên tĩnh, sang nhưng không bị “cứng”, rất phù hợp cho một buổi tối trải nghiệm ẩm thực thật sự. Nhân viên phục vụ cực kỳ tinh tế, giải thích từng món rất chi tiết 

⸻

✨ Điểm cộng:
 • Concept rõ ràng, menu có chiều sâu và sáng tạo
 • Nguyên liệu cao cấp, kết hợp vị rất độc đáo
 • Presentation đẹp, tinh tế
 • Service chuyên nghiệp, chuẩn fine dining

⚡ Điểm trừ:
 • Một số món vị khá “kén người ăn” nếu không quen fine dining
 • Giá cao, phù hợp trải nghiệm hơn là ăn thường xuyên

⸻

Tổng thể, VINHO không phải là nơi để “ăn no”, mà là nơi để trải nghiệm ẩm thực ở level khác. Nếu bạn thích khám phá vị mới, thích kiểu Michelin / tasting menu thì nên thử ít nhất 1 lần.

#SeoulDining #diningreview #VinhoSeoul #MichelinVibes #FoodExperience","20",,,,"18","2",,,"2"
"22","Trà chiều Fairmont
Đi theo recommendation của chị Huyendao. Ko gian khá chill, selection đa dạng, gồm 4 loại mặn, 4 loại ngọt, madeleine và bánh vị chanh, kết bằng scone.  

Sở thích cá nhân thì mình thích bánh mặn hơn bánh ngọt, thích nhất vị gà + brie và ham & cheese. Sandwich bò wagyu hơi nhạt và m thích nhiều sốt hơn xíu cho nổi vị.

Bánh ngọt thì thích nhất cái su đậu phộng, thơm béo. Mình đạo socola nên hơi tiếc vì ko có vị socola nào trong toàn bộ selection, vốn thiên về vị hoa quả (chanh, dâu). Mình có gọi bánh socola ăn ngoài nhưng hết.

Scone ngon, ko bị khô và cứng vỡ răng như 1 số chỗ. Madeleine con gái khen ngon mà mình chưa kịp thử miếng nào, định mua riêng mang về mà được nhà hàng tặng luôn mấy cái take- away. Rất dễ thương.

Tiramisu gọi thêm từ nhà hàng Ý, vị ok, thơm mềm nhưng mình vẫn thích style núng nính tan chảy của Hyatt SG hơn.

Thích trà táo mà chỉ bán đợt 8/3, đợt này hết rồi.

Với sức ăn bth thì 1 set này 2 ng ăn là lặc lè đến tận hôm sau. 

#hanoi #Fairmont","113",,"1","1","107","4",,,"5"
"9","Xin chào ace Member Dining Review!

(nhờ Admin duyệt bài giúp)

Em xin phép chia sẻ giới thiệu địa điểm Terrace cạnh bờ hồ, uống rượu chill chill, giá cả nhẹ nhàng từ Vang ly 145k - 190k. Đồ ăn các món giá mềm từ 120k - 150k. 

Đặc biệt đang có Wine Hour siêu dài: từ 15h00 - 20h00 hàng ngày. Mua 1 tặng 1 với vang ly. 

Địa điểm: Link Bistro Khách sạn La Siesta Premium Lakeside.

Số 4 Bà Triệu.

#diningreview, #gioithieunhahang,","68",,"1",,"53","14",,,"5"
"8","HCMC - địa điểm số 1 về tapas với mình trong Sg là Tomatito. Món nào cũng vừa miệng, khẩu phần hào phóng. Cắt miếng nào cũng đầy đặn. Hôm nay ăn set lunch nhưng đủ no. Món chính ngon đều. Tráng miệng gọi riêng, rất ưng ý
#tapas
#saigon
#diningreview","29",,,,"25","4",,,"2"
"1","Casa Maria Ngô quang huy q2 
#dinningreview #saigon

Hnay vừa ăn xong là viết luôn rv quán tbn này cho nóng. 

Quán mở đc 9 tháng.

Gọi paella thịt gà, nấm, xúc xích: rất rất ngon nha, vừa ăn k bị mặn như món tbn các quán khác, lớp cơm cháy dưới đáy dậy mùi rất thơm. Quá ngon

Gọi mực chiên và vẹm, hai món này khẩu phần cũng bự nữa nên đi 1 mình cân nhắc gọi ít lại, thích hợp đi đông gọi nhiều món, hai món này nêm nhạt vừa ăn để tôn vị ng liệu chính. 

Nhân viên phục vụ nhanh lẹ tận tình mặc dù quán chỉ đếm thấy có 4,5 ng luôn chef. 

Có hình menu để tham khảo 

Recommend","16",,,,"14","2",,,"0"
"13","#diningreview
#visasignaturedeal

Đang có deal 50% của thẻ Visa Sig cho các nhà hàng sau. Em xin review có tâm của mng xem nên thử nhà hàng nào ở TP.HCM ạ?

Tre Dining có ổn ko mng? Mai em sang khu Thảo Điền nên định thử.

Cám ơn mng.","8",,,,"8",,,,"0"
"2","Pier Dessert
31/3 Nguyễn Văn Lạc, Bình Thạnh, HCMC

Hidden gem","29",,,,"27","2",,,"4"
"10","Một số quán ăn mình đã trải nghiệm ở Hokkaido:

**Sapporo Jingisukan Shirokuma Sapporo Honten (札幌成吉思汗 しろくま )**

Chuyên thịt cừu nướng trên chảo gang. Nhà hàng khá nhỏ, khách ngồi quanh counter, trước mỗi nhóm khách là đặt luôn một bếp gang để nướng nên khá khói và ám mùi. Lúc mình đến không đặt trước, nhưng do đến khá sớm nên họ vẫn nhận và sẽ được ăn trong vòng 1 tiếng. Mình gọi 2 loại thịt cừu thuộc vùng Hokkaido. Ăn khá mềm, không thấy mùi đặc trưng của cừu. Tổng quan ok nhưng cũng không quá wow, nếu phải xếp hàng để ăn thì theo mình không xứng đáng.

**Cremia **

Quầy kem nằm trên con phố mua sắm Tanukikoji Shopping Street, tên là The Soft Cream House. Trước khi đến Hokk, mình thấy trên mạng khen kem này nhưng lúc ăn cũng thấy bình thường.

**ESPRESSO D WORKS ココノススキノ店 - Pudding**

Quán cà phê đối diện Nikka Sign. Mình đi ngang qua thấy có bán pudding nên dừng lại mua. Đây là pudding ngon nhất mình từng ăn. Ăn 1 miếng mềm tan trong miệng, béo ngậy, ngon điên lên được!! Giá là 540 JPY/lọ, lọ thủy tinh, khá to.

**Nijo Market Sapporo Seafood Donbe**

1 bát tầm 2800-3000JPY. Sẽ cần ghi tên vào danh sách trước và chờ nhân viên gọi tên để order, sau đó chờ thêm để đến lượt vào ăn. Nếu bỏ qua bước order thì bạn mất lượt luôn. Nhưng mình thấy queue cũng khá nhanh. Cảm quan là hải sản ở Hokk tươi ngon, hạt cơm thì bt.

**Barnes **

Quán kem có đúng 2 loại, khoảng 990JPY/2 cái, rất ngon, kem béo ngậy. Tuy nhiên, quán hơi xa trung tâm xíu.

**SAPPORO NIKUAZABU**

Quán omakase thịt nướng với set của mình là 16 món, 5500JPY/set. Nên đặt bàn trước vì quán khá đông khách. Trong 1 set có cả gà, lợn, bò, nội tạng. Nhưng chỉ có 2-3 loại là wagyu mềm tan, còn lại cũng bt. Mình book quán này do thấy review cao trên Table Blog. Lúc vào thì toàn khách du lịch là cũng tự hiểu chắc sẽ không quá ngon (kiểu tourist trap). Nói chung là cũng ok, không tệ nhưng cũng không quá ngon.

**Nemuro Hanamaru Daido Seimei Sapporo Building miredo**

Sushi băng chuyền - Chờ siêu đông, lấy số đứng xếp hàng dài. Quán có các loại sushi và món ăn kèm cơ bản. Miếng cá thái dày, to. Giá cả ok. Hương vị ok.

**LeTAO - Otaru**

Tiệm bánh/cafe bán nhiều loại như cheesecake, cookies, kem, …. Ai đến Otaru cũng xách 1 túi Letao như kiểu “a must”. Hương vị các sản phẩm khá đồng đều. Mình thích cái bánh cookies có kẹp phô mai/sữa ở giữa.

**Matcha Sweets Shop SAWAWA Otaru**

Mình ăn kem matcha loại đậm. Khá ổn.

**Mrs. Sute's Ramen - ステさんラーメン**

**Yakiniku -  焼肉割烹 はじめ**

Địa chỉ quán Japan, 〒064-0804 Hokkaido, Sapporo, Chuo Ward, Minami 4 Jonishi, 4 Chome−13−2 第５グリーンビル ７階. 

**Hokkaido Ramen Ebisoba Ichigen Main Shop**

Xếp hàng lâu kinh, nhưng được cái ramen ngon, nước đậm đà, sợi dai vừa, gọi thêm 1 đĩa dumpling chiên nữa ăn cùng là no căng

**Orizzonte - イタリア料理 orizzonte (オリゾンテ)**

Quán pizza bài trí ấm cúng lịch sự với quầy pha chế ở ngoài cùng, sau đó là đến khu vực bếp và lò pizza với người đầu bếp Shota Tanaka  điệu nghệ đang đưa bánh vào lò. Hôm đó mình gọi 1 phần pizza đế mỏng nướng lò,  một phần steak wagyu mềm béo với mì uni.

**Ｃａｆｅ Ｂｌｕｅ**

Quán với phong cách farmhouse thiết kế rất đẹp, nằm gần cable treo lên núi Moiwa. Bánh và các món đồ uống cũng không có gì đặc biệt lắm.","41",,,,"38","3",,,"5"
"4","Cuộc dạo chơi vị giác tại phòng chờ (nhà ga chờ ) hạng Nhất của Lufthansa
Không gian k lấp lánh, quite luxury. Cảm giác như đây là private club hơn là phòng chờ. Khiến “hành khách” cảm giác như m đang là “thực khách” cbi trải qua hành trình ẩm thực mà lufthansa mang lại. 

Không ngoài mong đợi. Mình khẳng định đây chính là phòng chờ chuẩn “fine dinning” nhất, mang lại chất lượng ngon nhất trong tất cả các phòng chờ hạng Nhất. (So với Cathay nhỉnh hơn chút vì sự trình bày chỉnh chu)

Đồ ăn chỉ tập trung vào A la carte, buffet bar chỉ gồm bánh mỳ, coldcut dish, salad… chính vì thế chất lượng fine dinning thực sự đỉnh.

Có 2 set menu, 1 set menu theo mùa - 4 course  (cứ tầm 2-3 tháng sẽ đổi 1 lần, chủ đề hiện tại là “thức tỉnh hương vị mùa xuân” 😆) và 1 set menu chính. Mặc dù m đã tới từ sáng sớm và chơi cho tới tận chiều mới đến giờ bay. Nhưng set menu này cũng k đủ sức “thức tỉnh” gen trư bát giới trong con ng này. Nên k thể  thử hết tất cả các món. 

Mình bắt đầu buổi sáng sớm vs 1 ly champagne để đánh thức mọi giác quan trc khi hành trình vị giác bắt đầu.

Dạo đầu vs set breakfast mang hương vị Nhật Bản. Gồm 1 bát miso soup ấm nóng, sủi cảo Gyoza giòn rụm, nhân nhuyễn, vị tỏi đậm đà, ngon hơn sủi cảo truyền thống Trung Quốc rất nhiều. M định thử 1 spring rolls thôi để dành bụng thử hết tất cả các món, nhưng kế hoạch đổ bể vì mọi thứ quá ngon. Nên món nào m cũng ăn sạch. 🥹

Tiếp theo vẫn là 1 hương vị tới từ Châu Á, với soup Tom Kha Gai của Thái. Món này thú vị nhất vì ăn  kèm vs cái kéo ( để tự xử mầm non rau mùi) 😁. Tạo cảm giác một buổi sáng thanh bình thôn quê, vừa làm vườn xong vào ăn sáng. 

Tới main course, m sẽ thử 1 món trong menu chính là thăn bò rán. Điểm nhấn chính là mass potato trộn vs wasabi. Một sự kết hợp thú vị, khi sự cay nồng của mù tạt đã đc át bằng vị ngọt nhẹ của khoai tây nghiền.

M sẽ chốt thêm 1 món trong menu “thức tỉnh mùa xuân” trước khi đánh mất vị giác vì bội thực . 😋 

Đó là cá hồi Bắc Cực chiên chậm, ăn rất mềm, giữ đc vị tự nhiên, mọng nước, ít tanh hơn hẳn các loại cá Hồi khác m ăn. Ăn kèm vs trứng cá muối của nó, nâng vị béo ngậy hơn 1 chút. 

Tráng miệng trong menu này sẽ là ăn “biểu tượng của @lufthansa “. Đó là chú vịt làm bằng chocolate trắng và kem tươi. Nhìn bắt mắt k lỡ ăn, nhưng thực ra ăn cũng dở thật nên k thể ăn 😁. Quá đậm ngọt.

Chính thức hết hiệp 1. 😋 nghỉ 1 giấc tới buổi trưa mình thử thêm thăn cừu ướp tỏi rừng áp chảo. 

Mặc dù vẫn rất no, nhưng k vì thế món này kém đi sức hấp dẫn của nó. 🤤

Nhưng điểm nhấn của hiệp này, chính là cơm sushi chiên giòn. Một món đơn giản thôi, sao ở đây m thấy ăn cực ngon. 

Thử thêm 1 món desert nữa, nhưng cả 2 món tráng miệng ở đây chính là điểm trừ lớn nhất. Khi chúng đều quá béo và ngấy. 

#roundtheworld #vietnam #germany #frankfurt #tet2026","38",,,,"33","5",,,"1"
"2","Shio Omakase – TpHCM
Thấy Shio Omakase với view cầu Ba Son quá đẹp và có nhiều review tốt nên mình cũng quyết định đặt bàn trải nghiệm thử. Sau một buổi tối tại đây, mình thấy rất hài lòng với không gian và sự chỉn chu của nhà hàng.

​1. Không gian: 

​Nhà hàng nằm tại tầng 3 tòa nhà Mariana. Đúng như lời đồn, view ở đây cực kỳ đắt giá với tầm nhìn 360 độ bao trọn cầu Ba Son và sông Sài Gòn. Thiết kế tông gỗ ấm cúng kết hợp cùng các tiểu cảnh tinh tế tạo cảm giác thư thái, không hề bị ngợp. Ngay từ khi bước vào, mùi hương trầm thoang thoảng đã giúp mình cảm thấy rất nhẹ nhõm. Có lẽ ở Sài Gòn hiện tại, Shio và Sabi là hai cái tên sở hữu view Omakase đẹp nhất.

​Điểm trừ nhỏ: Nhà hàng không có nhà vệ sinh riêng mà phải dùng chung với khu trung tâm thương mại, hơi bất tiện một chút.

​2. Đồ ăn: Sự tinh túy từ những điều nguyên bản

​Món ăn ở đây không quá màu mè theo kiểu ""xịt vàng"" hay phun khói, mà tập trung vào sự giản dị để lột tả hương vị nguyên bản. Theo chia sẻ của Bếp trưởng, thực đơn sẽ thay đổi theo hoàn toàn từng tháng dựa trên nguyên liệu mùa nào thức nấy (đúng tinh thần Omakase).

​Khai vị: Mở đầu với tôm, mực đom đốm chiên giòn và hải sâm sốt Ponzu dùng kèm đậu hũ non nhum biển. Phần đậu hũ và nhum rất ngon, tuy nhiên cá nhân mình thấy hải sâm sốt hơi chua quá.

​Nigiri: Các miếng sushi (Nigiri) được trình bày đẹp như một bức tranh. Mình được thưởng thức cá mú Kue vùng Kinmedai và cá ngừ. Tuy nhiên, danh mục cá ở đây theo mình thấy thì chưa thực sự phong phú lắm.

​Những món ấn tượng nhất:

​Wagyu Katsu cuộn rong biển & Nhum biển (Uni): Vị béo đặc trưng của mỡ bò Wagyu hòa quyện với lớp vỏ chiên xù giòn rụm. Khi cắn vào, mỡ bò tan chảy quyện với vị ngọt thanh, béo ngậy của Uni làm dịu đi cái ngậy của đồ chiên, tạo nên hậu vị rất bùng nổ.

​Canh ""Phật Nhảy Tường"" phiên bản Nhật: Một bát canh đại bổ với các nguyên liệu quý như bào ngư, cua lông, lươn, vi cá và tinh hoàn cá tuyết (Shirako).

Bào ngư với sốt từ gan Bào ngư siêu ngon.

​Oden Otoro & Nếp ngải cứu: Món canh có cá ngừ béo Otoro ăn cùng nếp ngải cứu và trứng lòng đào Onsen, mang lại cảm giác ấm áp và vị thanh dịu.

​Cơm Signature: Sự kết hợp giữa gạo Koshihikari, nhum biển và trứng cá hồi (Ikura) tạo nên một ""bản giao hưởng"" béo ngậy, đậm đà vị biển.

Tráng miệng là bánh hoa anh đào và dâu tươi.

Hầu hết các nguyên liệu hải sản ở đây nhập từ Nhật. 

🍷Nước uống:Trong suốt bữa ăn nhà hàng có phục vụ 3 lần rượu miễn phí và nước trà nên cũng không phải tốn thêm phần nước uống

Set mình ăn hôm nay có giá 5tr650/ khách.

​3. Phục vụ: 

​Dịch vụ ở đây cực kỳ nhiệt tình. Các bạn phục vụ quan sát rất khéo, chủ động thay trà và khăn nóng liên tục. Điểm cộng lớn là nhân viên gọi khách bằng tên riêng suốt buổi ăn, tạo cảm giác rất thân mật.

​Dù Bếp trưởng không nói được tiếng Anh nên ít tương tác trực tiếp, nhưng các bạn trợ lý người Việt đã thay bác giải thích thành phần món ăn ,tuy vậy các bạn cũng không nói quá nhiều mà chỉ vừa đủ để tạo 1 không gian yên tĩnh cho khách. Nếu các bạn trẻ năng động thích náo nhiệt thì sẽ thấy hơi buồn ngủ.

 Đặc biệt, bác Bếp trưởng còn sở hữu bộ sưu tập ly Edo Kiriko mang từ Nhật về rất đẹp và tinh xảo. Khi ra về, bác còn ra tận cửa chào hỏi và bắt tay khách rất thân thiện.

​Tổng kết: Một bữa ăn thỏa mãn cả thị giác lẫn cảm xúc. Dù đồ ăn chưa có nhiều sự đột phá quá mới lạ, nhưng nhà hàng đã làm rất tốt việc giữ gìn cái tinh túy nguyên bản của nguyên liệu. Lượng món vừa đủ no, không bị đói khi ra về.

Set omakase cần đặt trước vì 1 ngày nhà hàng chỉ phục vụ 1 round bắt đầu từ 18h.

Địa chỉ nằm trên tầng 3A của tòa nhà Marina IFC Sài Gòn.

#omakase

#saigon

#tphcm

#diningreview","14",,,,"13","1",,,"2"
"19","#saigon #diningreview
Lunch set 700k/ng và nỗi thất vọng về

#Stoker woodfired grill & bar 

Hôm qua mình và bạn mình đi ăn trưa ở Stoker, mình là người đề xuất vì cũng save Stoker vào list nên thử ở SG cũng đã lâu, thế mà rồi trải nghiệm mang về thì thật tệ.

1. Phục vụ kém chuyên nghiệp

Bạn nhận order của mình sai cả 2 lần về nước và món. Xong cũng ko check lại order. Đợi lên món khá lâu xong lại còn sai ngay món khai vị, nên lại đợi tiếp, khá mất thời gian.

Đang ăn bạn có ra hỏi trải nghiệm, mình chê salad quá chua và thịt thì khô thì bạn chỉ giải thích là “sốt black vinegar nên thế”, còn thì cũng chẳng xin lỗi một câu. Mà quán thì có mỗi 2 bàn có khách thôi.

2. Đồ ăn tệ

Mình order 3 set lunch, đều top up thêm 180k x 3 phần steak vì đều kỳ vọng steak ngon, vậy mà 3 phần steak khô khốc, mình còn phải bỏ phần diềm ngoài vì khô quá, cắt còn ko nổi. Tụi mình lấy 3 loại sauce khác nhau để thử thì sauce tiêu và mù tạt ko phân biệt nổi, chỉ có chimchiri thì khác, nhưng cũng mặn chát.

Salad pickled khai vị thì ôi chao là chua gắt, mình thuộc hàng thích ăn chua mà còn phải nhăn mặt. 

Món duy nhất mình thấy ăn tạm là beef tartare, nhưng cũng ko đủ sức hút để đỡ lại những cái dở kia.

Cuối cùng thôi không biết khen gì thì mình khen fries đi kèm steak vậy, giòn và không cứng.

Trả bill 2 triệu 1 mà ước gì mình chọn El Gaucho thì có phải là đỡ bực mình rồi không 🥲","25",,,,"21","1","1","2","0"
"10","Hanoi- Samwonjung nhà hàng khá mới tại khu trung tâm. Rất đông khách, nên đặt bàn trước. Hôm qua lúc mình ăn là nhiều khách Hàn tới mà phải về vì không có bàn. Có vẻ uy tín. Ghẹ ngâm tương là món nên thử, ghẹ chắc thịt, rất tươi, ngấm nước ngâm. Ăn với cơm nóng là vừa, trộn cơm vào mai ghẹ ngon lắm. Thịt nướng cũng ngon. Panchan ở đây ít món nhưng chất lượng ổn, refill liên tục. Sạch, không bị mùi đồ ăn, trần cao nên ngồi dễ chịu. Giá cao
#koreanfood
#hanoi
#diningreview","39",,,,"38","1",,,"5"
"50","Hanoi - địa chỉ trà chiều mới tại Hn. Ks mới khai trương, trà chiều ngon hơn đứt các chỗ tại VN đã từng thử. Bánh ngon thật sự, scone vỏ giòn nhẹ, ruột mềm ẩm. Clotted cream béo và ngậy, chắc tự làm mới được thế. Ngồi dễ chịu, phục vụ dễ thương 
#afternoontea
#hanoi
#diningreview","125",,"1",,"113","11",,,"10"
"2","Bartels, new brunch spot in SG
#saigon #diningreview

Chỗ này mới mở chắc chưa lâu, rất rộng, vibe hiện đại ok. Mô hình ăn + cà phê. Bán bánh mì là chủ đạo.

 Gọi thử cf + bánh ăn ngon, cà uống ok. Recommend. 

Nằm trong toà nhà sonata, gửi xe hầm đi bộ thang thường lên cho lẹ.","14",,,,"12","2",,,"1"
"8","Cathay Pacific First Class
🌺 Đường bay : Hong Kong - Los Angeles 

🌺 Lounge: hiện tại Cathay Pacific có 3 First Class Lounge là The Pier, The Deck và The Bridge ( The Wing đang tạm đóng cửa để xây dựng) mà khi bay First Class hoặc là thành viên của liên minh hàng không One World Alliance có thể sử dụng.  First Class Lounge của Cathay Pacific tại Hong Kong luôn nằm trong top những First Class Lounge tốt nhất thế giới với dịch vụ massage body 15 phút miễn phí ( bạn có thể chọn giữa massage chân, massage cổ vai gáy ), khu phòng nghỉ ngơi riêng tư cho khách, một nhà hàng ăn dạng A la carte, khu buffet riêng , quầy Noddle Bar, phòng shower suite với bồn jacuzzi v..v và nhiều dịch vụ khác cho bạn trải nghiệm

🌺 Hard Product: mặc dù máy bay sử dụng đời khá cũ nên ghế cũng cũ và không có những tính năng hiện đại mới nhất nhưng nhìn chung ghế to rộng, ngồi nằm gì cũng rất êm và thoải mái, có cả massage lưng các kiểu nên khá là thích. 

🌺 Amenity kit : từ thương hiệu organic Bamford với những vật dụng chăm sóc da cơ bản. Mình thích cái túi, nhìn khá là stylish. Đặc biệt là bộ PJ organic cotton được tặng với màu xanh xinh xắn. 

🌺 Foods : phần ấn tượng nhất với mình là đây. Thực đơn nhiều, phong phú, có đủ các loại cao cấp từ bào ngư, trứng cá tầm, sò điệp, tôm hùm v..v... cho đến soup hầm chậm với nấm đông trùng, ốc biển siêu ngon. Tiếc là mình không ăn được nhiều để thưởng thức được hết thực đơn kết hợp của 2 nhà hàng Michelin với nhau. 

Cathay Pacific mà update máy bay mới thì mình nghĩ chiếc vé hạng nhất này sẽ vô cùng xứng đáng để trải nghiệm.

Chi tiết mình ghi ở từng hình ❤️","51",,,,"43","8",,,"2"
"2","HCMC - Dontam là nhà hàng Hàn kiểu hiện đại, không phải vừa ngồi là mang lên cả mâm panchan như mấy hàng Hàn truyền thống. Và không hề có mùi, không lo nguyên người bốc mùi thịt nướng và kim chi. Hôm nay mình ăn set lunch 490k/ pax. Ăn no, ngon, nấu chỉn chu, trình bầy đẹp. Menu gọi món nhìn lạ mắt, nhiều món hay ho và không thấy ở các nhà hàng Hàn khác. Nên thử, mời khách rất hợp lý
#koreanfood
#saigon
#diningreview","34",,,,"30","4",,,"2"
"9","Xin chào anh chị em trong group Dining Review,

Mình là Ngọc Anh, đại diện của La Chaîne des Rôtisseurs (La Chaîne) – một trong những hiệp hội ẩm thực quốc tế lâu đời và danh giá nhất thế giới.

Với hơn 25.000 thành viên tại hơn 80 quốc gia, La Chaîne quy tụ một cộng đồng đặc biệt gồm chủ khách sạn, nhà hàng, đầu bếp, chuyên gia rượu vang cho đến những người yêu ẩm thực thực thụ – những người không chỉ yêu, mà còn trân trọng những trải nghiệm tinh tế, cá nhân hoá trên bàn tiệc, và trên hết là được chia sẻ những khoảnh khắc đó cùng những người có cùng gu thưởng thức.

Tại Việt Nam, bạn có thể bắt gặp nhiều địa điểm quen thuộc trong cộng đồng La Chaîne như nhà hàng Cugini, 01 -wan- Tan Tan Ramen, Kobe Teppanyaki, P’ti Saigon… cùng nhiều nhà hàng và resort cao cấp trên khắp cả nước.

Tháng 3 này, La Chaîne sẽ tổ chức sự kiện đặc biệt chỉ diễn ra 4–5 năm một lần – **Grand Chapitre Vietnam 2026**: hành trình 4 ngày kết nối văn hoá, ẩm thực và tình bằng hữu quốc tế tại Đà Nẵng & Hội An từ 26 đến 29/03/2026. 

Đây không chỉ là một chuỗi sự kiện, mà là một hành trình được thiết kế chỉn chu – nơi mỗi bữa tiệc là một câu chuyện, mỗi điểm đến là một dấu ấn.

Chương trình quy tụ các đầu bếp uy tín trong nước và quốc tế, cùng sự đồng hành của những nhà cung cấp rượu danh tiếng như Warehouse, Sampan Rhum, Về Để Đi… mang đến trải nghiệm ẩm thực được nâng tầm cả về chất lượng lẫn cảm xúc.

**Một số điểm nhấn nổi bật:**

✨ Welcome Dinner tại Gypsy Rooftop (26/3)
Thực đơn 5 món phong cách Việt Nam đương đại bởi Chef Olivier Corti, trong không gian rooftop đầy cảm hứng giữa trung tâm Đà Nẵng.

✨ Cooking Class & Lunch tại STREETS International – Hội An (27/3)
Trải nghiệm nấu ăn và thưởng thức Mì Quảng tại trung tâm đào tạo ẩm thực phi lợi nhuận - nơi mang đến cơ hội nghề nghiệp cho thanh niên có hoàn cảnh khó khăn.

✨ Beachfront Induction Ceremony & BBQ Dinner – Fusion Resort (27/3)
Điểm nhấn quan trọng nhất của chương trình.
Mở đầu với canapés từ Đầu bếp ngôi sao - Chef Sakal Phoeung, tiếp nối là nghi thức kết nạp bên bãi biển – vừa trang trọng, vừa độc đáo.
Kết thúc bằng tiệc BBQ cao cấp với Wagyu, hải sản tươi sống cùng rượu vang và spirits tuyển chọn.

✨ Gala Dinner & Dance – Sheraton Grand Danang (28/3)
Đêm dạ tiệc với live band và khiêu vũ.
Thực đơn 5 course được kết hợp thực hiện bởi Chef Matteo (Sheraton) và Chef Nico Ceccomoro (Cugini, Hà Nội).

✨ Farewell Lunch – Le Comptoir (29/3)
Khép lại hành trình với ẩm thực Pháp tinh tế dưới bàn tay Chef Olivier Corti trong không gian nhà hàng được Michelin ghi nhận.

Ngoài ra còn có:
• Golf outing tại Hoiana Shores
• Distillery tour & tasting tại Distillery Indochine - xưởng chưng cất rượu thủ công đạt tiêu chuẩn Quốc tế ven biển Quảng Nam 
• Giao lưu, networking cùng hội viên đến từ khắp nơi trên thế giới.

Đặc biệt, La Chaîne hợp tác cùng hai đối tác chính thức là Sheraton Grand Danang và Fusion Resort Đà Nẵng, mang đến trải nghiệm lưu trú và di chuyển thuận tiện, đồng thời đảm bảo mức giá ưu đãi dành riêng cho khách tham dự chương trình Grand Chapitre.

Nếu anh chị em quan tâm, mình rất sẵn lòng gửi thêm thông tin chi tiết về chương trình, chi phí và cách đăng ký.

🎁 Ưu đãi riêng cho Dining Review: giảm 5% khi đăng ký qua mình (inbox nhé)

Hi vọng được chào đón mọi người tại Đà Nẵng tháng 3 này – một hành trình không chỉ để thưởng thức, mà còn để trải nghiệm và lưu giữ.

-----

Anh chị em có thể tham khảo thông tin chi tiết về chương trình ở link bên dưới ạ: 

[https://drive.google.com/file/d/1k0NH54j8hump6bcmgq-3mOOXGGBeFYlQ/view?usp=sharing](https://drive.google.com/file/d/1k0NH54j8hump6bcmgq-3mOOXGGBeFYlQ/view?usp=sharing)

-----

 #gioithieunhahang #diningreview #LaChaineVietnam #GrandChapitreVietnam2026","20",,"2",,"14","4",,,"0"
"4","","19",,,"2","17",,,,"0"
"7","[Taipei] 1 ngày ở Đài Bắc. 
----
😟 Thật lòng khuyên các bác là dịp Tết hay kể cả ngày thường ăn uống ở Đài Loan thì có book đc bàn trước thì hãy book bàn. Không muốn đi ăn không muốn xếp hàng thì dễ đói mốc mồm. Chợ đêm mở cửa như bình thường. 
1. Indulge Taipei 
Nhân viên thân thiện với ng nước ngoài, cũng tinh tế vì service lỗi tùm lum hôm đó. Nước ở mức tạm ổn. Đồ có cồn khá ổn nhưng cốc Mocktail của e đc nói là ngon hơn. Cốc này thơm mùi dừa, thiên chua ngọt nhẹ mà hơi nhiều đá. 
Thức ăn khẩu phần siêu nhỏ nên xác định gọi nhiều chút chứ như tụi em 2 người ăn 2 miếng là hết. Nêm nếm ngon nhưng bò hơi dai. 
Bạch tuộc tartare wasabi ngon nhưng cực ít. 
Nên đi tối menu đa dạng nha mn chứ đi chiều là ít món lắm. 
2. Quán đồ ăn bình thường gần Taipei 101. 
Em không nhớ địa chỉ nhưng thật sự là nó đông kinh khủng khiếp. Ngồi chờ đồ ăn giờ tối 40ph là chuyện bình thường vì có mỗi 1 ng đứng bếp thôi. 
河粉 ngon lắm, có mùi wok thơm kinh khủng nêm nếm vừa vị mà vẫn dai dai và khẩu phần quá đầy đặn. 
3. TWG Taipei 101
Nhiều lựa chọn về trà. Bình trà thật sự to tướng uống no bụng trà luôn. 
Truffle mushroom linguine 10 điểm thật sự. Không ngờ đi uống trà mà mì ý al dente, khẩu phần đầy đặn nấm, rau và nêm nến vừa vậy. Service thì 10 điểm và các đi mua trà ngay quầy thì các bạn sẵn sàng mở từng vị ra cho mình ngửi r mới mua. 
Ngay cùng tầng có Laduree và COVA em cũng thấy ổn nha mà đóng sớm hơn. 
#diningreview #taipei","10",,,,"9","1",,,"4"
"32","Post này vừa review vừa xin infor nhà hàng Omakase ở Tokyo 🥰
Quá ưng hàng Omakase này luônnn 🤍

Với kinh nghiệm lê la hầu hết các hàng Omakase ở HN thì tui xin phép cho nhà hàng vào fav list.

Tui ăn menu 1tr4 thui mà có cả Otoro, các loại nigiri ở đây cũng toàn cá chất lượng, rất ngon. Ngon từ khai vị đến tráng miếng, điểm trừ xíu xiu là miếng sashimi cắt hơi mỏng, cái nư của tui là phải miếng dày🥹, cơ mà với giá đó thì tui thấy quá hợp lý và xứng đáng rồi. 

Set 1tr9 trở lên sẽ có Uni nha, nhìn uni ở đây trông cũng ngon lém 😋 

Tóm lại là 9/10, sẽ quay lại.

Đây là Nanatsu ở Phan kế bính nhé mn

#dinner #omakase #review #sushi #hanoi #diningreview

Ps: nhờ anh chị trên hội Recommend cho e mấy nhà hàng omakase must try ở Tokyo ạ, em cảm ơn.","86",,,,"79","7",,,"15"
"7","Nhà hàng Basilico-Jw Marriott Sài Gòn.
Lâu rồi mới quay lại nhà hàng Basilico từ thời chuyển giao từ IHG cho Jw Marriott. Không gian được nâng cấp đẹp mới trẻ trung hơn.

Về đồ ăn. Hôm nay mình dùng bữa trưa tại nhà hàng Basillico. Thấy nhiều món mới hơn. Một số món cũ từ thời IHG vẫn được giữ. Giá cả cũng nhỉnh hơn xưa.

Khai vị với món Bruschetta Wagu là Sự kết hợp giữa thịt bò Wagyu nướng và kem phô mai Gorgonzola. Hành tây ngọt (onion jam) giúp tiết chế độ ngậy của thịt và phô mai, mang lại hậu vị thanh dễ chịu. Có lẽ món này là ngon nhất.

Kế đến là Insalata Basilico với sự kết hợp của sốt húng quế Tây cùng với sự đậm đà của Parma Ham cùng với tấm lúa mỳ và hạt hồ trăng tạo tạo độ giòn sần sật và bùi bùi rất thú vị khi nhai .Xốt húng quế tây là linh hồn của món ăn, tạo mùi thơm tươi mát hợp với cà chua bi và măng tây. Ăn khá ngon.Tuy nhiên mình đánh giá Parma Ham của nhà hàng không ngon. Thịt hơi bị khô,không thơm,thiếu đi tầng hương vị sâu và ngọt của thịt heo muối ủ lâu ngày,thớ thịt hơi dai.

Các món chính:

Mình đánh giá cao món cơm Ý hải sản và nhụy hoa nghệ tây có màu vàng óng đẹp mắt và thơm mùi saffron. Hạt risotto ngon,Cấu trúc hạt cơm dẻo, mềm bên ngoài nhưng vẫn hơi sần sật .Bếp nấu chuẩn al dente.

Món mỳ Ý cua nấu ổn thôi. Hơi ít thịt cua. Chưa để lại ấn tượng.

Món mỳ thịt vịt có lẽ là thất bại nhất. Sợi mỳ làm bằng tay ngon. Nhưng xử lý mùi thịt vịt chưa tốt nên còn hơi hôi rất khó ăn. Món này bọn mình phải trả lại Bếp.

Kết thúc với món Tiramisu. Món này trình bày đẹp. Bếp làm ngon hơn thời của Intercontinental. Lớp Mascarpone loại tốt mềm mịn béo nhẹ. Tuy nhiên hơi ngọt,đậm mùi rượu mùi quá. Mình nghĩ nên điều chỉnh giảm bớt sẽ okie la hơn.

Phục vụ: Nhiệt tình giải thích kỹ thành phần món ăn.

Tóm lại:  Với các món ăn thì mình chưa để lại ấn tượng. Các món ăn nêm nếm nhạt. 

3 người các món như hình hôm mình ăn là 2.5tr(có nước uống). Có đăng ký thành viên giảm 10%

#diningreview

#tphcm

#jwmarriott.","17",,,,"12","5",,,"1"
"21","Bài hơi dài, các bác chịu khó đọc chút! Nhà hàng này thì nằm trong khách sạn Sheraton, đi lên là thấy ngay bên tay phải ở sảnh vào. 

Vợ chồng muốn hâm nóng tình củm nên đặt thử set Valentines ở đây, ấn tượng đầu tiên là cực kỳ tâm lý. Nhà hàng có setup hoa hồng đỏ, kèm dịch vụ thư tay để mình nhắn nhủ mấy lời sến súa cho chồng (Đương nhiên nhân viên nhà hàng sẽ là người viết thay mình kk) điểm cộng cực lớn cho sự tinh tế.

Về đồ ăn (Cái này là quan trọng nhất này):
Mở đầu là amuse bouche Tartar Cua Tuyết, có thạch dâu tây và trứng cá muối đen nên ăn cảm giác thanh, có vị chua ngọt, chắc là để kích thích vị giác?
Súp củ dền có màu đỏ đúng theme tình yêu. Vị súp béo ngậy, ăn kèm với sò điệp Hokkaido áp chảo thơm nức và phô mai feta mặn nhẹ. Món này mình đánh giá là rất ngon, vị lạ.
Appetizer có gan ngỗng Terrine. Gan bùi, tan ngay trong miệng, ăn kèm với kẹo nấm truffle và xốt nam việt quất chua thanh để cân bằng lại độ béo. Khá là tinh tế! Chồng mình không ăn được gan ngỗng nên anh ko comment thêm.
Tôm hùm nấu chậm là main, như menu là nấu theo kiểu Sous vide, đây cũng là cách nấu khá phổ biến trong các nhà hàng fine-dining. Vì nấu chậm nên thịt tôm giữ được độ ngọt và mọng nước cực kỳ, không hề bị khô. Điểm nhấn là nước xốt laksa có vị khá mạnh.
Món mình thích nhất là thăn bò Wagyu nướng than hoa. Xin chef mang miếng bò to bằng cả cái đĩa mà chưa thấy kk. Miếng bò mềm như bơ, chín đúng độ mình yêu cầu, thơm mùi khói đặc trưng. Ăn kèm bí ngô nghiền và măng tây xào rất vừa vặn.
Tráng miệng tên Sweet Love, theo lời chef ở đây là chủ đề kiểu tình yêu rực cháy, kết thúc thì ngọt ngào. Mousse kẹo hạnh nhân kết hợp với parfait dừa và quả mọng, décor rất bắt mắt, chụp ảnh sống ảo thì hết bài.

Phục vụ & Không gian: Nhân viên ở đây rất biết việc, nhiệt tình và chuyên nghiệp. Không gian ấm cúng, view nhìn ra hồ Tây. 

Điểm cộng rất lớn nằm ở chef, rất ân cần, thi thoảng lại ra hỏi thăm xem khách có hài lòng với khẩu vị không, cảm giác rất được trân trọng.

Tổng kết: Đồ ăn ngon, trình bày đẹp mắt, không gian lãng mạn có hoa có thư sẵn sàng. Một lựa chọn ""an toàn"" cho các anh em muốn lấy lòng bạn gái mà không cần phải đau đầu lo chuẩn bị quá nhiều.","125",,"2","1","102","20",,,"13"
"4","Singapore Airline First Class Lounge & The Private Room
Đây là First Class Lounge yêu thích nhất của mình cho đến thời điểm hiện tại. Một điểm cộng cho hãng Singapore airline lounge là khi bay First Class, bạn có thể sử dụng First Class Lounge on arrival chứ không chỉ on departure như một số First Class Lounge khác. Chuyến bay mình từ Thượng Hải bay đến Singapore và mình còn một chuyến bay khác cùng hãng Singapore nhưng code vé khác nhau từ Singapore về Việt Nam, thời gian mình phải đợi ở sân bay là 8h. Do mình đã check kĩ và biết được mình có thể sử dụng First Class Lounge khi đáp tại Singapore và có thể sử dụng phòng ngủ (rest area) nên mình không book khách sạn mà quyết định sẽ ở lounge trong 8h quá cảnh để có trải nghiệm đầy đủ ở đây.

First Class Lounge được chia thành 2 khu riêng biệt, khu Silver Kris First Class Lounge và khu The Private Room. Khu Silver Kris First Class Lounge sẽ đông đúc hơn vì chỉ cần bạn bay hạng First Class của Singapore và các hãng partner Star Alliance của Singapore airline đều vào được, ngoài ra lounge còn dành cho các thành viên ( member) của PPs Club Member. 

Riêng khu vực The Private Room thì chỉ dành riêng cho những khách hàng bay hạng First/Suites của Singapore airline nên mọi thứ ở đây sang trọng hơn, đồ ăn ngon hơn, yên tĩnh hơn rất nhiều. Trong lounge The Private Room còn có phòng ngủ ( private nap room) với chiếc giường thần thánh giúp ngủ siêu ngon và thư giãn với chế độ điều khiển ""feature Tempur Zero-G beds with massage options"". Dù ở ngoài có ghi bạn được sử dụng phòng private trong 2h đồng hồ nhưng nếu không có khách hàng đăng kí sử dụng thì bạn có thể ở bao lâu tuỳ thích. Do bên khu Private Room rất vắng, ít khách và là nửa đêm nên mình đã ngủ 6h tiếng mà không thấy bạn nhân viên nào gõ cửa đánh thức. 

Foods: đồ ăn ngon và đa dạng, có 2 khu: khu nhà hàng A la Carte gọi món và khu buffet. 

Chi tiết mình ghi ở từng hình ❤️","70",,,,"63","6",,"1","0"
"0","HCMC - nhà hàng Ấn Dalcheeni tại Ngô Văn Năm, Q.1 được xếp hạng nhất nhì Sg nên đi thử. Nội thất thoáng và đẹp, không bị mùi đồ Ấn ám trong không gian (sợ khiếp cái mùi này). Mình gọi mấy món dễ ăn, tôm nướng rất ngon, thơm mà không nồng. Gà nướng mềm và mọng nước. Butter chicken là món phải thử, gà mềm mọng, xốt béo ngon, và không bị mùi nồng cari, dễ ăn cực kỳ. Chấm với rổ bánh Naan đủ loại ngon tuyệt. Tráng miệng thì ngọt quá so với mình nhưng kiểu nó thế
Phục vụ nhanh, đúng chuẩn. 
#indianfood
#saigon
#diningreview","17",,,,"16","1",,,"7"
"0","Soma Bangkok - 1 Hidden Gem
Địa điểm: Nằm trong Siam Patumwan House hơi ẩn mình một chút, kiểu vẫn còn cảm giác chưa hoàn thiện hẳn hoặc chưa sửa xong toàn bộ, nên nhìn bên ngoài khá lowkey

Menu ở đây không quá dài, ít món thôi nhưng có hình ảnh minh hoạ rõ ràng nên chọn món rất dễ, không bị overload và có thể xem trên web trước. Giá cũng ở mức có thể chịu được so với trải nghiệm dining kiểu sang và service chỉn chu. Mình đi 4 người bill tầm 5k bath

Đồ ăn nhìn chung ổn, fusion hiện đại, plating đẹp, vị nhẹ nhàng tinh tế. Tuy nhiên mình cảm thấy đồ hơi nguội, vị chưa kiểu wow so với hàng local

Nhưng highlight thật sự của SOMA là tráng miệng — dessert ở đây xuất sắc, kiểu ăn xong phải nhớ, đúng chuẩn kết thúc hoàn hảo của một bữa dining.

Một hidden gem đáng thử sớm trước khi quán nổi và đông hơn.

#diningreview

#SOMABangkok","18",,,,"18",,,,"5"
"0","Review các nhà hàng dimsum ở Quảng Châu 
Đến quê hương của các món dimsum, tất nhiên mình phải thử vài chỗ xem dimsum ở đây ngon cỡ nào. 

70% Hoa kiều ở nước ngoài là từ Quảng Đông-Phúc Kiến di cư đi, nên đa số các hàng quán, món ăn mà người nước ngoài biết đến là món Quảng Đông. 

Trung Quốc có 8 trường phái ẩm thực lớn đại diện cho các vùng khác nhau, trong đó món Quảng Đông nổi danh với sự tinh tế, chú trọng hương vị tươi ngon, thanh nhẹ nhưng đa dạng. Ẩm thực Quảng Đông lại chia thành 3 trường phái nhỏ là Quảng Phục, Triều Sán (tức Triều Châu), và Khách Gia (Hakka). 

Dưới đây là những chỗ mình đã thử và xác nhận là ngon. Đều có lịch sử lâu đời, có hàng đã kinh doanh hơn 100 năm, và có nhiều chi nhánh khắp Quảng Châu.

1. 陶陶居酒家 Tao Tao Ju Jiujia Đào Đào Cư Tửu Gia

2. 广州酒家 Guangzhou Jiujia Quảng Châu Tửu  Gia

3. 禄运茶居 Lu Yun Cha Ju Lộc Vận Trà Cư 

4. 莲香楼 Lian Xiang Lou Liên Hương Lâu 

Chi tiết về mỗi nhà hàng ở từng hình. 

#diningreview

#guangzhou

#quangchau

#dimsum","55",,,,"53","2",,,"15"
"0","","7",,,,"7",,,,"0"
"4","London - ăn gì trong 24 tiếng quá cảnh

Trong lần ghé London này thì mình tranh thủ ăn được ở những chỗ sau:

*/ Afternoon Tea ở The Beaumont Mayfair: trà ngon, food cũng ok. Cái scone với cream ngon nhức nách. 

*/ Savoy Grill: mục đích ghé chỗ này là để ăn thử Beef Wellington của Gordon Ramsey. Mình thấy nó cũng khá ngon (ngon hơn hẳn ở Hell Kitchen Las Vegas). Tuy nhiên cái mình ấn tượng nhất là món pomme puree. Tới giờ vẫn còn thèm hehe

*/ Blacklock Covent Garden: coi Youtube thấy ở đây có cái Sunday Roast khá đặc biệt. Ghé ăn thử thì thấy ngon thiệt hehe👍. Hy vọng sẽ có dịp ăn lại trong tương lai gần. 

*/ Cathay Pacific First Class lounge ở LHR: đồ ăn cũng ok (but still feel like lounge food) ko ngon bằng ở First lounge bên HKG.

*/ American Airline Flagship First chuyến LHR - LAX: đồ ăn khá chán (cái này thì mình cũng có lường trước).

#london
#diningreview","68",,,,"63","5",,,"8"
"18","Etihad (EY) The Residence - Một món quà Valentine đặc biệt 💕!

EY The Residence là hạng ghế duy nhất hiện nay trên thế giới cho bạn 1 phòng vệ sinh, 1 phòng tắm và 1 phòng ngủ riêng biệt! Và điều đặc biệt nữa là khi mua vé hạng The Residence, bạn có thể mua cho 2 người ngồi chung 😍 => Valentine 🎁 cho 2 người.

Nếu chỉ nói về food thì mình thấy food của EY The Residence tuy khá ngon nhưng ko gây ấn tượng cho mình bằng food của Lufthansa (First Class Terminal) hay là food của Japan Airline First (inflight dining). Nhưng nếu đánh giá toàn diện trải nghiệm nguyên một chuyến bay từ lúc mình đặt chân tới phi trường AUH cho tới lúc mình bước chân ra khỏi phi trường LHR thì đúng là bay EY The Residence là đã nhất ! Nếu bạn mua vé hạng The Residence làm quà Valentine thì mình tin chắc rằng cả 2 sẽ khá hài lòng ! 💕

#etihad","87",,,,"79","8",,,"2"
"2","Tiến phát : Dim Sum + các hệ mì cực ngon ở Q5
#dinningreview #saigon

Tình cờ bữa trước ghé ký hoà mì gia ở cách đó k xa thì đi ngang chỗ này thấy sao bu đen đỏ, hứa sẽ quay lại ăn thử. Ai ngờ dính thiệt. 

Quán k hề có chạy seed trên mọi mặt trận nha nên rất ít ng biết nhưng khi q5 chắc ai cũng biết. 

Full menu dimsum gì cũng có và rất ngon. 

Ở đây cũng full hệ mì hủ tiếu bún gạo các thứ, hnay mình thấy có hai món đặc biệt trong menu là mì cà ri dê với mì giò heo, pick cà ri dê trc vì lạ chưa ăn bao h.

Đúng thật cà ri dê ngon cực kì, nước cà ri cực kì thơm đậm đà, béo, dê hầm mềm rục cực ngon com bo với cọng mì đỉnh nữa. Dách lầu hảu xực lah 👌🏻. 

Dim sum k cần rì diu nữa 9.5 điểm luôn r dậy nha. 

Và quận 5 luôn có câu : tiền nào của đó :)).","21",,,,"20","1",,,"4"
"14","SINGAPORE AIRLINE "" THE SUITES"" - Hạng bay xếp trên First Class
Cho đến thời điểm hiện tại với những trải nghiệm mình có với các hãng bay thì có lẽ Singapore Airline hạng Suites là hạng bay có thể nói xứng đáng xếp trên hạng First Class vì những trải nghiệm luxury thật sự :

Căn phòng Suite & Double Suites : to rộng nhất trong các hãng bay với ghế ngồi riêng và giường riêng, cửa private riêng tư. Điều may mắn nhất cho mình là dù chỉ đi 1 mình nhưng mình được trải nghiệm Double Suites - là khi 2 Single Suite ghép lại với nhau thành một căn phòng như khách sạn trên không đúng nghĩa. Thông thường bạn chỉ có thể có trải nghiệm này khi bạn đi cùng một người khác, cả hai lấy 2 căn phòng sát nhau, hạ tấm chắn giữa 2 phòng và có thể mở rộng thành căn phòng Doube Suites. Trên chuyến bay chỉ duy nhất có 2 phòng Double Suites như thế này và may mắn đến với mình khi toàn hạng Suite bộ chuyến bay đều hầu như full, căn phòng trống duy nhất là căn phòng bên cạnh mình và cũng là căn phòng mở rộng ra được Double Suite. Thế là mình được offer sử dụng luôn cả 2 căn để có được những tấm hình xuất sắc hôm nay 😍😍😍. 

Ghế ngồi: ghế to rộng vừa phải, có các tính năng như đồ gác nâng đỡ giúp duỗi chân, ngồi khá là thoải mái êm ái. Điểm đặc biệt của ghế là bạn có thể xoay ghế đủ hướng bạn muốn bằng nút bấm control, giúp bạn điều chỉnh được tư thế ngồi xem phim thích hợp nhất. 

Ngăn/tủ đựng đồ: to rộng, đựng được khá nhiều đồ. 

Toilet: wow, đây là một điểm phải "" wow"" của Singapore airline hạng Suites - 2 toilet siêu to, có cả bàn ngồi trang điểm. Điểm trừ duy nhất là không có phòng tắm Shower Suite trên không như hãng Emirates. 

Foods : từ đó đến giờ mình luôn có cảm tình với đồ ăn hãng Singapore, tuy nhiên đợt này có lẽ mình đã lựa chọn sai khi lựa Menu Châu Á từ Thượng Hải với menu đậm tính vùng miền của Tứ Xuyên, đồ ăn dầu mỡ nhiều, sử dụng nhiều gia vị nồng và hạt the. Tổng thể là không ngon chút nào 😅. Biết vậy mình chọn thực đơn Châu Âu vì đọc thấy có tôm hùm, trứng cá Caviar, Waygu steak các kiểu 😂. Bởi vậy bạn nào có đi route Shanghai - Singapore này lưu ý nha. 

Service: nếu chấm một thứ 10/10, hạ gục mọi đối thủ hãng bay khác luôn thì với mình đó là Staff Member phục vụ khoang The Suite ngày hôm đó. Mình đã được nhận sự tiếp đón cực kì nồng hậu, nhiệt tình, chăm sóc khách hàng đúng nghĩa như thượng đế . 

Lounge : xuất sắc ! Có lẽ First Class Lounge tại Singapore là lounge mình thích nhất, thậm chí mình xếp trên cả Qatar First Class Lounge hàng đầu thế giới tại Doha, tuy nhiên mình sẽ viết một bài riêng vì em nó có tận 2 cái nên hình ảnh và bài chi tiết sẽ hơi dài.

Điểm duy nhất mình không thích là book vé này sẽ mang tính hên xui khá cao vì hãng Singapore khá là thích đổi aircraft vào phút cuối, hạng Suites này chỉ có ở máy bay A380-800, nếu không may mắn bị đổi máy bay sang loại 777-300ER hoặc A350-900 thì vé của bạn sẽ bị đổi thành First Class. Hiện tại theo một bài báo mình đọc thì hãng Singapore airline sẽ cắt dần các chuyến bay có sử dụng A380-800 ở các chặng bay ngắn ( đổi thành aircraft 777-300ER) vì quá tốn kém nhiên liệu cũng như khó lấp đầy khách.","200",,,,"181","16",,"3","13"
"16","Review các quán mì cua ở Thượng Hải 
Lần này ở Thượng Hải khá lâu nên mình quyết tâm tìm ra quán mì cua ngon nhất TH, lên mxh TQ tổng hợp được 15 quán, và đã ăn qua 11 quán. Món ăn này thực sự phải đầu tư cả về tiền bạc lẫn vòng eo đấy mn ạ, vì mỗi bát ít nhất 400k và rất nhiều calo. 😿 M ăn buổi trưa là no đến tối luôn. 🤣

Mì cua là đặc sản của vùng Giang Nam nên mn đến Thượng Hải, Tô Châu … nên thử 1 lần cho biết nha. Quán thích nhất mình để đầu tiên. Review chi tiết quán ở từng hình. 

1. 云和面馆 Yun He 

2. 裕兴记 Yu Xing Yi

3. 庄氏隆兴·蟹樽面道 Zhuangshi Longxing 

4. 蟹家大院 Cejerdary

5. 人和馆 Ren He

6. 蟹珍香 Xie Zhen Xiang 

7. 一面春风·本帮面馆 

8. 蟹伙计 Xie Huo Ji

9. 寄畅興 Ji Chang Xing 

10. 蟹尊苑 Xie Zun Yuan

11. 蟹叁寳 Xie San Bao 

Các quán còn lại m chưa có thời gian ăn, nhưng cũng khá nổi tiếng. 

成隆行 Cheng Long Hang 1 sao Michelin

蟹上黄 Xie Shang Huang

佳家汤包 Jia Jia Tang Bao 

李白Li Bai 

Để tìm quán trên Baidu hoặc Gaode map, mn copy tên quán bằng Hán tự thì mới ra kết quả chính xác nha. 

#diningreview

#shanghai

#crabnoodles

#crab

#china

#micua","106",,,"1","98","7",,,"26"
"0","ANA AIRWAYS FIRST CLASS "" The Square""
Đợt này do bị dính bão tuyết ở Mỹ nên thay vì được đi máy bay mới nhất The Suite thì mình bị đổi máy bay cũ, tuy nhiên trải nghiệm với ANA Airways vẫn rất tuyệt vời. 

Dù ghế đã cũ, nhìn không được "" đã"" mắt cho lắm nhưng phải công nhận mọi thứ còn lại của ANA airways hạng First Class không chê vào đâu được. Đồ ăn ngon, phục vụ tận tình chu đáo, ghế to và rất êm, đặc biệt là khi trải ra thành giường nằm lớp nệm nằm rất thích, mình đã có một giấc ngủ rất ngon trong suốt chuyến bay. Đợt này do khoang First Class chỉ có duy nhất 2 hành khách nên các bạn tiếp viên đã offer mình sử dụng 1 suite trải thành giường ngủ và suite còn lại dùng làm chỗ ăn. 

Chi tiết mình để từng hình❤️","84",,,,"75","9",,,"3"
"25","Tới Wa mà không ăn lẩu đậu non là thiếu đó nha 😍
Sushi ngon, pizza sushi ăn là ghiền liền.
Nhà mình 4 người ăn mà no căng bụng luôn á.
Bonus thêm bà chủ dễ thương cực kỳ 🥰

🎉 Deal OFF 500k – áp dụng đến 25/2/2026
Các ce lưu lại rủ nhau đi ăn liền cho nóng nhaaa 🔥
#diningreview","46",,,"1","43","2",,,"6"
"5","Yakiuo Ishikawa Thảo Điền
Không gian quán thiết kế theo kiểu hiện đại không quá to nhưng tạo ra sự ấm áp. 

Mô hình quán là kết hợp của Omakase,nướng yakiniku và Roll. Một concept khá hay được mua bảng quyền từ gia đình Ishikawa tại Chợ Tsukiji một phong cách ẩm thực đột phá thay thế thịt bằng hải sản sashimi, khai sinh ra khái niệm “Meatless Yakiniku"" .

Set mình ăn là set Sanshokudon. Trong set này mình thích nhất món cơm 3 màu với 3 nguyên liệu hải sản béo mặn ngọt của Uni,trứng cá hồi và bụng cá ngừ Otoro. Linh hồn của món này là cơm giấm đỏ được ủ lâu năm với vị chua thanh hơn giấm trắng, giúp cân bằng hoàn hảo độ béo ngậy của Uni và bụng cá ngừ Ottoro.

Sau đó phải kể đến dĩa 7 loại hải sản nướng bao gồm gáy và má của cá Ngừ, cá Chình,cá Nóc hổ, ốc ngọt,cá Chẽm hồng và cá Mú. Tất cả các loại cá này đều nhập từ Nhật và dry aged làm cho các thớ thịt cá ngọt đậm đà hơn. Bếp sẽ trực tiếp nướng tại bàn .Hầu hết các loại cá béo chỉ được nướng trong vài giây để cháy cạnh, giúp dậy mùi thơm nhưng bên trong vẫn giữ được độ tươi như sashimi và được ăn với cơm giấm đỏ. Trong dĩa 7 loại hải sản này mình thích nhất thịt gáy cá ngừ , thịt cá Chình và cá Chẽm hồng ướp chút muối tiêu cho thịt cá thêm đậm đà. 

Ngoài ra dĩa salad chấm các loại phomai nóng  cùng mắm cá ruột Ngừ và cá tuyết cũng rất tuyệt vời. Món này vừa ăn vừa uống với ly Sake ổi của quán thì không còn gì bằng!

Ngoài set Omakase bọn mình có thử thêm món mới của quán với tủy xương bò nướng ăn với thịt cá ngừ sốt cay phong cách Surf & Turf  cũng thú vị lắm.Vị thơm béo tan chảy của tủy bònướng, kết hợp với vị ngọt của cá tươi và chút cay nồng đọng lại nơi đầu lưỡi.

Cũng nên thử món Roll của quán với bụng cá ngừ Otoro và trứng cá Caviar 12 năm tuổi.Sự kết hợp giữa mỡ cá ngừ nướng và trứng cá tầm tạo ra một vị ngọt béo kéo dài rất lâu ở hậu vị.

Không gian ăn các món Roll ngồi ở bên ngoài nhà hàng nhìn xe cộ đi lại trên phố Xuân Thủy cũng khá chill.

🌼Nhìn chung quán mang lại sự hài lòng với không gian đẹp,đồ ăn ngon,phục vụ cũng chu đáo. Bếp cũng giải thích trong giới hạn vừa đủ cho khách,không nói quá nhiều nhằm tạo sự riêng tư cho khách.

Địa chỉ: 79 Xuân Thủy,Thảo Điền.Quận 2,TpHCM.

#diningreview

#tphcm

#omakase

#roll","40",,,,"30","9",,"1","4"
"1","Monarque – Montreal, Canada

Một quán ăn được Michelin Guide gợi ý, phù hợp cho một chuyến đi vội vã, không kịp book quá nhiều nhà hàng. Monarque mang phong cách Pháp cổ điển, không phô trương nhưng rất chỉn chu — kiểu vào là biết mình sẽ có một bữa ăn an toàn, chất lượng.

Không gian đậm chất Paris: trần cao, ánh đèn vàng ấm, gỗ tối màu, sang vừa đủ và khá dễ chịu.

Món mình ăn:

- Pate gan & bánh mì: Pate mịn, béo vừa, vị gan rõ, ăn cùng bánh mì giòn rất hợp. Mở đầu nhẹ nhàng, đúng chất Pháp.
- Đùi vịt: Thịt mềm, tách xương dễ, da làm tốt, vị đậm vừa phải. Một món cổ điển, chắc tay.
 - Beef tartare: Thịt bò tươi, cắt đẹp. Món này mình đặc biệt thích vì kiểu flavour explosion. Dù đa tầng vị, nhưng độ ngọt của thịt vẫn không bị át bởi gia vị. Ăn cùng khoai tây lát mỏng rất ổn.
- Tuỷ bò: Riêng món này thì mình không đánh giá cao. Vẫn còn mùi hơi tanh, cảm giác khử mùi chưa tới nên ăn không được “đã” như kỳ vọng.

Tổng thể bữa ăn không phải kiểu sáng tạo gây wow, mà là làm đúng – làm chuẩn – làm an toàn. Một lựa chọn hợp lý khi lịch trình gấp nhưng vẫn muốn ăn một bữa Pháp chỉnh chu.

Tổng quan đánh giá:
Không gian: 8,5/10
Món ăn: 8/10
Service: 9/10

Một địa chỉ đáng cân nhắc tại Montreal, đặc biệt với những ai yêu ẩm thực Pháp cổ điển và muốn một trải nghiệm tốt, vibe dễ chịu, và an toàn.","22",,,,"19","3",,,"0"
"0","","7",,,,"6","1",,,"0"
"4","[Review nhà hàng omakase dessert ở Tokyo]

Nếu bạn thích các món tráng miệng ngọt ngào…

Nếu bạn thích omakase, cảm giác được phục vụ những thứ mà ko biết sẽ là cái gì 😆

Nếu bạn lại thích cả rượu 🤭

…. thì Haruka Murooka chính là nơi dành cho bạn. 

Cô chủ quán xinh đẹp chỉ phục vụ đúng 6 khách cho 1 menu toàn các thể loại đồ ngọt do cô chế biến ngay trước mặt khách, đảm bảo độ tươi mới. Menu thay đổi theo từng mùa trái cây, lại double sự tươi mới. Có thêm option wine pairing ạ. 

Có menu dài và menu ngắn. Mình tham nên chọn menu dài, kết quả là đoạn cuối phải ăn cố 🫠 mặc dù đã nhịn ăn từ sáng nhưng lượng đồ ăn khá nhiều. 
cũng ngại ko bỏ mứa vì thấy chef làm kỳ công quá, chef vẫn đang đứng chình ình trước mặt. 🫣

Nên mn đi thì chọn menu ngắn là đủ rồi nha. Quán chỉ phục vụ set omakase theo menu đã lên sẵn, ko có gọi lẻ được.

#diningreview
#tokyo
#dessert
#harukamurooka","31",,,,"29","2",,,"3"
"6","Review Cafe Dior Tokyo 
Cách đây nhiều năm mình có thử Cafe Dior by Pierre Herme - cộng tác giữa nhà mốt Pháp và 1 nhãn hiệu đồ ngọt cũng rất nổi tiếng của Pháp. Tráng miệng ngon cực kỳ khiến m nhớ mãi.

Sau này thì collab với Pierre Herme chấm dứt, Dior chuyển sang hợp tác với Anna Sophie-Pic, 1 chef nữ kỳ cựu người Pháp với bst chắc chục cái sao Michelin. Tất nhiên bà ấy chỉ cho mượn cái tên và có thể tư vấn menu. 

Mình cũng ráng mò tới xem làm ăn thế nào. Nhìn menu toàn món lạnh là chán rồi, tủ bánh trông ko hấp dẫn (mình còn chẳng thèm chụp cái ảnh nào). Order 1 cái ăn thử thì quả nhiên còn ko bằng những quán bánh tây mình hay ăn ở VN.

Tóm lại là không cần tốn tiền cho chỗ này ạ.

#diningreview

#tokyo

#dior

#christiandior

#cafedior","36",,"1",,"31","4",,,"5"
"7","Review nhà hàng, bar của Gucci ở Nhật Bản 
Cùng với làn sóng các luxury house mở nhà hàng, cafe để bào thêm tiền của khách, Gucci cũng mở 1 nhà hàng ở Tokyo và 1 quán bar ở Osaka. 

Nhà hàng Gucci Osteria ở khu Ginza sang chảnh ở Tokyo, mặc dù được 1 sao Michelin nhưng đồ ăn rất bình thường. Nhà hàng nằm trong 1 toà nhà chật hẹp nên không có được cảm giác sang trọng cần có. Mặc dù cũng trang trí theo concept Gucci đấy nhưng việc nhân viên (mặc đồ còn đẹp hơn khách 🥺) cứ đứng nhìn lom lom 😳 khiến việc chụp ảnh check in không thoải mái lắm. 

Gucci còn mở 1 quán bar ở Osaka - cái thứ 2 trên toàn thế giới (cái đầu tiên ở Florence Ý). Quán bar tên Gucci Giardino, thiết kế rất đẹp và sexy, cảm giác choáng ngợp 🥹😍. Cocktail ngon, từng món đồ uống còn dc kết hợp đồ nhắm để tôn vị giác lên. Bartender đẹp trai, mang từng món ra còn quỳ dưới chân khách để giải thích món, ánh mắt đắm đuối đa tình khiến khách chưa uống đã say 🤣

Ai có dịp ghé Osaka nên thử nha. 

#diningreview

#osaka

#tokyo

#gucci","47",,,"2","41","3",,"1","4"
"3","Review nhà hàng Prada ở Thượng Hải 

谜尚PRADA荣宅

Thực ra mình đến nhà hàng này cũng không mong đợi quá nhiều sau trải nghiệm nhà hàng của Dior với Gucci không ngon chút nào ở Tokyo. 

Mà thực tế thì đồ ăn cũng không đến nỗi nha. Nó không đậm đà như 1 nhà hàng món Ý thực thụ, nhưng tổng quan các yếu tố thì là 1 lựa chọn đáng thử. 

Nhà hàng nằm trong 1 biệt thự trăm năm tuổi ở trung tâm Thượng Hải được thiết kế lại theo thẩm mỹ của Prada với sự tư vấn của đạo diễn lừng danh Vương Gia Vệ. 

Mn muốn đặt thì vào app Wechat tìm 谜尚PRADA荣宅 có tiếng Anh. 

#diningreview
#prada
#shanghai
#mishangrongzhai","50",,,,"46","4",,,"2"
"3","📍 Uogashi Nihon-Ichi Standing Sushi Bar
Địa chỉ: Nishishinjuku, Shinjuku-ku, Tokyo – gần Shibuya Crossing.

Mình không gọi omakase. Nhưng bữa sushi đứng này lại được đối đãi như omakase thật sự.

Ghé quán vào khoảng gần 9h tối. Mô hình tachigui sushi (ăn đứng tại quầy), rất ít chỗ, sushi làm xong là đưa ra ngay.

Dù là chuỗi có vài chục cửa hàng trên khắp Nhật, trải nghiệm tại quầy hôm đó vẫn rất cá nhân: nhịp bếp đều, không vội.

Những chi tiết đúng nghề:

 • Trên quầy set sẵn: gừng – wasabi – dấm – trà matcha tự pha

 • Súp miso nóng: vị đậm vừa, không gắt, uống là ấm bụng ngay.

Cá: cá béo ngọt nhưng không ngấy; cá trắng chắc thịt, sạch vị; unagi và trứng cá lên vị gọn.

Shari giữ nhiệt tốt, giấm vừa tay, không lấn vị cá – điểm cộng lớn với một quán nhịp nhanh.

Khi quầy đứng thành omakase

Bếp chính là người Việt. Chỉ nói: “Anh cho em ăn món ngon nhất.”

Menu không còn quan trọng; bếp tự chọn cá theo nhịp ăn, có món ngoài menu, có món thêm.

Không gọi tên, nhưng cách phục vụ và sắp nhịp đúng tinh thần omakase: tin bếp – ăn đúng khoảnh khắc.

Bất ngờ: voucher giảm 30% được áp dụng thẳng cho chính bữa ăn đó, không báo trước.

Giá & kết

 • Bill cho 2 người: 1.7 triệu – hợp lý so với vị trí trung tâm và chất lượng cá.

Sushi ngon không nằm ở tên quán hay số chi nhánh.

Nó nằm ở khoảnh khắc bạn ăn miếng đầu tiên và muốn ăn tiếp miếng thứ hai.

#TachiguiSushi

#StandingSushiTokyo

#DiningReview","46",,,,"40","5",,"1","5"
"6","01 -wan- Tantan Ramen
Nếu nói về mỳ ramen mình thích nhất Hà Nội, lựa chọn đầu tiên nảy lên trong đầu luôn là 01-wan-Tantan Ramen. 

Ngay từ lần đầu đi ăn khi còn quán ở Đào Tấn đã rất ấn tượng bởi cái không khí khác các quán ramen hay thấy, thay vì tông màu decor vàng ấm truyền thống thì lại mang sắc thái hiện đại hơn với màu đen chủ đạo và bậc nhạc jazz rất chill. 

Mỳ thì khỏi nói, nước dùng đậm đà, béo ngậy và rất đặc trưng chưa thấy ở quán nào khác. Không chỉ mỳ ramen xuất sắc mà các món ăn kèm như gà chiên, hoành thánh, thịt băm, curry hay đậu sốt… đều rất ngon. 

Vậy nên khi biết 01-wan kết hợp với Hiệp hội ẩm thực Chaîne des Rôtisseurs Bailliage du Vietnam (gọi tắt La Chaine) để tổ chức sự kiện ẩm thực “Ramen - The Art” với số lượng khách mời giới hạn, mình đã đặt ngay không phải đắn đo.

Thú thực thì ban đầu mình cũng khá tò mò, vì ramen dù ngon đến mấy cũng là một món ăn mang tính chất đường phố, ăn nhanh và khó tưởng tượng cách nó đặt vào một hệ sinh thái dạng fine dining, với bữa tối kéo dài khoảng 3 giờ đồng hồ tính từ món khai vị.

Nhưng thực sự kết quả lại mang lại bất ngờ, bởi cách chef khách mời Ryo Ozawa thiết kế bữa ăn quá thú vị và hợp lý. Bữa tối được sắp xếp theo thứ tự  món nhẹ - khai vị - món chính - ramen - tráng miệng, và đặc biệt là mỗi món đều có các loại đồ uống đi kèm mang đậm phong cách Nhật Bản.

Hoa hậu của buổi tiệc là wagyu, khi loại thịt bò này được xuất hiện nhiều lần với các hình thái khác nhau. Ngay từ phần khai vị, wagyu đã được xử lý theo ba trạng thái: sống - tái - chín, lần lượt qua tartare, tataki và taco cup. Mỗi món chỉ là một miếng nhỏ, nhưng đủ để cảm nhận rõ sự khác biệt về kết cấu, độ ngọt. 

Đi kèm là caviar Vanta Black và nước dùng dạng thạch - vừa mang tinh thần fine dining, vừa đóng vai trò cầu nối giúp vị béo của wagyu không bị nặng nề.

Wagyu cũng xuất hiện trong món chính ramen, khi thịt lợn xay được bằng wagyu băm, bổ sung wagyu shabu shabu và một lớp foam parsley để tạo cảm giác fine dining. 

Thú thực rằng món này nếu mình ăn lần đầu thì sẽ rất thích - như nhiều thực khách khác hôm đó. Nhưng do là khách quen của quán và không quá xa lạ với vị nước dùng đậm đà, béo ngậy nên với mình món chính không quá nổi bật.

Thứ ghi điểm hơn là Xá xíu Nhật sử dụng chính sốt xá xíu hòa cùng nước kho bào ngư kiểu Nhật làm nền, ăn cùng trứng ngâm tương và khoai tây nghiền rất mềm, ngon và đậm vị. 

Phần wine pairing cũng cực kỳ xuất sắc, với lựa chọn có chủ đích cho từng món: Từ ăn nhẹ lúc đón khách với bia Sapporo giải khát, tới khi sự kiện bắt đầu với ba chai sake được lựa chọn theo một logic rất rõ ràng: từ ngọt nhẹ kích thích vị giác, sang Izumibashi Black Dragonfly Junmai Kimoto uống nóng để tôn vị thịt, rồi kết thúc bằng một chai Sanuki Cloudy Nigori như sinh ra để đi cùng mì Tantan.

Theo đại diện nhà hàng, lựa chọn Nigori để đi kèm mỳ bởi đây là dòng Sake đục, creamy, nhiều umami, acidity cao - phù hợp tuyệt đối với mì Tantan: Acidity cắt béo nước mỳ, sự creamy của rượu hòa vào độ creamy và cay của nước dùng… 

Dessert sử dụng vỏ bánh monaca truyền thống Nhật, đậu đỏ, đậu trắng, kem vani, caviar và dầu truffle cũng được chọn kết hợp cùng whisky Nhật ủ sherry cask: đủ ngọt cho kem, đủ “gỗ” cho umami của nấm và nối ngọt-mặn của kem với caviar.

Bên cạnh sự chu toàn trong thiết kế menu, trải nghiệm cũng rất thú vị với việc gặp gỡ những người bạn mới chung sở thích ăn ngon và mở rộng quan hệ trong bữa tối. 

Đây là lần thứ 2 mình dự một sự kiện ẩm thực của Hiệp hội La Chaine và rất ấn tượng với sự chỉn chu: từ thực đơn được in đẹp mắt, phần hình ảnh được chăm chút với thợ chụp ảnh riêng cho tới màn review, đánh giá tổng thể bữa ăn sau khi món tráng miệng kết thúc. 

Và màn trao tặng bằng khen của Hiệp hội cho các thành viên làm nên bữa ăn, không chỉ chef, đại diện nhà hàng mà cả các nhân viên phục vụ - những người thầm lặng đứng sau thành công của một sự kiện. 

Không cố biến ramen thành một thứ xa lạ với chính nó, “Ramen - The Art” chọn cách đặt món ăn quen thuộc này vào một không gian chỉn chu hơn, có thêm chiều sâu về nguyên liệu, pairing và trải nghiệm. Khi rời bàn ăn, cảm giác còn lại không phải là sự choáng ngợp, mà là sự thuyết phục rằng ramen hoàn toàn có thể bước vào một bữa tiệc dài mà vẫn giữ được linh hồn rất riêng của mình.

#Diningreview #Hanoi #01wantantanramen","117",,"1",,"96","18",,"2","12"
"6","Bocao basque izakaza - Nhà hàng TBN view sông landmark 81.
Nhà hàng mới mở ngay rìa sông SG có cái view phía sau ngắm ra sông sg + landmark 81 cực chill. 

Tới nơi hơi thấy bất ngờ khi cửa vào là bếp k có ghế, nhung đi sâu ra sau thì hiểu là trái tim nhà hàng nằm ở đằng sau kế sông view landmark 81.

Review nhanh đồ ăn mọi món đều ngon, mình gọi

Tuna

Nấm

Bánh foca với bơ 

Ngêu

Sò địp

Bạt tục

Tất cả điều ngon. 

Giá có hơi cấn giá lon coca 75k? 

Tổng biu 1.4 củ một mình em ăn hết đống này 🙂","17",,,,"15","2",,,"2"
"2","Ẩm thực Mê Hi Cô tại California, Texas, Arizona (Mỹ)
Món ăn Mê Hi Cô chính gốc phản ánh giao thoa văn hoá giữa Tây Ba Nha và thổ dân châu Mỹ.  Đặc điểm rất phong phú, đẹp mắt nhưng rất nhiều năng lượng. Tại Mê Hi Cô khẩu phần ăn lượng rất vừa phải, hợp thể trạng người Việt. Nhưng  tại Mỹ, khẩu phần này tăng lượng lên gấp 3, để phù hợp văn hoá tiêu dùng của ngưởi Mỹ. Món phổ biến: Enchilada, nachos, burito, …","10",,,,"10",,,,"0"
"16","Hanoi - menu Hanoi của Kappou giá hợp lý, tầm 2,8 triệu/ pax, rất ngon. Mình ấn tượng nhất đậu phụ làm thủ công từ hạt macca ở đây. Mềm mịn, béo, rất ngon. Trứng hấp gan ngỗng tan chảy trong miệng. Món bò nướng chấm muối kiến thơm, hơi tê tê khá thú vị. Tráng miệng rất ngon. Không thể bỏ qua. Tiếp khách hay hẹn hò đề phù hợp, view hồ lãng mạn
#omakase
#Hanoi
#diningreview","79",,"1",,"70","7",,"1","4"
"4","[Food tour HN] cận Tết
Lại là em đây 😟 thật sự càn quét kinh khủng mỗi buổi tối. E xin phép viết ngắn gọn thôi. 
----
1. Lẩu Phiêu, Bà Triệu
Không gian ấm cúng, giản dị. View nếu ngồi cửa sổ đẹp nhìn ngay ra ngã 3. 
Salad nộm hoa chuối cực kì ngấm, ăn chua ngọt vừa vì và tươi. 
Nước lẩu riêu ngon, dùng quả dọc nấu chua đặc trưng. Em thích điểm này vì dùng me hay sấu thì sẽ khiến nước dùng màu sẫm lại. Đồ nhúng thì ổn không quá đặc biệt nhg HN se lạnh hôm đó ăn cực đã. 3 người 900k. 
--
2. Pizza 4P Vincom Phạm Ngọc Thạch, IPH Xuân Thủy. 
Em đi 2 bữa nên thử đc 5 món. 2 món salad rau tươi sốt ổn, nổi vị nhg điểm trừ là là xà lách to tướng + dụng cụ trộn nên vừa ăn vừa cắt hơi phiền 😂 Salad cá hồi bơ, phô mai ricotta với bưởi, thì là tạm ổn nhưng ricotta hơi lạc quẻ không hiểu món này lắm. Mì ý cua ngậy, khẩu phần đầy đặn rõ mùi cua nên e thấy ổn. Cá hồi tartare với bơ thì cá hồi ko tươi nhg em thích cách trình bày, sự kết hợp của các loại rau, herb có vị hơi tê, thơm nhẹ.
Pizza em không ấn tượng nhiều vì phô mai + honey xưa nay chưa phải gu em. Service ổn, các bạn nhiệt tình, nhanh nhẹn. 
Không gian em thấy ổn nha trời lạnh ngồi quầy cũng OK. 2 bill tổng 1tr5-1tr6 gì đó. 
--
3. Ghisa KBBQ, Mễ Trì trong khu the Manor. 
Em thích tất cả các banchan trong này trừ bánh gạo (nguội, cứng) và salad hoa quả sữa chua (nhạt, em ghét salad hoa quả) còn lại kimchi, salad bạch tuộc, đồ ngâm đều ngon, tươi. Em ấn tượng cả món canh kim chi nóng hổi trong đó 1 đống thịt bò mềm tan nữa. 
Thịt ba chỉ với rau củ thì tạm ổn nhưng cái ngon nhất là dẻ sườn bò nó mềm tan trong miệng luôn. 
Tổng bill 900k - 2 người nhg hqua nhà e ăn cố, suất này phải đủ cho 3. Nhân viên nướng thịt cho mình tất chỉ ngồi ăn th. 
#diningreview #hanoi","44",,,,"38","6",,,"9"
"2","Sushi Riku [すし陸] 
📍 Địa chỉ: 1F Ando Building, 4-9-30 Minamiaoyama, Minato-ku, Tokyo
🍣 Omakase Course – ¥15,000

Không gian & cảm giác ban đầu

Sushi Riku là một nhà hàng omakase rất nhỏ, chỉ khoảng 9 chỗ ngồi, không gian tối giản đúng kiểu Nhật. Do không đặt kịp buổi tối nên mình chọn suất trưa, và thực tế đây lại là một lựa chọn khá hợp lý.

Ở Tokyo, đa phần các quán omakase đều cần đặt trước nhiều ngày, nhất là buổi tối. Mình đến sớm hơn giờ mở cửa và phải đứng chờ bên ngoài. Đúng 12:00 trưa, nhà hàng mở cửa rất đúng giờ.

Trải nghiệm tại quầy

Quầy có 2 đầu bếp:
 • 1 bếp chính
 • 1 bếp phụ

Cả hai đều giao tiếp tốt bằng tiếng Anh, thân thiện, cười nhiều và rất chịu tương tác với khách điều không phải quầy sushi nào ở Tokyo cũng có.

Điểm mình thích nhất là:
👉 Mỗi món cá đều được giới thiệu rất kỹ.
Đầu bếp sử dụng hình ảnh con cá để giải thích:
 • Phần nào của cá đang ăn
 • Cá được đánh bắt ở đâu
 • Cách xử lý, ủ cá
 • Và vì sao lại cắt theo kiểu đó

Cảm giác không phải chỉ “ăn omakase”, mà là được hiểu mình đang ăn gì.

Đồ ăn
 • Tổng cộng 12 món
 • Trà xanh Nhật được rót liên tục, miễn phí

Điều làm mình bất ngờ nhất là:
👉 Không nghĩ là mình có thể ăn được nhiều sushi đến vậy.

Cơm được nêm vừa phải, cá không quá béo, từng miếng đi rất gọn nên:
 • Ăn xong no vừa đủ
 • Không bị ngấy

Ấn tượng nhất là các loại cá ngừ:
Nhiều phần khác nhau, mỗi miếng có cấu trúc và hương vị riêng, cảm nhận rõ sự khác biệt giữa từng phần thịt – điều mà nếu ăn nhanh hoặc ở quán kém chất lượng thì rất khó nhận ra.

Tổng kết

✔ Không gian nhỏ, riêng tư
✔ Đầu bếp thân thiện, giao tiếp tốt
✔ Giải thích kỹ từng món, có hình ảnh minh họa
✔ Ăn đủ no, không ngấy
✔ Chất lượng cá rất tốt so với giá

💰 ¥15,000 - 2,7 triệu VNĐ / người cho một bữa omakase như vậy tại Tokyo là rất hợp lý.

Nếu có dịp đến Tokyo, bạn nên đặt chỗ trước, đặc biệt nếu muốn ăn buổi tối.

#DiningReview
#OmakaseTokyo
#SushiRiku
#TokyoFood
#OmakaseExperience","48",,"1",,"45","2",,,"3"
"27","1 quán Omakase mới mở ở Phan Kế Bính - Sushi Nanatsu ~

Không gian khá là đơn giản ấm cúng, do quán mới mở được 1 tháng các bạn nhân viên vẫn chưa thành thạo nhưng được cái vui vẻ nhiệt tình nên thui bỏ qua ạ 🫶🏻
Còn về đồ ăn thì có vài món seasonal đc chef biến tấu khá lạ miệng, nigiri thì vẫn là những loại cá trap, cá bơn, cá nục vây vàng, cá ngừ,.vv.. như mấy quán khác nhưng đồ khá là tươi ngon ạ

Giá : 1tr4-1tr9-2tr4++/pax

Set mình ăn là set 2tr4 có 20 course khá là no so với mặt bằng chung thì mình thấy hợp lý quá lun ạ 🥰 must try 🫶🏻

#reviewdining
#hanoi","101",,"1",,"92","8",,,"11"
"8","GYUKATSU YOSAKURA 146 Phan Kế Bính
Trẻ con nhà mình mê gyukatsu của motomura kinh khủng, đi Nhật ăn bao nhiêu chỗ nhưng hỏi muốn quay lại chỗ nào đều bảo gyukatsu motomura.

Hôm trước mấy mẹ con mới thử nhà hàng này và ngạc nhiên vì không nghĩ ở HN có chỗ ăn gyukatsu khá thế. Nhà hàng bé nhưng sạch sẽ chỉn chu cực kỳ. Bò wagyu ngon, cơm unagi và cơm ikura đều ngon, có salad, đồ chua, gừng hồng và súp ăn kèm. Cơm trắng, salad, súp được refill thoải mái. Các em nhân viên rất tận tình, lễ phép. 

Bò wagyu khoảng 7-800k, bò thường khoảng 4-500k, à có kem rất ngon 40k/viên.

Bạn nào đi ăn với con chắc mấy bé sẽ mê chỗ này.

#dining #diningriview #gyukatsu","111",,,,"104","7",,,"26"
"8","Bangkok - Sritrat
Lần đi Thái vừa rồi Ngọc được bạn dẫn đi ăn ở nhà hàng này. Đồ ăn ngon không gian cũng đẹp. Các bạn lưu lại để khi nào sang Thái đặt ăn nha. Nên đặt trước qua Insta của nhà hàng.

#diningreview #bangkokfood","49",,,,"46","3",,,"6"
"13","Tiệc tại gia.
Dạo này lười nên mình cũng ít khi vào bếp nấu nướng. Bữa tiệc này bên mình dùng dịch vụ catering của Silver plate.
Các bạn lo hết từ lên menu, chuẩn bị đồ đạc, bát đũa, đầu bếp đến nhân viên phục vụ, nên chủ tiệc chỉ việc ngồi uống rượu, không phải chạy đi chạy lại gì cả. Cuối tiệc cũng không phải rửa bát, nhàn thật sự.
Đồ ăn ngon, hợp khẩu vị mọi người, ăn khá thoải mái.

Cuối năm bận rộn, tiệc tùng nhiều, mấy lúc thế này càng thấy thuê cho nhàn đầu là quyết định đúng.
Tiệc vẫn chỉnh chu mà người tổ chức không bị mệt.
#diningreview #catering","136",,,"1","120","15",,,"2"
"31","London - từ xưa tới giờ ẩm thực Anh luôn bị chê. Nhưng lần này đi mình thấy ẩm thực thuần Anh thì thật sự chán (khẩu vị cá nhân) nhưng ẩm thực quốc tế tại London rất ngon. 
Mình ở khu Convent Garden nên siêu tiện, khu Chinatown trong bán kính đi bộ. 
1. Lẩu Happy Lamb, ôi giời ơi nó siêu đông. Nếu không đặt bàn xác định chờ 45-60p mới có bàn. Đồ ăn rất ngon, bò, cừu ở đây tươi ngọt mềm, sườn cừu nướng mềm mọng, thấm gia vị. Rất đáng thử đặc biệt mùa đông ăn xong ấm bụng ấm lòng.
2. Nhà hàng Hoa Four Seasons tại Chinatown, món ai cũng phải gọi là vịt quay, có 2 lựa chọn là quay thường và quay da giòn, da mọng mỡ, béo, thịt thấm đẫm gia vị và ngọt, mềm. Ngon hơn nhiều nhà hàng Hoa tại Sg, khử mùi hoi vịt cực tốt. Lẩu gà, dạ dầy hầm tiêu ngọt thanh va cay thơm. Sò điệp siêu to siêu khổng lồ 
3. Nhà hàng Ý Ave Mario tại khu Convent Garden với món pasta nấm truffle ngon nhất từng ăn trong đời, rất nổi tiếng. Tráng miệng là chocolate mousse ngon kinh ngạc. Và rất đông
4. Nhà hàng Ấn Dishroom nhiều chi nhánh, nhìn hàng dài đứng xếp hàng là thấy uy tín, nấu ngon, đặc biệt món đậu lăng hầm 24 tiếng đặc biệt của nhà hàng mềm tan béo ngậy, ăn với bánh naan ngon ngất
5. Hệ thống Dintaifung tại London chuẩn chất lượng, lựa chọn an toàn nếu muốn ăn có rau và nóng
Về bánh và kem: ôi trời ngon dã man luôn, chắc do chất lượng sữa bò bên này nên các sản phẩm bơ, kem rất ngon, thơm, kem dẻo mượt. Hệ thống Venchi là bán chocolate và kem, chuỗi này của Ý từ năm 1878. Các sản phẩm sang chảnh, check in cũng ưng. Hệ thống bánh Chesnut bánh rất ngon, nhiều vị lạ, mật ong họ sử dụng chất lượng cao nên đặc quánh
Trà chiều nên thử tại Savoy hoặc Fortnum & Mason khu Mayfair sang chảnh. Đẹp, sang trọng, bánh scone và clotted cream tự làm rất ngon
#Londonfood
#diningreview","99",,,,"92","7",,,"11"
"18","A Bản - Backstage - Thiên Linh Wine.
Một bữa tiệc 4 hands dinner phải nói là siêu vui và cười ngoác cả mồm đến từ nhà A Bản và Backstage (Capella) cùng nhà rượu Thiên Linh. Đồ ăn ngon, rượu pairing cực hợp, âm nhạc dân tộc nhưng cực kì bốc lửa dưới sự chỉ huy của NSUT Phan Kim Thành cùng màn nhảy múa phụ hoạ đến từ đội ngũ khách hàng. 😆 Một bữa tiệc toàn những người xa lạ nhưng vui ngoác cả miệng. Mình hy vọng sau này các nhà hàng sẽ có thể tổ chức được những sự kiện vui vẻ và đáng nhớ như thế này. Mình sẽ để clip dưới comment để mọi người cùng thưởng thức nhé. 😅

Quay trở về với đồ ăn, bữa này thì đồ của A Bản là chủ đạo. Có vẻ như A Bản đang muốn lấn sân sang phân khúc fine dining và bữa tiệc này như một khúc mở màn và mình nghĩ là chef Việt đã thành công. 

Lần đầu tiên mình thấy có sự xuất hiện của Hảo Su Củ trong 1 món fine dining, kết hợp cùng lươn xông khói là một sự lựa chọn thú vị và phù hợp. Vị ngọt của su hào kết hợp cùng vị khói nhẹ và beo béo của lươn cùng nước dùng gà và sốt rau củ thanh mát tạo nên sự tròn đầy của món ăn. Món này mình rất ấn tượng, rất thích. 

Tiếp đến là món soup khoai sọ: béo bùi ngọt thanh. Các nhà hàng nên nghiên cứu đưa món này vào menu đi ạ. 

Cá chiên sông Đà ướp tương đậu nành lên men rưới sốt nghệ nhưng vị béo thơm như ốc len xào dừa 😅, cá mềm dai, ko tanh chút nào. 

2 món của Chef Quyết đến từ nhà hàng Backstage là vịt trời treo gió và thăn bê sữa mộc châu được pairing cùng 2 chai vang đỏ mà nhà rượu Thiên Linh chọn rất hợp khi mà mỗi 1 ngụm rượu đi kèm 1 miếng thịt lại nâng tầm món ăn hẳn lên, hoà quện và trơn tuột! 

Không gian và phục vụ của Capella thì khỏi phải nói, ko chê vào đâu được!

Bữa tiệc cũng thật trọn vẹn khi ko tốn đồng nào vì mình được mời ạ! Trân trọng cám ơn nhà tài trợ! 🥰

#diningreview

#A_Bản 

#backstagecapella

#ThienLinhWine

#nhungpoza","87",,"1",,"79","7",,,"0"
"0","Mizumi West Lake set menu Tết Oshogatsu 
----
😀 Chào mn, lại là em đây nhg lần này đc đi cùng bạn. Set không quá wow nhưng cũng tạm chỉn chu. Cốc nước quá xinh và tám chuyện khá vui. Các bạn nhân viên tận tình nên cũng ổn áp. Đớp tận 2 cốc nước 🥳
Có lẽ lần sau em nên thử set Oshogatsu Osechi. 
#diningreview #hanoi","30",,,,"26","4",,,"2"
"27","[Foodtour Hà Nội cận Tết]
Nhật kí 1 người mới về VN thứ 7 vừa r nhưng bạn bè bận hết nên chỉ đi ăn 1 mình 😀 Trộm vía em hên ăn 5 chỗ thì 1 chỗ dở còn lại đều từ ổn - ngon. Mỗi hôm đi 1 chỗ. 
---
1. Bít tết Bảo Lâm (Bát Đàn). Em ăn với gia đình từ hồi còn hsinh tiểu học. Chất lượng đi xuống từ khẩu phần tới hương vị, phục vụ chậm nhưng giá cả rẻ. Hơi buồn nhưng em vẫn hoài niệm nên hạ cánh là đi ăn luôn. 
2. Luna d'Autunno, Cửa Nam. Đi 1 mình nên ba phải nhưng Ravioli vỏ mỏng, sốt thơm ngậy béo, 1 đĩa 7-8 miếng ăn một mình là no mà chỉ có 260k. Bạn phục vụ dễ thương tư vấn tận tình các bàn xung quanh ai ra về cũng khen đồ ăn. Chắc chắn vẫn quay lại. 
3. Tantan Noodle Kitchen. Dạo Lotte Mall Tây Hồ một mình nghía vô quầy food court. Em là đạo mì lạnh nên order 1 bát ngay và luôn. Nghĩ là bát ~160k nên sẽ bé nên gọi thêm tí gà + mandu. Nào ngờ bát mì to vật vã, topping ngập ngụa. Nước dùng chua, cay, mặn ngọt cực vừa vị mà mát lạnh, sợi mì mềm nhưng vẫn dai, có độ đàn hồi ăn thấy đáng tiền thật sự. Đồ chiên hơi ngập dầu, bình thường mn đừng ord làm gì. 
4. Phở xào Bát Đàn. 80k 1 đĩa thơm mùi chảo gang, nước dùng sệt, sợi phở và thịt bò nêm nếm vừa phải, kết cấu mềm, dai rất dễ ăn. Ai thấy nhạt hay ngán bên cạnh có bát nước mắm chua ngọt, xì dầu và tương ớt. Khẩu phần đầy đặn nhưng giá đã lên vì vật chất leo thang. Vẫn khá xứng đáng cho 1 món kỉ niệm. Ăn ở đây rồi em ko ăn chỗ khác đc (Ảnh vỡ mn thông cảm)
5. Nem chua, nem nướng, chân gà phố cổ. Hàng này bố mẹ em đã đi ăn 2-3 chục năm tới độ chủ quán quen mặt cả nhà :D Ăn ở ngay chỗ nhà thờ bth nhìn khá sợ vì vệ sinh nhưng nhà em hay qua đây vì chỗ ngõ này lại rộng, thoáng, khá sạch sẽ mà cô chủ đối xử với nhà em rất niềm nở. Chân gà siêu to, dai, giòn và vừa vị gu em. Nem chua rán không bị ngập dầu, nóng, giòn vì cô này em gọi có vẻ mới bắt đầu chiên đồ. Nước sốt ăn với xoài có tận 4 loại bên cạnh 2 bát muối ớt, muối tiêu chanh nhưng đa số thiên ngọt. Giá cả đống đồ là 380k, hơi chát nhưng như mua kỉ niệm vậy, em ngồi đây nch với người nhà rồi ăn vặt thấy xứng đáng. Menu em chụp ở dưới comment mn có thể đến ủng hộ. 
---
Trùm ảnh đi ăn với gia đình chỉ có nhanh tay mới chụp đc chứ ko thì rung lắc, hoặc mn ăn r mình mới nhắc là để yên cho tôi check-in.
#diningreview #hanoi","89",,,"1","82","6",,,"17"
"0","[Ăn Ta Uống Tây]

Chiều tàn dần xuống, như thường lệ thời điểm này là lúc đẹp nhất để làm vài ly vang cùng mấy món nhậu dân dã. Gọi một đĩa cá mối chiên giòn, vài cái chân gà luộc và nồi giả cầy, vậy là quá đủ cho một bữa tối very fine-dining của anh em tôi.

Ướp lạnh sâu chai champagne, gắp đôi chú cá bỏ vào miệng nhai tóp tép rồi uống ực một hớp mát lạnh. Ôi khỏi phải bàn, cái giòn rụm, béo ngậy được phủ lên một lớp khoáng mát lạnh, độ chua sáng tinh mơ cùng các lớp hương vị của táo vàng, lê trắng, hạt dẻ nướng. Sự kết hợp này khiến ta cứ mãi ăn, mãi uống, mãi không dừng.

Đúng là cái gì ngon thì hết nhanh, ngoảnh đi ngoảnh lại thì đĩa cá mối đã quay về tổ nơi chiếc bụng của mỗi người, vậy là tôi đành ngậm ngùi làm quen với những chiếc chân gà béo núc ních. Các cụ ngày trước nói chớ có sai, có da có thịt một chút vẫn là một nét đẹp dễ nhai hơn hẳn. Để pairing cùng món ăn bình dị đến bất hủ này, tôi lựa chọn Trebbiano di Lugana với sắc vàng kim đậm đẹp nức lòng người hâm mộ (tuy vậy vẫn còn thua xa rất nhiều màu vàng kim của SJC 9999). Kết cấu dày dặn, phức hợp, các tầng hương đào chín, lê vàng, mật ong cùng cái mùi khoáng tựa như đá lửa phủ lên chân gà luộc bình dân một vẻ đẹp kiều diễm. Bất giác đang ăn tôi bỗng ngửa mặt lên trời tự vấn, giá như có thêm 90 nghìn để gọi thêm đĩa sụn gà rang muối pairing cùng thì cuộc đời nó hoãn mỹ đến nhường nào.

Nhờ bác bếp đun lại cho nồi giả cầy, đợi khi tiếng sôi lục bục và những người anh em tốt vừa thưởng xong khai vị, tôi mở chiếc vung nghi ngút khói kèm theo một chai Barbera từ Nizza. Barbera thường ở Piedmont thì có vẻ hơi đơn điệu, nhưng mà Barbera ở Nizza thì lại mang đến cho anh em tôi một cảm giác mãn nguyện vô cùng. Từng điệu cười phớ lớ đan xen từng khúc chân giò với lớp bì ngọt ngậy, chung tôi tu ừng ực cái độ chua tươi sáng, kết cấu dày dặn và các tầng hương dâu đỏ chín mọng, hoa tím, một chút nấm r điểm xuyết thêm chút tuyết tùng. 

Nửa nồi giả cầy cùng một phần ba đĩa bún bay hết veo, tôi quay ra với lấy cái chai hòng rót thêm thì lại thấy nhẹ tênh. 

Ô hay thật, tại sao đồ ăn còn chưa hết mà chai vang đã hết tự bao giờ ? 

Không thể để cái sự vô lý này diễn ra như vậy, tôi với lấy vị vua của nước Ý, Barolo. Màu đỏ ruby ánh cam nhẹ nhàng mà trong vắt, cái màu sắc này hiện lên trong suy nghĩ bất kì những ai chiêm ngưỡng một chữ “Chén!”. Cánh hồng khô, anh đào chín, cam thảo ngọt, một chút trà đen kèm một thoáng da thuộc, những lớp hương này nó mộc mạc mà lại sâu đến vô cùng. Độ chát mượt như nhung hòa quyện cùng lớp bì sần sật, độ chua thanh mát len lỏi và rửa sạch cảm giác béo ngậy. Vậy đấy, món ăn thì dân dã, bình dị, rượu vang thì lại quyền quý, kiêu sa. Ấy vậy mà hòa hợp cùng nhau lại mở ra những vẻ đẹp mới, và vẻ đẹp này khẳng định là ngon đến bất ngờ !

 

Thoáng qua hình ảnh chiếc ""mặt nạ rơi"" được dập nổi lên trên thân chai vang cuối cùng, tôi lại cười rồi tự nhủ. Thì ra khi chai vang chỉ còn lại vài giọt cuối, những chiếc mặt nạ xã hội ngoài kia ắt sẽ được gỡ bỏ, chỉ còn lại sự chân thật của chúng ta trong một buổi chiều tà đầy dư vị.
#uongcotrachnhiem #diningreview #antauongtay","38",,,,"35","3",,,"1"
"0","""Cultural dining"" tại NÔM
Chef-owner Chris Fong của Nôm Dining và Oryz SAIGON (Michelin Selected 2025) là một trong số hiếm hoi các đầu bếp nước ngoài mà, theo quan điểm cá nhân của mình, có khả năng cảm nhận, hấp thu, và diễn giải lại ẩm thực truyền thống Việt Nam theo một cách thú vị và sáng tạo bậc nhất hiện nay.

Đúng như cái tên concept ""cultural dining"", NÔM không chỉ là một nhà hàng cao cấp thuần túy. Nó mang lại cho bạn cảm giác mình là một du khách may mắn, vừa được thưởng thức những món ăn ngon, vừa được chiêm ngưỡng sự chỉn chu, hoa mỹ nhưng không ố zề của kiến trúc và nội thất, vừa được ân cần dẫn đi tham quan những vùng đất có văn hóa ẩm thực trù phú nhất, giàu lịch sử nhất của Việt Nam.

Ăn tối ở NÔM, vào một khoảnh khắc nào đó - nói không ngoa - mình đã có cảm giác bị mất đi khái niệm về không gian và thời gian.

Sau bữa ăn, lúc đứng nói chuyện với co-founder còn lại của NÔM và Oryz, mình có chia sẻ thật lòng thế này: ""I know this is not my business, but while sitting there experiencing the dinner, a real sense of pride rose up inside me. I feel proud of the way my home country's cuisine is being respectfully embraced and interpreted by Chris and your team.""

Menu hiện tại của NÔM có tên Kim Long, tập trung chủ yếu (nhưng không chỉ giới hạn) vào ẩm thực miền Trung Việt Nam. Tại đây, bạn sẽ được trải nghiệm những phiên bản rất khác của Bánh canh cá, Cháo lươn, Bún bò Huế, Mì Quảng, Cơm gà Hội An v..v. trong một căn bếp mở sơn son thếp vàng nhưng không hề quá lố (nhắc lại lần 2). 

Ngoài các món đó ra, phần đầu của thực đơn được phục vụ tại Hồng Hà - một không gian khiêm tốn hơn, với các món khai vị được trình bày dưới hình thức mâm cơm truyền thống của người Bắc. Phần cuối của thực đơn: món ăn tráng miệng, được phục vụ trong không gian Lục Tỉnh, thể hiện sự ngọt ngào và ấm áp của con người và vùng đất phương Nam.

Mỗi món ăn trong thực đơn Kim Long tại NÔM đều là một tổ hợp phức tạp của nhiều nguyên liệu chất lượng được xử lý cực kỳ chắc tay, có ý đồ rõ ràng. Ngay cả với những người không quen với trải nghiệm fine dining, sự tận tình trong hướng dẫn và hỗ trợ của các bạn nhân viên phục vụ, hay những chỉ dẫn ""bỏ túi"" (theo đúng nghĩa đen: NÔM trao cho thực khách một cuốn sổ nhỏ vừa lòng bàn tay, bên trong có đầy đủ thông tin và hướng dẫn cách ăn từng món) sẽ khiến bạn không phải bối rối.

Về khẩu vị cá nhân, có một vài điểm rất, rất nhỏ ở một vài món và cách bố trí món trong thực đơn khiến mình chưa thực sự ưng ý, nhưng tổng quan đây vẫn là một trải nghiệm xứng đáng điểm 9/10.

Nếu bạn đang cần tìm một nơi dùng bữa tối fine dining với người thương, với ba mẹ - thậm chí ông bà luôn cũng được, hay với bạn bè, đồng nghiệp, đối tác - đặc biệt là người nước ngoài mới tới Việt Nam, thì mình nghĩ NÔM sẽ là lựa chọn hàng đầu.

📍 NÔM Dining

53 Trần Nhật Duật, Q1, TP.HCM

#finedining #modernvietnamesecuisine #hcmc #tphcm #diningreview","57",,,,"53","4",,,"1"
"37","REVIEW OMAKASE NAKAUMI - KIM MÃ
Hiếm khi ăn Omakase mà no đến phải gói về như vậy🥶 Ăn nghiền cơm chắc chắn phải đến!!!

Nakaumi khá là Lowkey và không PR rầm rộ nhưng lúc nào cũng full khách, và thật sự quá đáng tiền!!!

Lần nào đến đây cũng gặp người quen, cụ thể là các WineLovers và hôm đó chúng mình say ngoắc cần câu mới về dù không hẹn trước

Chef Lợi vô cùng sởi lởi, chiều khách hàng , phục vụ cả Gunkanmaki Ú Nu Uni dù không có trong Course lúc đó. Và ngoài mình ra, có mấy anh chị khách bàn bên khen cà chua Bi Nhật ngọt ngon, Chef cũng tặng không giới hạn nha😍 Rất đáng iu

Điều mình ấn tượng là, chỉ gói về 2 phần Temaki nhưng Chef sợ sáng mai ăn không đủ no nên còn tặng thêm 1 phần Sashimi cá cam cắt lát đẹp đẽ thành bông hoa hồng🥰

Vô cùng chỉn chu và dễ thương

Set mình ăn là : 3,500,000/pax 

Với chất lượng và định lượng mình thấy phải ngang 5 đồng ở những chỗ khác nha.

Tổng quan:

Đồ ăn: 9,5/10

Service: 9/10

Không gian: 9/10

Ai đã từng ăn ở đây cho mình thêm cảm nhận nhaaa!!!

#Hanoi

#DiningReview","144",,,"1","133","10",,,"20"
"10","Joel Robuchon Restaurant - Las Vegas
Một trong 3 nhà hàng Joel Robuchon của hệ thống Joel Robuchon International. Lúc Michelin còn ở Las Vegas thì nhà hàng này cũng được 3⭐️ như là 2 chỗ ở Macau và Tokyo. 

Ở đây món ăn được trình bày khá đẹp và cầu kỳ. Nếu chỉ ăn bằng mắt thì khá xứng đáng cho 3 sao hehe...Đáng tiếc là mình ăn bằng miệng thì thấy khá thất vọng. Hầu như món nào cũng trớt quớt: ăn từng thành phần riêng biệt thì thấy ngon...nhưng ăn chung thì thấy ...hết ngon 😆. 

Phục vụ hơi tệ: vụn bánh mì ko dọn, nước ko chăm, server thì thấy có vẻ chỉ muốn đem đồ ăn ra rồi đi 😄

Hy vọng sẽ có dịp ăn 2 chỗ ở Macau và Tokyo để so sánh.

#lasvegas","23",,,,"22",,,"1","1"
"3","Cote - Korean Steakhouse (Las Vegas)
Nhà hàng Cote này lên sóng Youtube cách đây 2-3 năm gì đó (ở New York). Sau đó thì Cote -NYC được 1 sao Michelin. Chắc nhờ vậy mà Cote được nhiều người đầu tư, mở thêm chi nhánh ở Miami, Singapore và gần đây nhất là Las Vegas.

Mình ăn ở chi nhánh Las Vegas thì thấy ngoài thịt bò ngon thì mấy món đồ chua (dưa, kimchi, ớt...) ở đây làm ngon xuất sắc 👍. Phục vụ chu đáo, nhân viên nướng thịt luôn cho khách. Hệ thống hút khói tốt, ăn xong ko bị ám mùi đồ nướng. Nhà hàng có DJ chơi nhạc xập xình khá nhộn nhịp hehe. Hy vọng sẽ có dịp quay lại trong tương lai.

#lasvegas","18",,,,"17","1",,,"0"
"58","Ishidaya 3rd Generation Số 8A Hàng Cháo
Dành cho những ai yêu thích Omakase mà không ăn được quá nhiều cơm như mình.

Đã ủng hộ bác từ ngày còn ở Nguyễn Đình Thi Kappou Ishidaya và cho tới tận địa điểm mới.

Vẫn là phong cách mua kiếm đội mũ Phớt thái từng lát cá như vậy nhưng ở cơ sở mới có sự sáng tạo hơn, sushi được cắt hoàn toàn khỏi course mà thay bằng các món sáng tạo. Muốn Bác nặn sushi thì phải báo trước 1 ngày

Set gia đình mình ăn là 3,350,000 ++/pax thấy cũng rất no rồi ạ, còn một Set nữa là Chef Selection hơn 5 củ nhưng chưa được thử

Mình là Uni Lover nên mạnh dạn thử Khay UNI Nozomi nghe nói là hiếm và ngon hơn Baifun nhiều và giá là 30 củ / khay và chỉ duy nhất nhà hàng có. Điểm này hy vọng là xứng đáng ạ và công nhận nó ngon hơn các loại Baifun trước từng ăn.

Và may mắn là mình cũng được thưởng thức con cá ngừ  thiên nhiên  1,6 Tấn ( theo mình nhìn trên Certi là mới được đấu giá) nên ăn cũng thấy ngon khác biệt

Tổng quan đánh giá

Không gian: 8/10

Món ăn: 8,5/10

Service: 9/10 

Ace nào từng thử cho em xin thêm đánh giá và các gợi ý Omakase Ngon tại HN ạ🥰🙏🏻🙏🏻🙏🏻

#DinningReview

#hanoi","134",,"2","1","114","15",,"2","6"
"5","Gordon Ramsay Hell's Kitchen
Coi cái gameshow này cũng mười mấy năm trước. Nhờ coi nó mà mới biết tới Gordon Ramsay và thế giới của ""fine dining"". Ai có dịp tới Las Vegas cũng nên ghé ăn thử một lần. Đồ ăn ở đây cũng khá ok.

#lasvegas","43",,,,"40","3",,,"2"
"0","Suhring vừa đây đã được 3 sao Michelin. Thực sự là rất xứng đáng luôn. Cá nhân mình thấy xứng đáng hơn Sorn. Cứ ngỡ như ẩm thực Đức sẽ khô khan cứng nhắc như người Đức nhưng không, với câu chuyện xuyên suốt cùng quyển menu viết tay của bà, 2 chàng trai đã sáng tạo ra những món ăn rất ""nữ tính"" và thú vị. Mọi người đi Thái hãy thử #Suhring đi. 👍","34",,,,"31","3",,,"0"
"5","NORTHERN HERITAGE CUISINE - FROM THE MOUNTAIN TO THE CITY
Em chào Anh/Chị,

Em là Nghiêm Hà, hiện đang phụ trách tại nhà hàng Backstage tại khách sạn Capella Hà Nội.

Nhân dịp đầu năm 2026, #Backstage trân trọng giới thiệu đến anh/chị đêm tiệc ẩm thực đặc biệt, với sự kết hợp cùng nhà hàng #A_Bản, diễn ra vào ngày 17/1/2026.

Nếu như Backstage quen thuộc với tinh thần Opera và trải nghiệm fine dining mang tính sân khấu, thì trong sự kiện lần này, nhà hàng lựa chọn một hành trình gần gũi hơn – khám phá hương vị các vùng phía Bắc Việt Nam, từ núi rừng đến đồng bằng.

Từ những nguyên liệu quen thuộc, giàu bản sắc sẽ được hai bếp trưởng kể lại bằng ngôn ngữ ẩm thực mới mẻ, tinh tế và giàu cảm xúc.

Trải nghiệm ẩm thực trong đêm tiệc sẽ được kết hợp cùng rượu vang Ý từ nhà làm rượu #Gianni_Gagliardo, được tuyển chọn và phối hợp phù hợp theo từng món, mang đến sự hài hòa trọn vẹn giữa hương vị và cấu trúc.

Bên cạnh đó, chương trình còn có phần hòa tấu nhạc cụ dân tộc Việt Nam, hứa hẹn tạo nên một không gian trình diễn độc đáo – nơi ẩm thực, âm nhạc và tinh thần Opera giao thoa, mang đến một đêm trải nghiệm đa giác quan rất riêng tại Backstage.

Giá trải nghiệm: 4.000.000 VND++/khách, đã bao gồm set menu ẩm thực và rượu vang kết hợp theo từng món.

Đặc biệt, quý hội viên Dining Review Group sẽ được ưu đãi thêm 10% trên tổng hóa đơn.

Rất mong được đón tiếp anh/chị tại Backstage.

Anh/chị vui lòng liên hệ em Hà để biết thêm thông tin chi tiết và nhận những ưu đãi đặc biệt dành riêng cho khách mời thân thiết.

Em xin cảm ơn anh, chị đã đọc tin ạ. 

#diningreview

#backstagehanoi

#operadining

#gioithieusukien","42",,"1",,"34","7",,,"0"
"2","🍷 Si Dining – 01 Giang Châu 2, Khuê Mỹ, Ngũ Hành Sơn, Đà Nẵng

Michelin Selected & Robb Report Top 25 Best Restaurants 2025

Lần này ghé Si Dining, mình hiểu vì sao nhà hàng này được chọn vào Michelin Selected và lọt Top 25 nhà hàng tốt nhất 2025 của Robb Report.

Không gian gọn, ấm, ánh sáng vừa đủ để tập trung vào món ăn. Menu không dài, nhưng đọc là thấy rõ tư duy bếp: nguyên liệu theo mùa, nhiều món dùng nông sản Việt (Ninh Thuận, Mộc Châu, Tiền Giang…) kết hợp kỹ thuật Ý – Việt khá tinh tế.

Bữa ăn bắt đầu nhẹ nhàng với khai vị mời, sau đó là lamb carpaccio Ninh Thuận – vị quen mà lạ, xử lý rất dễ ăn.
Món mình thích nhất ở phần đầu là ravioli gorgonzola – black truffle, béo nhưng không ngấy, mùi truffle rõ mà không lấn át.

Món chính nổi bật là cá trong ngày, làm theo kiểu gợi vị canh chua nhưng rất cân bằng. Đặc biệt là chim bồ câu Tiền Giang ăn kèm dâu tây Mộc Châu – combination nghe lạ nhưng ăn rất hợp, thịt mềm, xử lý tốt và không hề nặng mùi.

Một chi tiết nhỏ nhưng rất ghi điểm: đi ăn hai người, các món được chủ động chia sẵn thành từng phần riêng, trình bày gọn gàng và xinh xắn. Không cần phải “chia tay trên bàn”, trải nghiệm vì thế trọn vẹn hơn hẳn.

Điểm cộng lớn là wine list: chọn lọc kỹ, trải rộng nhiều vùng (Italy, France, Germany, Australia…), có cả natural wine, organic wine, vegan-friendly options. Nhân viên hiểu menu và tư vấn rất vừa đủ.

Tráng miệng nhẹ nhàng, tinh tế. Ngoài món trong menu, mình còn được tặng thêm một chiếc bánh nhỏ vì một kỷ niệm cá nhân – dù mình nói ở phút cuối nhưng vẫn được chuẩn bị rất chu đáo.

Điều mình thích nhất ở Si Dining là sự tròn trịa: món ăn rõ ràng, không gian dễ chịu, nhân viên trẻ – hiểu món – nói tiếng Anh tốt, và cảm giác là bếp làm mọi thứ rất nghiêm túc.

Một nhà hàng Ý tại Đà Nẵng xứng đáng với Michelin Selected & Robb Report Top 25, và chắc chắn là nơi mình sẽ quay lại.

#SiDiningDanang
#MichelinSelectedDanang
#DiningReview
#FineDiningDanang","46",,"2",,"38","6",,,"2"
"15","RAMEN: THE ART
Em chào các Anh/Chị,

Em là Minh, đại diện nhà hàng 01 -wan- Tantan Ramen tại 63 Lãn Ông, Hà Nội. Nằm vùng trong group cũng lâu rồi cơ mà trong group nhiều khách quen quá nên đợt này có event mới dám lên bài giới thiệu nhà hàng. Nhân dịp đầu năm, em trân trọng giới thiệu đến Anh/Chị sự kiện đặc biệt – RAMEN: THE ART.

THE ART là dấu mốc quan trọng của WAN với mong muốn mang đến một trải nghiệm ramen tinh tế, chuẩn mực và giàu chiều sâu. Đêm tiệc lần này được tổ chức bởi hiệp hội ẩm thực La Chaîne des Rôtisseurs – Bailliage National du Vietnam. WAN rất vinh dự vì dù không phải là nhà hàng fine dining nhưng được mở đầu cho chuỗi sự kiện 2026 của hội. Đồng hành cùng sự kiện là Bếp trưởng khách mời Ryo Ozawa - 2013 Asian Chef of the Year.

Menu lần này được thiết kế theo hình thức Dining Experience sử dụng Wagyu A5 và Caviar cùng Sake pairing. Anh chị nào từng qua nhà hàng hoặc biết em rồi thì chắc chắn tin được em khoản Sake nhé! 

Do tính chất trải nghiệm và quy mô phục vụ, sự kiện được tổ chức với số lượng khách giới hạn. Nếu Anh/Chị quan tâm, em xin phép chia sẻ thêm thông tin chi tiết ạ.

Em xin chân thành cảm ơn và hy vọng sẽ sớm được đón tiếp Anh/Chị tại WAN! 

#diningreview

#gioithieunhahang

#ramen","47",,,,"41","6",,,"0"
"0","Izakaza Maruco
#dinningreview #saigon

Nay tiếp tục sơ ri izakaza khu phạm viết chánh. Quán này lại là hàng xóm của quán Goroichi, cách nhau 2 bước 1 vách ngăn tường là tới. 

Overall tất cả đều xứt xắc, ở đây có món cá tuna nướng gơm đặc sản cho ai chưa ăn. Mình cũng k hảo cá này lắm. 

Highlight: khoai môn chiên dòn với khô mực, bạch tuột lăn bột chiên, cơm thố bạcg tuột, xiên que tổng hợp. 

Giá cả hợp lý cho đám đông tụ tập ăn tối hay lairai. 
Recommend.","29",,,,"27","2",,,"4"
"0","Waves of Flavor 2026 – The Tales of 4 Ingredients

Em chào Anh/ Chị, em là Bích Ngọc hiện đang phụ trách tại nhà hàng Latest Recipe. Nhân dịp năm mới, em xin giới thiệu đến mọi người chương trình - Waves of Flavor 2026.

Nếu như năm 2025 tập trung vào hành trình khám phá ẩm thực các quốc gia, thì sang năm 2026, Latest Recipe lựa chọn cách tiếp cận sâu hơn với concept The Tales of Ingredient – mỗi tháng xoay quanh một nguyên liệu chủ đạo, được nâng tầm thông qua phương pháp chế biến, cảm hứng vùng miền và câu chuyện ẩm thực riêng trong mỗi tối Buffet Dinner (từ thứ 5 đến thứ 7 và Sunday Brunch)

Tháng 1 & 2, nhà hàng mở đầu năm mới bằng Cá Hồi Na Uy, nguyên liệu mang ý nghĩa may mắn, thịnh vượng và sung túc trong dịp Tết.

Bên cạnh trải nghiệm ẩm thực, Latest Recipe hiện áp dụng các ưu đãi dành cho khách thành viên:

Marriott Bonvoy: giảm 10%

Club Marriott: giảm 30% – 50%

Ưu đãi nhóm: giảm 20% – 30% cho đoàn từ 10 khách trở lên

Đặc biệt, duy nhất trong ngày Kick-off 10.01.2026, mỗi thực khách dùng Buffet Dinner tại Latest Recipe sẽ nhận thêm ưu đãi 20% khi tham gia chuỗi sự kiện Bar Takeover, trải nghiệm sự kết hợp cocktail cùng Bar Libre – Top 50 Best Bars in Asia – tại Barson (10 & 11.01) hoặc Lair (07 & 08.02).

Rất vui được đón tiếp Anh/ Chị đến thưởng thức!

#diningreview

#gioithieunhahang","5",,"1",,"3","1",,,"0"
"4","Kumihimo
Quán này quen thuộc với nhiều người rồi ạ, đây là lần đầu mình đến ăn và có ấn tượng tốt. Đồ ăn ngon và menu cũng rất đa dạng, đủ từ ăn chơi chơi đến ăn no.

Ảnh chụp thiếu vài món ^^, 2 người lớn 1 trẻ em bill tầm 4tr5, các món mình gọi thì dạng bt chứ ko có món nào nguyên liệu fancy, nhưng nhìn chung là ngon và đầy đặn.","51",,,,"47","4",,,"1"
"2","Có những bữa tối không chỉ được đo bằng món ăn hay chai rượu, mà được ghi nhớ bằng con người, cảm xúc và sự đồng điệu.

Một menu được xây dựng rất thông minh và có chiều sâu – đúng phong cách của chef Dũng:
không phô trương, không cầu kỳ quá mức, nhưng mỗi món đều có câu chuyện, có nhịp điệu và có sự tôn trọng tuyệt đối dành cho nguyên liệu cũng như rượu vang đi kèm.

Từ những nốt khoáng – mặn – sắc lạnh mở màn, đến độ béo, độ chín và sự trầm lắng dần về cuối, mọi thứ được dẫn dắt rất “đã”.

Thêm 1 buổi Wine pairing đáng nhớ nữa với SWL. Cám ơn mọi người vì một buổi tối rất vui và đáng nhớ!!!!

Chapter - 12C Chân Cầm

#diningreview","59",,,,"49","10",,,"5"
"15","Maii Bistro - 46 Tây Hồ

Mình trải nghiệm nhà hàng này tối hôm 1/1. Quán là một căn biệt thự được cải tạo lại theo hướng kết hợp nội thất Á Đông trong công trình kiểu Âu. Mình đặt bàn ở tầng trên cùng vì thích phần mái kính. Không khí nhìn chung khá ấm cúng, kín bàn nhưng không bị ồn. Quán với menu chủ yếu là sự sáng tạo trên các món ăn Việt Nam, mình đã thử:

Bánh xèo nấm - Phần topping ngon, vỏ thì hơi dai một xíu;
Tempura hàu sốt kho quẹt - Rất thích món này, vỏ giòn với nhân hàu bên trong mềm;
Cải thảo nướng than sốt bơ kho quẹt - Vị nướng cải thảo rất ngon tuy nhiên hơi dầu mỡ  một chút;
Bò nướng ống tre có xôi ăn kèm;
Cốm xào + kem - Cũng khá ổn
Hiên nhà bà (mixed juice) & Fansipan (trong đó Fansipan uống khá ổn)

#diningreview","48",,"1",,"44","3",,,"3"
"1","","13",,,,"12","1",,,"0"
"5","Sushi Miyago - Hanoi
Sau 1 năm quay lại Miyago thấy 2 vợ chồng chef phục vụ nhanh hơn hẳn, mỗi tội no quá no mọi người ạ. 😆 Chắc trả full 5 tr nó cũng đầy đặn hơn ăn từ đợt soft opening đc kmai còn 3tr 🤣. Anw đùa tí thôi, mình thấy omakase ở đây là một trong những chỗ ok, ấm áp, chất lượng đồ ăn ổn. Hợp với những bạn thích ấm cúng, ko thích màu mè. 

#miyago

#diningreview

#omakase

#hanoi

#nhungpoza","118",,,,"110","8",,,"5"
"15","Dê Ngon - Phú Quốc
Hải sản ở PQ ko ngon lắm mọi người nhỉ? 😅 Hay ăn dê đi mọi người. Dê tùng xẻo ở hàng này ngon cực kì, ngon ngọt ko một tí mùi nào. Ăn là nhớ. Mình đảm bảo. Các món dê khác thì cũng cũng thoai. Nhưng tùng xẻo là phải đặt trước vì rất rất nhanh hết. PQ đang mùa cao điểm chắc nhiều người cần tìm đc ăn ngon! ^_^

#phuquoc

#diningreview

#dacsanvungmien

#nhungpoza","30",,,"4","24","2",,,"2"
"35","Wa Cuisine - Hanoi
Lạnh té ái nên lại mò đến Wa ăn món lẩu đậu non yêu thích 🤣 Nghiện quá, cứ lạnh là khen! Ngại review ghê mà lúc chìa cái voucher ra để đc giảm giá thì chị chủ lại nhờ mình gửi voucher đến member DR nên mình xin truyền đạt lại ạ. 

🍤🍥👉Với mỗi bàn đặt 4 người sẽ được giảm 500k. Các bạn member đặt bàn chỉ cần đọc pass: DINING REVIEW là được giảm mà ko cần mang voucher giấy đến để đc giảm như mình nhé. 👈🍤🍥

Nghe đồn nước lẩu cua cũng ngon nhưng mình xin là đc chung thuỷ với đậu nành để bổ sung oestrogen. Set trên ảnh mình chụp tên là ""Set lẩu Wa"" bao gồm hải sản và bò, 2 con bào ngư dày cộp, ốc cũng to vãi, ăn lặc lè luôn. Set có 828k thì phải nói thật là rẻ. Xong áp thêm voucher vào thì ba chấm luôn. Mình để bill trong cmt nhé. Lạnh rồi ăn lẩu thôi mọi người!!!!!

#wacuisine

#hanoi

#diningreview

#nhungpoza","90",,,,"82","8",,,"4"
"10","Vien Dining - Hanoi - menu mới
Vien Dining là nhà hàng yêu thích của mình ở HN, menu nào mới ra cũng đi ăn cả set và ALC, quen chủ nên đc giảm giá thoai chứ đi ăn vẫn trả tiền đàng quàng nên ko seeding gì nha. 😆 Mình thích đồ ăn ở Vien thật vì nó VN mà nó fusion mà nó vẫn VN ấy. Vị nào ra vị đó. Mỗi mùa đều có sự sáng tạo riêng. Và menu lần này là tổng hợp tất cả các món ngon của tất cả các menu trước nên nếu ai chưa đi ăn các mùa khác thì đi mùa này là ăn đc hết món ngon đó heheeeee. 

#Viendining

#Hanoi

#diningreview

#nhungpoza","57",,,,"50","7",,,"1"
"12","OKU - Regent Phú Quốc
Mình đặt set Omakase ở Oku với giá 3.6tr/ng gồm 6 món. Cũng hơi ngạc nhiên khi đặt vì omakase 6 món mình thấy hơi ít. Đến khi ăn thì mới hiểu rằng họ gọi short menu này là omakase vì nó ko cố định và tuỳ biến theo tình hình đi chợ của chef ^^. Phong cách đồ ăn ở đây thì là lai Nhật - Pháp, mình thấy ổn nhưng ko quá ấn tượng nên ko có gì để nói nhiều hị hị.... Cần 1 cú twist ạ. 

Vẫn mê nhất buffet sáng của Regent, quá là phong phú đẫm lệ. Đồ Ý ở nhà hàng Ocean trong resort cũng rất ok. 

#okuomakase

#Regent

#phuquoc

#diningreview

#nhungpoza","58",,,,"54","4",,,"0"
"0","","8",,,"1","6","1",,,"0"
"9","Vienna – thủ đô của nghệ thuật và văn hoá cà phê – là thành phố ""vibe""  quý tộc đậm chất hoàng gia Habsburg, những buổi sáng chậm rãi, những buổi tối lung linh cổ tích mùa Xmas, tiếng xe ngựa kéo lộc cộc chạy trên phố và các bản nhạc của Mozart vang lên mọi nơi. Đây là thành phố bình yên, rất "" thơ "" , cổ điển và thanh lịch.

Xin đc list vài tiệm cafe lâu đời và có các món đặc trưng của Áo mà ai cũng nên ghé ít nhất 1 điểm để cảm nhận con người, ẩm thực & ""hương vị "" Vienna đúng nghĩa nhất ! Các món Áo truyền thống, cafe, bánh kem, brunch ,..... hết sức "" unique "" . 

📍Café Central là một trong những coffee-house nổi bật với lịch sử lâu đời, không gian kiến trúc sang trọng và văn hoá cà phê Vienna cổ điển, thanh lịch

📍Café Landtmann là một trong những quán cà phê kết hợp nhà hàng mang giá trị lịch sử và danh tiếng nhất ở Vienna, từ năm 1873 bởi Franz Landtmann với mục tiêu tạo nên “quán cà phê sang trọng nhất thành phố” – trở thành biểu tượng của văn hóa Viennese coffee house từ thế kỷ 19.

📍Café im Palmenhaus ... từng là nhà kính trồng cọ của hoàng gia Habsburg, nằm trong khuôn viên rộng lớn của  Kunsthistorisches Museum. Buổi tối ở đây nhâm nhi cocktail rất đẹp 

📍Café im Kunsthistorischen Museum Wien là một quán cà phê – nhà hàng sang trọng nằm ngay dưới mái vòm tráng lệ của Kunsthistorisches Museum Wien (Bảo tàng Lịch sử Nghệ thuật Vienna). 

📍Café Goldegg là một trong những quán café cổ điển mang đậm phong cách Vienna truyền thống. Đây là quán cà phê kiểu Austro-Viennese lâu đời, được thành lập từ năm 1910 bởi gia đình Dobner, và sau đó được phục hồi và giữ nguyên phong cách cổ điển, được bảo tồn như một di sản văn hoá café của Vienna.  

Các hàng trên rất trvia e k phải xếp hàng để vào , còn thực ra rất đông , thường xuyên xếp hàng. Chắc tại e hay đi cái giờ ẩm ương hoặc buổi sáng khá sơms nên hên thì phải. Việc chờ đợi người khác ngồi cafe nó rất là vô nghĩa nên mọi ng nếu đi Vienna thì có thể note list trên, tiện đi qua đâu mà xếp hag ít / k phải đợi thì vào lun . Mùa Xmas mới đông chứ Vienna quanh năm có khi cũng k đến mức đâu a. 

Ngoài ra có 1 hàng cafe cực Signature là Café Sacher Wien là một quán cà phê lịch sử nổi tiếng nằm ngay bên cạnh Nhà hát Opera Quốc gia Vienna, gắn liền với di sản của Hotel Sacher Wien. Cafe nằm trong Hotel Sacher nhưng quá đông ! E lười nên thui lại thử các hàng cafe kiểu Pháp Ý cho đỡ  mất thời gian đợi ạ. 

#Diningreview 
#CafeVienna
#Austria","102",,"1",,"91","10",,,"6"
"13","Nhà hàng Pháp Le Beaulieu ở Vienna. Đi buổi tối đẹp hơn ban ngày nhiều, lại được nghe 1 chị nghệ sĩ đường phố đánh hạc cầm du dương nữa.... 
các món đều ngon + thêm chỗ ngồi chill thế là trọn vẹn 10 điểm.
Ferstel Passage là một lối đi mái vòm được xây dựng vào thế kỷ 19 trong khuôn viên Palais Ferstel ( đằng sau Cafe Central ).  
Dọc lối đi là các cửa hàng thủ công, hiệu sách nghệ thuật và những quán cà phê mang hơi thở hoài niệm.  không chỉ là một con phố nhỏ, mà là một khoảng không gian rất thơ của Vienna, dành cho những ai yêu cảm xúc mơ mộng nhưng thèm chill out như tui á 🥰

#Diningreview
#Vienna
#Austria
#Labeaulieu","66",,,,"54","12",,,"0"
"2","Bánh Cuốn Pin Wei của Singapore ở Tphcm.
Thương hiệu này có hơn mười mấy chi nhánh ở Singapore nay mới xuất hiện ở Tphcm vài tháng .Mình ăn kêu bánh cuốn nhân Xá Xíu và nhân Tôm. Mình thích vỏ bánh ở đây không mỏng nhưng mềm mượt trơn tuột. Nước tương ngọt nhẹ pha thêm chút Sate cay nhẹ. Xá xíu trong bánh thơm. Tuy nhiên đối với Tôm mình thấy nhỏ hơn so với các Tiệm đồ ăn Hoa khác mà quán lại dùng tôm đông lạnh nữa. Hành phi của quán tự làm nên ăn cũng thơm có độ giòn.

Hiện nay quán có chương trình mua 2 tặng 1 nên mình thấy giá vậy cũng ổn so với mặt bằng bên hông Chợ Bến Thành. Chứ nếu không có promotion thì mình thấy giá vậy cao so với chất lượng.

 Các bạn nhân viên có giải thích là do chủ quá nhập các nguyên liệu từ Bột Bánh ,nước tương ,tương ớt..từ Singapore để đảm bảo hương vị chính gốc của Singapore hết nên cũng làm đội giá thành lên.

Phục vụ rất vui vẻ. Khi ăn xong nhân viên hỏi khách ăn ngon không.

Quán sử dụng dĩa giấy và đũa tre xài 1 lần rồi bỏ như các tiệm đồ ăn nhanh.

Địa chỉ: 14 Phan Bội Châu. Q1. Tphcm sát bên chợ Bến Thành.

#tphcm

#diningreview

#banhcuon","28",,,,"26","2",,,"5"
"2","Thi Ba Space - Working Space. 

#saigon #dinningreview

Hôm nay đổi gió với 1 working space độc lạ mới vừa nhú tại sài gòn nha

Hình như sài gòn vừa rộ lên trend làm Working space tính giờ thì phải, chỗ này cùng chủ với Thi Ba cà phê, concept đẹp, nhìn na ná mấy cái space bên thái, 40k 4h, extra 1 h 15k, nước nôi thì pha sẵn k ngon lắm, không gian yên tĩnh không ồn ào, k thấy check in team tới dội bom không gian, cũm cũm. 

Bàn rất rộng, nhiều ghế ngồi tha hồ lựa chỗ. Nếu có thêm bếp bánh, bếp đồ ăn nữa thì quả là 1 combo tuyệt vời.

Nc mặc dù Thi ba cf lẫn space đều chưa có menu nước ngon, nhưng đây là những viên gạch đầu cho 1 trend cà phê/working space với concept tốt ở sài gòn. Tín hiệu tốt.","12",,,,"10","2",,,"0"
"5","Nhà hàng Aria Mare/ resort Shebara/ Ả rập Xê Út.
Đây là nhà hàng dễ ăn nhất trong resort này. Và nếu nó mở ở Việt Nam hay đâu đó thì chắc cũng sẽ được mọi người công nhận là ngon, ổn. Giá cũng rẻ nhất trong các nhà hàng chuyến đi này.

Hướng dẫn đến nhà hàng: di chuyển từ Việt Nam đi Dubai khoảng 10 tiếng. Sau đó các bạn bay từ Dubai sang Ả rập khoảng 4 tiếng. Rồi từ sân bay Ả rập di chuyển bằng xe ô tô ra gần vùng biển đỏ (phần này ko nhớ vì chúng mình còn dừng lại ở dọc đường 2-3 ngày nữa). Rồi đi thuyền ra resort mất 30p thôi. Nói chung nếu bóc tách riêng thì nhà hàng ko đáng mất thời gian di chuyển để ăn đến thế. Còn resort thì xứng đáng 100% để đi nhé mọi người.

Shebara Resort là một khu nghỉ dưỡng eco-luxury (sang trọng & thân thiện môi trường) nằm trên đảo Sheybarah (Sheybarah Island), thuộc khu vực The Red Sea Destination ở tỉnh Tabuk, Ả Rập Xê-út. 

Nó có thiết kế kiến trúc độc đáo

Resort có 73 villa cực kỳ ấn tượng, gồm:

38 villa trên mặt nước (overwater) với hình dáng như những quả cầu hoặc “hạt ngọc” lấp lánh trên biển.

35 villa sát bãi biển được thiết kế hài hòa với cảnh quan thiên nhiên.

Kiến trúc được thực hiện bởi Killa Design, phản chiếu màu biển và bầu trời, tạo cảm giác như hòa làm một với thiên nhiên xung quanh. Nó được TIME Magazine chọn là một trong “Những nơi tuyệt nhất trên thế giới 2025”.

#diningreview #shebara #arapxeut","46",,,"1","41","4",,,"1"
"41","Tiếp tục là một thảm hoạ list omakase từ một lều báo (wowweekend) mới publish. List này 1/3 là các quán đính kèm của khách sạn, resort. Còn lại là style màu mè xịt xịt rắc rắc.","119",,,"23","94","1",,"1","11"
"4","Một quán ổn với mình thì đồ ăn chỉ là một phần thôi, nó còn ở vị trí, cái không khí nó tạo ra, và đặc biệt nó phải khiến mình cảm thấy thoải mái.

Mình chọn DragonCello cho giáng sinh năm nay với các món:

+ Insalata estiva - Rau rocket, cà chua bi, phomai kem tươi

+ Tortelli di Zucca - Mỳ Ý nhân nhồi phomai ricotta và bí đỏ nướng sốt kem phomai parmesan

+ Pistacchio - Cà chua, burrata, mortadella, hạt dẻ cười, vụn bánh và pestro

+ Brie, Salmone afumicato e asparagi - Phomai mozzarella, phomai brie, măng tây, cá hồi hun khói

+ Costolette d'agnello alla griglia - Thịt sườn cừu nướng

Các món đều ở mức ổn, thực tế thì gọi cho 2 người còn hơi no. Không khí quán dễ chịu, riêng tư khi các bàn kê không quá sát nhau. Nhân viên tư vấn nhiệt tình, nhanh nhẹn. Nhược điểm có thể do Giáng Sinh đông khách nên có vẻ hơi ồn 1 chút xíu.

#diningreview","65",,,,"65",,,,"2"
"4","Em xin giới thiệu quán iu Hisop tại Barcelona ạ 🤩 
Em đã đi quán này 2 lần mỗi lần cách một năm hehe và quán không làm em thất vọng 😊 
Tất cả ảnh là mix đồ ăn của cả 2 set lunch trong 2 năm, em thấy ấn tượng nhất là các loại sốt trong món vị rất mạnh nhưng không át đi vị chính của nguyên liệu 🤩 (có sốt pistachio thì có át vị cá một chút nhưng ksao vì em thích pistachio 😙) 
[life hack] Lunch menu 45€ không có trên website hay menu của quán, mình gọi đặt bàn hỏi riêng sẽ có ạ. (tasting menu cỡ 90€ non wine pairing) 
Highly recccc 😇
#barcelona #hisop","27",,,,"24","3",,,"2"
"51","Không phải Michelin nào cũng ngon
Hôm qua em và người yêu dùng tasting menu tại Kamikaze (nhà hàng mới được Michelin star 2025) và thực sự vừa ăn vừa hỏi chấm vì đồ ăn tệ 🥲 85€ không có wine pairing gì hết 🥲

Đồ ăn trang trí đẹp mắt nhưng phần còn lại là tệ huhu quá tiếc tiền và thời gian vì em có vài ngày để ăn ở Barcelona mà chọn phải quán Michelin tệ 🥲🥲🥲 

(Chi tiết trải nghiệm đồ ăn và dịch vụ ở comment ạ) Bác nào đến Barcelona thì né quán này nha hiuhiu 

#barcelona","140",,,"41","86","1","10","2","2"
"8","Keng Eng Kee - phát huy di sản ẩm thực Singapore. Hôm trước khi mình có chia sẻ về sự buồn rầu khi đi ăn tasting menu của Jumbo Signature thì quán này là 1 sự bù đắp. Mình tới đây nhưng ko gọi cua mà gọi mấy món ăn chơi như mực chiên xù tỏi ớt, gan , súp cua, rau xào, phở xào. Cũng ngon. Nhà hàng được khá nhiều awards, giá cả được. Làm thêm chai bia nữa là phê :) 
#singapore #hawkerfood #diningreview","52",,,,"52",,,,"5"
"7","Ngồi giữa phố cổ #Strasbourg , nơi được mệnh danh là "" thủ đô Giáng Sinh Châu Âu "", những ngày lạnh âm độ và nhâm nhi chút rượu vang ,  ăn vài món ngon nóng hổi chế biến theo phong cách vùng Alsace là trải nghiệm thực sự rất đáng nhớ của tui. 
Vang Alsace nổi tiếng khắp thế giới về hương vị cá tính khác biệt. Ly Pinot Noir này có vị nhẹ, thơm mùi dâu, cherry, hơi khói. Rất hợp với steak bò, súp hành phomai và món gan ngỗng áp chảo tui măm.
Vì là vùng vang đặc sản nên sốt của món steak bò cũng là từ rượu vang đỏ , rất ngon và thơm.

📍L'Oignon Restaurant

#diningreview
#Strasbourg
#Alsace
#France","65",,"1",,"61","3",,,"0"
"6","Một buổi.chiều nhẹ nhàng ở Park Hyatt Sâi Gòn. Dễ tới cả năm mới quay lại đây dùng trà chiều. Sao trên tiktok cứ bảo nhân viên ở đây ko cho chụp ảnh rồi có thái độ bất lịch sự nhỉ, hay mấy em thích sống ảo chụp máy cơ? Chứ mình lăn lộn từ cây thông này qua cây thông nọ chẳng thấy ai kêu gì, hay mình già rồi ko thèm nhắc hihi. Đùa thôi, nói về trà chiều đây là nơi mình thích nhất đấy. 
#diningreview #afternoontea #saigon","45",,"1",,"41","2",,"1","0"
"0","MÙA LỄ HỘI CUỐI NĂM – TRẢI NGHIỆM ẨM THỰC TINH TẾ TẠI MIZUMI WESTLAKE
Mùa Giáng Sinh tại Mizumi Westlake là lời mời tận hưởng những khoảnh khắc sum vầy ấm áp với thực đơn lễ hội được thiết kế riêng. Hai lựa chọn gồm thực đơn đặc biệt và Teppanyaki, kết hợp hài hòa hương vị mùa lễ hội cùng tinh thần ẩm thực Nhật Bản hiện đại, mang đến trải nghiệm tinh tế và giàu cảm xúc.

Khi năm cũ khép lại, Mizumi Westlake chào đón thời khắc giao thừa bằng thực đơn Năm Mới trang nhã và cân bằng. Nguyên liệu tuyển chọn, nhịp độ phục vụ chậm rãi cùng lựa chọn Teppanyaki trình diễn trực tiếp tạo nên điểm nhấn trọn vẹn cho những buổi tiệc đầu năm trang trọng và đáng nhớ.

📖 Xem chi tiết thực đơn: https://storage2.me-qr.com/pdf/9b3702c4-d5cc-4421-a4f8-cf9192e15b4b.pdf

🎁 Ưu đãi đặc biệt: Giảm 10% dành cho hội viên nhóm Dining Review khi đặt bàn qua hotline: 033 984 1805

🥂 Số lượng chỗ ngồi giới hạn – vui lòng đặt bàn sớm để giữ chỗ cho mùa lễ hội trọn vẹn tại Mizumi Westlake.

#MizumiWestlake

#diningreview

#gioithieunhahang","9",,,,"8","1",,,"1"
"5","Xét ra mình đã nhậu kha khá ở Angelina (Sofitel Metropole) Hà Nội hơn 10 năm rồi nhưng quả tình từ khi họ sửa lại nôi thất cách đây mấy năm mình không còn hay ghé, có thể vì những thứ xưa cũ gắn với kỷ niệm không còn. Tuy nhiên, trình bày với cả nhà là mình đã vừa ghé ăn trưa hihi khi mọi thứ đều sáng choang, ko ảo diệu như buổi tối với nhạc xập xình và ly vang Dom Perignon lành lạnh. Bọn mình gọi súp nấm, súp gà, bánh mỳ miễn phí kèm bơ mặn, gan ngỗng áp chảo, thịt bò steak Angus Úc to.bự chà bá, mỳ dẹt và kem cà phê. À quên có salad cam. Kết luận: nếu ko có voucher giảm 40% thì sẽ hiếm khi quay lại. Đồ ăn: được nhưng ko đủ gây thương nhớ . Nguyên liệu tươi ngon. 
#angelina #sofitelmetropole #diningreview #hanoi","67",,,,"65","2",,,"3"
"10","Review Japan Airline First Class A350-1000
1 chiếc First Class trong giới đam mê trải nghiệm máy bay cực kì yêu thích và luôn nằm trong top những ghế First Class hàng đầu thế giới. Bạn này lên hình ảnh hay video clip không hiểu sao nhìn trông khá nhạt nhoà, nhưng bên ngoài lại nhìn cực kì ấn tượng và sang trọng. Toàn bộ khoang First Class chỉ có 6 căn suite với layer 1-1-1 nên không gian từng phòng suite rất rộng rãi, có thể ngồi 3 người thoải mái  với tận 3 chiếc ghế, trong đó 2 ghế có thể xếp thành một chiếc giường to rộng rãi và chiếc ghế còn lại bạn có thể dùng như ghế sofa để ngồi chơi, làm việc mà không cần phải xếp lại chiếc giường kế bên thành ghế khi cần như hầu hết các hãng bay khác. Ngoài ra còn một điểm đặc biệt khác là ở phần đầu ghế có gắn loa nên khi xem phim, bạn có thể hoàn toàn không cần đeo head phone mà vẫn có thể thưởng thức các bộ phim trên màn hình  TV to nhất mà mình từng thấy trên máy bay. 

Có lẽ điều ấn tượng nhất với mình cho chuyến bay này đó chính là đồ ăn - như một bữa Omakase Fine Dining thực sự, ngon từ món khai vị cho tới tráng miệng . Tiếc là mình không ăn được nhiều để thử hết thực đơn dù nhìn thực đơn thấy có tận 4 trang full đồ ăn 😆. 

Nói chung hiện tại với mình em Japan Airline tàu bay A350-1000 là number 1 yêu thích của mình về Business Class và First Class. Hi vọng các tàu bay cũ của hãng sẽ sớm được update đổi lên tàu bay mới chứ đi tàu bay A350-1000 rồi đi lại các tàu bay cũ của Japan airline thực sự rất chán, chỗ ngồi nhỏ, cũ, hệ thống máy lạnh yếu nên khá là nóng. 

Chi tiết trong từng hình ❤️","69",,,"1","60","8",,,"5"
"10","Cedric Grolet.Singapore. 
Đỡ phải xếp hàng mòn mỏi ở cái lạnh 2 độ xê ở Pháp. Quán này mình tới không phải chờ đợi gì. Của 1 anh đầu bếp người Pháp đã từng làm nhà hàng 3 sao Michelin sáng tác ra mấy cái bánh hoa quả sơn ảo diệu lắm. Trông đẹp đẽ mỹ miều ăn quá bình thường luôn ý. Giờ ăn bánh ở quầy bánh JW Mariott ở Hà Nội (The Lounge) dạo này ngon hơn nhiều. 
#diningreview #cedricgrolet #singapore","29",,,,"25","4",,,"0"
"2","# SHODAY RAMEN ngô văn năm

#saigon #dinningreview 

Đang thèm Shoyu ramen thì random thị tẩm thử quán này, thấy hình như là ramen hokkaido nên sợi mì ăn rất khác. Mình gọi thử tô ramen bự 1 full topping thì hơi lạ là phần mì rất ít, hèn gì bán thêm 1 tô mì ăn thêm 90k. Hơi lạ khi bt 1 tô ramen trên 200k là đã no ứ hự r, phần này hơi ít. Bù lại quán co kha khá side dish để ăn kèm. Ngoài phần mì hơi ít thì tô mì này ăn ổn, side dish là mực lăn bột chiên bơ cũng ok, mực rất tươi nhé.

Nếu khu ngô văn năm mà giá hơi cao ntn thì chắc để tiếp khách r.","14",,,,"14",,,,"2"
"10","🍣 Sushi · Unagi Mizuki
📍 3 Chome-16-11 Nishiasakusa, Taito City, Tokyo 111-0035, Japan

Tối đầu tiên ở Tokyo, sau một ngày di chuyển khá dài, mình chỉ muốn ăn một bữa gì đó thật nhẹ, thật đúng vị. Không cần quán nổi tiếng, không cần xếp hàng, chỉ cần một chỗ để ngồi xuống và ăn cho trọn vẹn. Mình mở map, tìm quanh khách sạn, xem vài tấm ảnh, đọc vài review thấy hợp thì bước vào. Và chỉ cách khách sạn đúng một phút đi bộ, mình gặp quán sushi này.

Quán nhỏ, không biển hiệu cầu kỳ, nhưng là một quán sushi gia đình đúng nghĩa. Hai bác chủ quán đã lớn tuổi, cùng người con trai đứng bếp. Bác gái ra mời mình vào ngồi, nói được một chút tiếng Anh, hỏi mình từ đâu tới rồi cười bảo mình trông giống con gái Nhật. Trong lúc ngồi chờ, mình nhìn hai bác làm việc rất tỉ mỉ, cẩn thận và chu đáo. Ở tuổi ngoài 80, bác trai vẫn tự tay cắt cá, bưng đồ, tay có run nhẹ, còn bác gái thì cổ đã gù, lúc nào cũng cúi xuống rất thấp. Nhìn thương lắm, nhưng bác luôn cười rất tươi và di chuyển rất nỗ lực.

Mình gọi sushi và sashimi tổng hợp. Cá tươi, cơm nắm vừa tay, uni béo mịn, unagi nướng thơm vừa. Ăn là biết người đứng bếp đã làm việc này cả đời rồi. Và thật lòng, đây là bữa sushi mình thích nhất trong chuyến ăn ở Osaka, Kyoto và Tokyo lần này, không chỉ vì món ăn, mà vì cả câu chuyện ở nơi này.

Thứ mình nhớ không phải là giá, mà là cảm giác được ngồi trong một quán nhỏ, nơi người ta nấu ăn chậm rãi và tử tế. Đi Nhật nhiều, mình càng tin, ăn ngon không nằm ở chỗ nổi tiếng, mà là nơi có câu chuyện đủ chạm, và những miếng sushi tan chảy trong miệng cùng tình yêu của người đầu bếp dành cho công việc cả đời của họ.

#DiningReview
#TokyoEats
#SushiNhậtBản
#QuánGiaĐìnhNhật","37",,"1",,"34","2",,,"4"
"6","Sabi Sky Omakase-TpHCM
Năm nay mình ăn Giáng Sinh sớm tại Nhà hàng Omakase mới mở. Mới bước vào nhà hàng là 1 khu vườn Nhật và nhà hàng nằm ẩn mình bên trong khu vườn ấy như 1 Hidden Gem. Khi vào đến nhà hàng thì phải trầm trồ với cái view siêu đẹp nằm trên tầng 25 với view bao quát trung tâm Thành phố. Khi ăn có thể nhìn view Landmark 81 và tòa nhà Bitexco.

-Ngoài các loại Cá tươi thiên nhiên  hoàn toàn nhập từ Nhật thì điều đặc biệt ở đây Cơm được trộn bằng giấm đen ủ lâu năm ,kết hợp cùng bột binchotan than đen trộn với cơm làm cho hạt cơm óng ả với mùi vị đặc trưng là công thức riêng của quán. Khi ăn miếng sushi cảm thấy vị ngọt của những miếng cá dry-age. Mình rất thích những hạt cơm từ gạo Koshihikari được nấu bằng nồi gang nên ăn miếng nào xứng đáng miếng đó.

-Ở đây nước súp của các món ăn không sử dụng bột cá,muối hay đường mà nước daishi được hầm từ nước súp nguyên chất của các loại hải sản. Còn vị ngọt thì Bếp dùng phương pháp ủ lạnh gạo lên men để tạo ra nước ngọt tự nhiên mang hương vị rất riêng.

♦Một số món làm mình ấn tượng:

Tinh hoàn cá tuyết với thạch ponzu. bếp dùng phương pháp ủ mất nước nên cô đặc lại béo hơn cho tinh hoàn cá tuyết rất khác biệt.

Sò điệp áp chảo ủ trong tảo bẹ với bơ yuzu vs khoai tây nghiền vs bột giòn bánh mỳ tỏ rong biển khô và cá bào

Rất mê món Bò wagu xào với tốp mỡ bò với cơm dẻo ngọt đan xen với lớp mỡ đậm đà béo ngậy.

Mình được nhà hàng tặng thêm Bò wagu ủ với bã rượu làm miếng bò ngọt đậm đà hơn thơm ngọt nhẹ thoang thoảng mùi rượu làm bò wagu thơm ngọt béo thơm nhẹ mùi rượu. Món này ăn với nhum biển thì đúng là tuyệt vời.

Món tráng miệng với kem được hun khói từ rơm và dầu nắm truffle trắng cũng là 1 món signature của bữa tối. Mình không ngờ vị khói của rơm và tinh dầu truffle trắng lại hợp đến thế.

🍷🍸Nước uống mình có lẽ thích nhất hương vị của chai Sake Hanatomoe được sản xuất bởi nhà rượu Miyoshino Jozo tại tỉnh Nara với vị chua thanh mùi trái cây ngọt đậm đà đầy vị Umami. Đây có lẽ là chai Sake collection và khó tìm của nhà Miyoshino.

Tiếp đến có lẽ phải kể đến chai Shochu được chưng từ khoai lang của Tominohouzan có hương thơm nhẹ nhàng mùi trái cây có vị mượt mà đầu lưỡi hậu vị ngọt nhẹ uống không có cảm giác gắt cổ. 

Nhà hàng có cả Sommelier chuyên tư vấn về rượu.

😊Phục vụ: Tinh tế và chu đáo. Bếp có tương tác tốt .Nhân viên phục vụ chu đáo.

♥️Sau bữa ăn còn được nhà hàng tặng bộ bài các loại cá rất dễ thương.

Dĩa muỗng đũa ở quán rất chịu đầu tư. 

💸Set mình ăn là 3.9tr++ chưa bao gồm rượu. Được chef quý nên tặng thêm vài món nữa.

⭐Omakase ở đây không có những màn trình diễn màu mè nhưng theo 1 sự đơn giản tinh tế 

🏘Địa chỉ Sabi Sky Omakase tầng 25 tòa nha Centec Tower. 72- 74 NTMK. Quận 3. Tphcm.

🎁Thành viên nhóm Dining Review đi 2 khách sẽ được tặng 1 bình Sake 360ml. Cần book và đặt cọc trước

#diningreview

#omakase

#tphcm","29",,,,"22","7",,,"0"
"1","Nhà mình đã có trải nghiệm rất vui tại Yuzu Omasake. Có nhà hàng omasake nào ở HN có nhiều hiệu ứng đẹp mắt nữa không các bác nhỉ. Vk mình rất đam mê ăn uống😅
#omasake #yuzu","23",,"2",,"20","1",,,"0"
"0","Tables 157
Nhà hàng mang phong cách Âu hiện đại nhưng điều làm mình ấn tượng nhất chính là cách kết hợp hương vị Á rất tinh tế. 

🍝🍝Mì ý cua thơm ngon vừa vị, salad  bạch tuộc ăn rất  đã giòn ngọt thịt không bị dai, món vịt ủ khô lạ mà ngon .....

✳️Món ăn được trình bày đẹp mắt, khẩu vị vừa miệng, có nét quen thuộc nhưng mới lạ.

💕  Giá thì khỏi phải bàn , ko lo về giá

🥰🥰🥰 Không gian sang trọng, ấm cúng, phục vụ chuyên nghiệp và chu đáo. Một trải nghiệm ẩm thực đặc biệt, rất đáng để quay lại và giới thiệu cho bạn bè.

#Món ngon quận 1

Hẻm 151 ,lầu 1 Đồng khởi , tp hcm","24",,,,"18","6",,,"2"
"6","Em chào các anh chị Admin và toàn thể anh chị thành viên trong nhóm Dining Review,
Em là Phượng – Quản lý Nhà hàng Link Bistro, thuộc Khách sạn La Siesta, 04 Bà Triệu.

Hôm nay, em xin phép được giới thiệu đến anh chị menu mới của nhà hàng, với những món ăn đặc sắc mang dấu ấn ẩm thực Pháp giao thoa cùng hương vị Việt Nam, được đội ngũ bếp đầu tư và chăm chút kỹ lưỡng trong từng chi tiết.

Mở đầu là các món khai vị nổi bật như Bone Marrow & Garlic Toast – tủy bò nướng béo ngậy, thơm bơ tỏi và thảo mộc, dùng kèm bánh mì nướng giòn; hay Beef Tartare – Vietnamese Style, món tartare bò tươi được biến tấu theo phong vị Việt với ớt, chanh, nước mắm, rau mùi và cơm cháy giòn, mang đến trải nghiệm mới lạ nhưng gần gũi.

Trải nghiệm ẩm thực được nâng tầm với Salad Trolley of the Moment, xà lách tươi theo ngày do bếp trưởng tuyển chọn và hoàn thiện trực tiếp tại bàn từ xe phục vụ, thể hiện phong cách phục vụ tinh tế và chuẩn mực.

Ở phần món chính, Link Bistro mang đến các lựa chọn steak cao cấp như Dry-aged Ribeye 250gr, Dry-aged T-bone dành cho 2 khách, và Wagyu Filet A5 150gr nhập khẩu Nhật Bản, nổi bật với độ mềm, hương vị đậm đà và chất lượng vượt trội. Đặc biệt, thực khách có thể lựa chọn nâng cấp Make it Rossini với gan ngỗng áp chảo và sốt truffle, tạo nên trải nghiệm ẩm thực sang trọng và trọn vẹn hơn.

🎁 Ưu đãi dành riêng cho thành viên nhóm Dining Review:

Giảm 20% trên tổng hóa đơn khi đặt bàn trước, áp dụng đến hết ngày 31/01 tại Nhà hàng Link Bistro – Khách sạn La Siesta, 04 Bà Triệu.

Rất mong được đón tiếp anh chị đến trải nghiệm menu mới của nhà hàng và nhận được những chia sẻ, góp ý quý báu để Link Bistro không ngừng hoàn thiện và nâng cao chất lượng dịch vụ.

Em xin chân thành cảm ơn và hy vọng sớm được gặp anh chị tại nhà hàng.

#gioithieunhahang #diningreview","44",,"2","1","40","1",,,"0"
"1","FESTIVE SEASON _ SHERATON HANOI WEST - 36 Lê Đức Thọ
Em chào các anh chị trong nhóm ạ.

Em là Chuyên viên kinh doanh mảng F&B của Khách sạn Sheraton Hanoi West. Hôm nay em tiếp tục có 1 bài viết để giới thiệu với các cả nhà về các chương trình đặc biệt mùa Giáng Sinh của Sheraton, để anh chị có thêm 1 lựa chọn trải nghiệm ăn uống dịp cuối năm 2025.

 🎄🎄🎄**Gingerbread House Workshop** - Trải nghiệm trang trí bánh nhà gừng thủ công | ngày 21/12

- Thời gian: 14:00 - 17:00

- Địa điểm: Khu vực Sảnh căn hộ- Tầng 1

 ⛄️❄️**Christmas Eve & Christmas Day** | Tối 24 & cả ngày 25/12

📍 The Market | Tầng 1, KS Sheraton Hanoi West

 🦀🦞 Trải nghiệm ẩm thực đỉnh cao: Buffet đặc biệt hoặc Set Menu Giáng Sinh

 

**Chương trình đặc biệt:**

 🎁 Door gift cho trẻ em

📸 Photobooth chụp ảnh tự động với backdrop Giáng Sinh + máy phun tuyết

 🎀 Chương trình Lucky Draw

 🧸 Khu vui chơi cho trẻ em, chú hề vặn bóng, quầy kẹo bông

🎷 Biểu diễn nhạc R&B (tối 24/12), và đàn Violon ( tối 25/12)

Bên em offer 15% ưu đãi cho các anh chị trong nhóm ạ. Anh chị có thể liên hệ với em qua Facebook hoặc SĐT 0969088442.

Em cảm ơn admin đã duyệt bài ạ!","3",,,,"2","1",,,"0"
"7","MUỘI – CÁI GÌ CŨNG LẠ MỘT CHÚT
Muội nằm ở số 10 Mạc Thị Bưởi, ngay bên dưới Triệu Institute. Quán hoàn toàn mới với cộng đồng mê ăn uống Sài Gòn. Ở Việt Nam, bước ra đường là có cả chục lựa chọn, nên để nổi bật giữa đám đông không hề dễ – và Muội đã làm được điều đó.

Bữa tối của mình gồm:
• Bánh mì quán tặng ăn kèm bơ lạt mix hành lá. Mùi thơm lạ, ai thích hành sẽ mê – trong đó có mình.

• Pate Muội: mịn, mướt, vị lạ. Đồ chua ngon, ăn với bánh mì sourdough thì không có gì để chê. Mở màn rất ổn.

• Calamari chiên giòn + sa tế mayo: mực cắt sợi vừa ăn, áo bột mỏng đã tẩm gia vị. Mực ngọt và tươi, nhưng vì bột mỏng nên vài chỗ còn ẩm, chưa đủ giòn – hơi tiếc nhẹ. Bù lại, sa tế mayo cứu điểm khá tốt.

• Bạch tuộc xá xíu: bạch tuộc size khủng, giòn dai đúng kiểu đồ tươi. Xốt xá xíu đậm đà, ăn cùng salad cải xoong phía trên là đỉnh của chóp.

• Mì mực: sợi linguine al dente chuẩn chỉnh. Ý tưởng món này rất hay – ăn mà có cảm giác như đang ăn hủ tiếu mực. Sauce thanh, ngọt, umami rõ rệt. Món này rất “ê răng”.

• “Cơm” tôm: thực chất là mì Ý Orzo nấu cùng bisque, vị ngọt hải sản đậm đà. Tôm sú size bự ( phải cỡ 10–15 con/kg quá) nướng vừa chín tới, ngọt nhân đôi. Ngon tới mức mình gọi 2 dĩa.

• Black Angus MB3 Picanha: phần thịt hiếm, mỗi con bò chỉ lấy được khoảng 1.5–2kg. Thịt sous vide 24h, nhìn đỏ nhưng đã chín. Mọng nước, mềm, cắt dày vừa phải ăn rất đã.

Ăn kèm với bò:
• Khoai mỡ nghiền: lấy cảm hứng từ canh khoai mỡ quen thuộc. Khoai nghiền lợn cợn nhẹ, nêm nếm vừa, thêm rau om, ngò gai và dầu đầu tôm thơm nức. Lạ và ngon tới mức mình gọi thêm 1 dĩa nữa.

• “Caesar” salad: ngoài xà lách Romaine còn có diếp cá, kinh giới. Gạo lức rang thay cho crouton, món này hay, ăn vui miệng và cũng rất “ê răng”.

Tráng miệng:
• Flan + whip dừa & nước mắm caramel:phải ăn, phải ăn, phải ăn. Cái gì quan trọng nói 3 lần.

• Tres Leche: cá nhân mình thấy chưa đủ wow, nhưng đồng nghiệp thì khen ngon.

Tổng kết:
Với một quán mới, Muội vẫn còn vài chi tiết nhỏ cần chỉnh, và bảng hiệu nên nổi bật hơn một chút vì rất dễ… đi ngang là lướt mất. Nhưng nhìn chung, các nguyên liệu hải sản địa phương được nâng tầm 1 cách hoàn hảo, đây là một địa chỉ đáng thử, sáng tạo và có cá tính rõ ràng hoàn toàn

#Seafood #diningreview #saigon #westernstyle","36",,,,"30","6",,,"7"
"0","Du Yên - quán chay giản dị dễ thương Michelin Guide 2025  ở Thảo Điền. Cô chủ quán người Huế. Mình thấy món pasta trong có pesto và phomai là ngon nhất. Nó mềm, tan trong miệng. 10/10. Nước uống khá ngon. Các món khác như cơm cháy chà bông, 1 set cơm có canh chua, rau rừng xào, đậu hũ kho nấm cũng ngon, vị rõ ràng vừa vặn đâu ra đấy. Các bạn ăn thử chưa? 1tr5 3 người. 
#VegetarianFood #diningreview #saigon #HueStyle","23",,,,"23",,,,"3"
"14","Xin phép chào sân Hội,
Mình có 1 start up nho nhỏ chuyên về nông sản việt, với mong muốn đưa nông sản Việt đến gần hơn với người Việt. Sản phẩm chính mình muốn giới thiệu lần này là THỊT CỪU🐑

🌞Ninh Thuận nổi tiếng với các trang tại nuôi cừu, chăn thả hoàn toàn tự nhiên, cừu ăn cỏ 100%. Thịt mềm, ngọt thanh, thơm, không hôi. Giá trị dinh dưỡng cao giàu protein, sắt, omega3 ko kém j cừu Úc. Thịt cừu còn an toàn ngay cả cho các bà bầu và trẻ nhỏ. Nhưng giá thành lại chỉ bằng hoặc thấp hơn 1/2 giá cừu úc nhập khẩu. Hiện nay không ít các nhà hàng cao cấp trong nước lựa chọn làm nguyên liệu cho các món fine dinning.

🌟Bản thân mình là người đã trải nghiệm cừu Úc rất nhiều (do có người quen ở Úc mang về), để mà so sánh thì hương vị một chín  một mười. Tuy nhiên cừu Úc trọng lượng sẽ lớn hơn nhiều cho với cừu Ninh Thuận. Trung bình cừu NT chỉ tầm 20-25kg/con nên 1 số phần như sườn cừu sẽ ko thể có quá nhiều thịt nếu cắt theo kiểu Pháp. Ngoài ra đùi cừu cũng là 1 sự lựa chọn tuyệt vời vì rất mềm, mọng và ngon.

🐑Thịt cừu được mổ tươi trong ngày và vận chuyển luôn ra Hà Nội, do đường dài nên bên mình buộc phải cấp đông để giữ nguyên được độ tươi ngon của thịt. Mỗi 1 đơn hàng bọn mình đều có kèm theo sốt ướp thịt, và rất mong nhận được feedback của mọi thực khách để bên mình có thể điều chỉnh hoàn thiện sốt ướp phù hợp với khẩu vị của mọi người nhất ạ

🔥Mình xin phép giảm 10% cho tất cả các đơn hàng của member hội từ ngày 17/12 -1/1/2026

Giá chưa giảm:

- Sườn cừu kiểu Pháp: 595k/kg

- Đùi cừu nguyên xương: 395k/kg

- Đùi cừu rút xương: 495k/kg  

🌟Hy vọng mọi người hãy cho Cừu Ninh Thuận 1 cơ hội để thưởng thức xem chất lượng nông sản Việt ra sao. Bên mình có sườn cừu cắt kiểu pháp, đùi cừu rút xương, đùi cừu nguyên xương phù hợp với mọi bữa ăn, mọi độ tuổi của gia đình. Ngoài ra nếu mn có nhu cầu order riêng loại thịt hoặc nguyên con vui lòng báo trước với bọn mình nhé. 

Mình xin cảm ơn các admin đã duyệt bài ạ 🙏🏻

Hotline: 0366234568- 0366898379

#cuuhomefarm #nongsanviet","56",,"1",,"49","6",,,"1"
"3","Brunch ở Laluna- Quận 7-TpHCM.

🎄Quán Brunch và Cafe trang trí Giáng Sinh rất dễ thương không gian thiết kế đẹp. Bước vào quán thấy đủ các màu sắc cảm thấy tâm hồn vui tươi hơn.
Các món ăn nhìn chung cũng khá ổn.

🌻Gnocchi sốt kem béo và thịt cua. Món này mình thấy cũng bình thường,dễ ăn theo khẩu vị người Châu Á. Trên Menu ghi là Authentic Itailian Gnocchi nên mình kỳ vọng khi order sẽ nấu theo kiểu Ý với nhiều Chesses nhưng món này chỉ nấu với kem tươi không cảm thấy vị của Chesses như các món Pasta chuẩn Ý.

🌻Món Cơm Chả mực Cari Nhật. Vị Cari thơm ngon. Tuy nhiên chả mực lại không ngon. Mực xây nát quá nhuyễn và nhão ăn không thấy vị mực đâu cả. Ăn miếng mực cảm thấy ngán. Cơm ở đây là cơm gạo Nhật dẻo thơm nhưng cơm lại cho nhiều hơn sốt Cari làm ăn cơm lại thấy thiếu sốt.

🌻Mỳ Spagetti với sốt Bolognese với steak. Món này sốt Bolognese của nhà hàng làm ngon vị cà chua đặc nhưng dịu không quá gắt béo thơm nhẹ mùi phomai Parmesan. Steak mềm ngon. Tuy nhiên lúc order nhân viên cũng không hỏi khách là muốn thịt bò về độ chín như thế nào nên lúc mang ra miếng thịt bò làm Blue Rare luôn. Mình thì thích Medium rare hơn. 

🌻Món gà Charsiu với sốt Hollandaise ăn ngon. Gà ướp dậy mùi Charsiu ăn với bánh mỳ đen với sốt Hollandaise béo mượt thơm mùi bơ.

Các món ở đây theo mình nấu bị nhạt. Cần đậm đà hơn 1 chút.

🍰🥐Tráng miệng là bánh Waffle với kem Mascapone ăn ổn. Bánh Waffle chưa thơm lắm. 

Bánh chocolate lava nóng hổi ăn với kem Vanilla thơm mùi Chocolate loại tốt không quá đắng. 

🍹Nước uống. Mình đánh giá ở đây cafe pha rất thơm ngon.. Mình gọi ly Cafe Caramel muối pha rất vừa độ béo.Có lẽ quán làm đồ uống chuyên nghiệp hơn.

🙂Phục vụ: mình thấy nhân viên phục vụ ở đây chỉ biết bưng đồ ăn ra thôi chưa tinh tế trong lúc phục vụ,chưa quan sát biết khách cần gì để phục vụ.Món ăn share cũng không có  Cuttlery share chung cho khách và còn nhiều thứ khác nữa. Lúc phục vụ cũng ít tươi cười với khách.
Các món ăn ra chậm.

Nhìn chung Laluna là quán Brunch cũng đáng trải nghiệm với không gian đẹp. Đồ ăn ở mức trung bình khá. Mình thấy ở đây khách HQ tương đối đông.

Địa chỉ: Laluna Brunch and Coffee
27 đường 17. Phú Mỹ Hưng. Q7. TpHCM

#diningreview
#brunch
#tphcm
#quan7","24",,,,"23","1",,,"2"
"3","**Hai quán ăn mình đã trải nghiệm ở Kyoto **

1. Gyukatsu Kyoto Katsugyu - Gyukatsu (Thịt bò tẩm bột chiên)

Add: nhiều địa điểm, cũng phải xếp hàng

Op Hr: 10:30am-10:30pm

Quán không nhận đặt bàn, dĩ nhiên là lúc nào đi qua cũng hàng dài người xếp. May thế nào mình tới có chỗ luôn, chắc ăn giờ dở dở ương ương 4pm. 

Mình gọi 1 phàn gyukatsu, 1 phần sukiyaki. Mình cũng ko ấn tượng quá về món này, chắc tại gọi phần bò thường. Có thể gọi wagyu thì sẽ mềm hơn. 7/10

1. Yakiniku Hiro (Kyoto Station) - BBQ

Add: 510-1 Shiokojicho, Shimogyo Ward, Kyoto, 600-8212, Japan

Op Hr: 5pm-11pm

Cũng không đặt bàn và cũng may là tới cái có chỗ luôn.  Ở đây có set menu với giá tàm 7k-8k yen cho 2 người, bao gồm các phần thịt được lựa chọn bởi chef. Mình thấy các loại thịt ăn khá ngon, k quá nạc, k quá mỡ (dễ ngấy). 8/10","25",,,,"23","2",,,"3"
"2","Cháo sò huyết 
#saigon #dinningreview

Cháo lòng cháo gà cháo dịch thì bt r pk, nay qua ăn thử cháo sò huyết cùng 7749 loại tóp pin. 

Overrall ngon,mình gọi cháo sò huyết bò bằm + 1 phần bào ngư thêm ăn thử

 Sò huyết rất tươi, luộc vừa chín tơi, cắn vô thấy mùi thơm lừng, cháo ngon ngọt thanh, bò bằm 1 cục lớn, chất lượng. Còn bào ngư size cũng hai ngón tay, làm sạch sẽ bỏ trony thố chưng cùng các loại thuốc bắc. 

Có đính kèm menu cho mn tham khảo giá. Recommend nếu mn tìm đồ độc lạ sg","14",,,,"13","1",,,"1"
"1","#saigon #diningreview #margherí #50toppizza
Tối qua mình cùng người bạn trải nghiệm pizza thuần Ý tại Margherí  , nên  muốn chia sẻ ngay với mọi người. 
Từ khi bước chân vào, mình cảm nhận được sự niềm nở của nhân viên và anh chủ người Ý , thái độ của anh chủ làm mình ấn tượng , anh chủ rất ân cần và lịch thiệp hỏi chúng mình về cảm nhận món ăn và giải thích về nguyên liệu . 
Dù nhà hàng đông khách, mọi thứ vẫn vận hành    trơn tru và chuyên nghiệp
Chúng mình đã order món  Burrata Salad , tiếp đến là món Crab Ravioli và Pizza  Salmon Teriaky half Smooky Beef Brisket  . Sau cùng là chúng mình dùng món tráng miệng  Panna cotta . Ấn tượng đối vs mình nhất là vỏ bánh ở đây đúng kiểu Ý mà mình từng ăn .
 Đây là địa điểm lý tưởng cho mọi dịp, gặp gỡ bạn bè đến những buổi hẹn hò lãng mạn. Chắc chắn mình sẽ quay lại và giới thiệu cho tất cả mọi người!","24",,,,"23","1",,,"1"
"0","Yakitori Tetsu. 
#saigon #dinningreview 

Hqua đi cà hê, đang kiếm đồ ăn thì vô tình lướt qua quán này, nhìn dô trong thấy cũng sáng sủa con nhà gia dáo nề nếp lễ nghi ok nên tắp đại dô khỏi coi rì diu.  

Ta nói trời thương ăn rất ok k trượt món nào. Ở đây xài điện thoại qét QR để order tại chỗ rất 5.0. 

Overall đồ ăn rất ngon, giá k rẻ k mắc. Đồ tươi, yakitori rất ngon. Tổng thiệt hại 7 xụi. 

Recommend.","30",,,,"29","1",,,"2"
"6","Gourmet award của epicure. Theo cá nhân thì hạng mục dining, italia, vnese, french, jap và omakase hơi bị chấm hỏi","27",,"1","9","17",,,,"1"
"5","Ăn trưa ngay gần văn phòng và có ảnh xmas đem về 🥰
Location: Phagia Triệu Việt Vương

Trưa hôm qua mình có thử unagi don vs tonkatsu curry, giá hợp lý cho 1 suất cơm khá đầy đặn.  Quán ngay gần văn phòng nên mình tạt qua ăn 1 suất cơm nhẹ nhàng thôi, mình thích cơm lươn hơn là curry, vị của món curry ở mức tạm tạm thôi.

Ncl thêm 1 lựa chọn cơm trưa cho các ace khu Vincom Bà Triệu, giá mỗi suất là 135k em thấy ổn.

#review #hanoi #diningreview","29",,,"1","28",,,,"6"
"1","Emirates First Class Lounge in Dubai - trải nghiệm Emirates First Class Game Changer 

Emirates First Class Game Changer là loại mới nhất của tàu bay 777-300ER, nhưng 
để trải nghiệm được bạn này không hề dễ dàng vì nó chỉ có đúng 9 máy bay có hạng First Class này với những đường bay đi và đến từ Dubai như: 
Brussels
Chicago
Kuwait
Geneva
Melbourne
Tokyo 

Để canh được chiếc vé này khá là khó khăn do đường bay ít, hãng bay thỉnh thoảng đổi aircraft vào phút cuối nên mình khá là may mắn sau cả năm canh vé cuối cùng cũng có được những trải nghiệm độc đáo nổi trội này như: 

- Emirates có khu check in riêng dành cho khách đi hạng First Class, khi vào đến cổng sẽ có nhân viên ra đón bạn, đón hành lý từ tay bạn, mời bạn vào chỗ ngồi và mời bạn dùng khăn lau mặt cùng nước uống. Trong khi bạn ngồi thư giãn thì nhân viên sẽ làm mọi thủ tục check in, kí gửi hành lý, in vé máy bay và đem ra tận nơi cho bạn. 

Thiết kế: ý tưởng thiết kế từ Mercedes Benz & NASA designed với 6 căn buồng duy nhất trong khoang First Class.

- Suite như một căn phòng riêng tư đúng nghĩa khi cửa cao đụng trần, không có khoang để đồ như các hãng khác nên rất rộng và thoáng, nhìn y như một căn phòng riêng đúng nghĩa.

Ghế trải thành giường ( hoặc dạng ghế sofa thư giãn) với chế độ Zero Gravity, khi nằm có cảm giác y như nằm trên giường mềm mại êm ái chứ không giống như đang nằm trên một chiếc ghế kéo ra thành giường. Khi trải ra thành giường khá to rộng, ngoài tấm nệm lót còn được lót thêm một lớp mền lông mềm mịn. Chắc đây là ghế máy bay xịn xò nhất và nhìn sang trọng nhất mà mình được trải nghiệm

- Có nhiều tủ rộng rãi cất đồ như vali, treo áo quần, xách tay.

- Màn hình 32 inches với bảng control to bự như một chiếc ipad.

- Có 3 ô cửa sổ digital window với rèm che  
Bạn có thể điều chỉnh nhiệt độ riêng trong phòng theo ý bạn muốn.

- Điều chỉnh màu đèn căn phòng theo ý bạn muốn. 

Dịch vụ Unlimited caviar - ăn trứng cá caviar thoải mái không giới hạn.

- Ăn bất kì lúc nào bạn muốn chứ không theo giờ giấc phục vụ như các hãng bay khác. 

🌺 Emirates First Class Lounge khu B: một trong những phòng chờ lớn nhất thế giới, tuy nhiên nhìn từ bên ngoài vào nó buồn chán 
với gam màu hơi quê dù biết đó là màu cam đặc trưng của hãng. Điểm cộng là lounge có rất nhiều ( phải gọi là rất rất nhiều ) đồ ăn, chia ra từng section riêng biệt nhìn ngợp hết cả mắt. Ngoài ra lounge còn có khu spa, khách vào lounge có thể chọn các dịch vụ massage thư giãn hoặc sử dụng phòng tắm gội. 

Chi tiết mình có ghi ở từng hình ❤️","45",,,,"40","4",,"1","0"
"5","Trải nghiệm Emirates First Class tàu bay A380

Khoang hạng nhất ( First Class) của hãng Emirates với tàu bay 2 tầng A380 nổi tiếng với các dịch vụ đặc biệt như :

Fine dinning với dịch vụ dining on demand : ăn bất cứ khi nào bạn muốn, bất kì món nào bạn muốn với màn khai vị là trứng cá caviar. Đây là một điểm rất khác biệt so với các hãng bay khác là ăn theo giờ ăn chung với những hành khách khác. Thực đơn Emirates rất nhiều đồ ăn, phân chia ra nhiều menu khác nhau như Khai Vị, Món chính (Main Course), Snack, Light Bites, Tráng Miệng, A movie snack menu v..v..

Shower Spa : phòng tắm trên không dành cho khách First Class, mỗi khách được tắm 20 phút ( nhưng mở nước chỉ được 5 phút 😆) 

On board lounge : Nhâm nhi rượu ở quầy bar, thưởng thức Dubai Chocolate 

Bulgari set: một túi đồ cá nhân với nước hoa, dưỡng da skincare, gương lược v..v..mang thương hiệu Bulgari 

Transfer: có xe đưa đón riêng đưa tới sân bay nếu bay từ các sân bay hub chính của Emirates

Chi tiết mình có thể trên hình ❤️","76",,,"1","71","4",,,"1"
"10","Em chào tất cả Anh/Chị thành viên trong nhóm Dining Review, xin phép Anh/Chị cho em được có đôi lời gửi tới mọi người.

Em là Thành, hiện đang là Quản lý của Lẩu Phiêu, nhà hàng lẩu mới toanh tại 20 Lê Đại Hành, Hai Bà Trưng, Hà Nội.

Lẩu Phiêu ra đời với mong muốn mang lại một trải nghiệm lẩu đậm chất Việt nhưng vẫn nhẹ nhàng, hiện đại. Bọn em theo đuổi triết lý “Phiêu-ling vị cổ”, tức là giữ lại cách nấu nước dùng xưa: thanh, nhẹ, ninh kỹ, không béo ngấy nhưng kết hợp với phong thái phục vụ chỉn chu và phù hợp với nhịp sống hôm nay.

Hiểu rằng khách đi ăn lẩu thường tìm kiếm sự quây quần, gắn kết, nên bọn em cố gắng tạo ra không gian để mọi người chuyện trò thoải mái như dưới “mái đình” ngày xưa – ấp áp, gần gũi và dễ chia sẻ. Menu hiện tại đang có 2 vị lẩu là Lẩu Riêu và Lẩu Bò Nhúng Dấm Mơ cùng nhiều loại thịt bò nhúng. Sắp tới, nhà hàng cũng sẽ phát triển nhiều món hơn để phục vụ nhu cầu đa dạng của khách hàng ạ!

Nhân dịp Grand Opening, em xin phép gửi tới Anh/Chị trong nhóm hai ưu đãi nhỏ để đến trải nghiệm thử:

- Tặng Bắp Hoa Bò Tươi cho bàn từ 2 người (5/12-14/12)

- Đi 4 tính tiền 3 cho khách đặt bàn trước 1 tiếng (5/12-21/12)

Anh/Chị có thể đặt bàn qua hotline: 0832 688 862

Rất mong sẽ sớm được đón tiếp và gặp gỡ Anh/Chị tại Lẩu Phiêu.

#diningreview

#gioithieunhahang","40",,"1",,"31","8",,,"2"
"12","#Koki #diningreview #hanoi #CapellaHanoi #japanese 
Chúng mình thấy ngồi dưới nhà hàng ở basement hơi tối nên đã bê lên rooftop ngồi ăn cho sáng sủa :) còn món cơm/mỳ và tráng miệng mà no quá không ăn được nữa. Cá sống, bò goa gyu, bò Koki, cá tuyết ... giờ tui đi detox đây. 
Michelin 1 star 3 năm liên tiếp.","46",,,,"41","4",,"1","3"
"6","Cathay Pacific First Class Lounge The Pier ( Hong Kong airport) 
Vài tháng trước mình đã từng review phòng chờ thương gia Cathay Pacific Business Lounge The Pier và rất mong chờ đến cuối năm nay sẽ được trải nghiệm luôn phòng chờ hạng nhất First Class lounge nổi tiếng của Cathay tại Hong kong. Đợt tháng 11 vừa qua mình có dịp bay với Qatar Airways nhưng do Qatar cùng trong hệ thống liên mình hàng không One World với Cathay Pacific nên mình được sử dụng Lounge First Class the Pier. 

Tại Hong Kong airport hãng Cathay Pacific có 2 First Class Lounge, The Pier và The Wing. Cả 2 đều được review rất cao, tuy nhiên quãng đường đi bộ giữa 2 cái lounge này là vạn dặm 😆, kiểu cái đầu sông cái cuối sông, đi bộ 8 quãng đồng mới tới nên rốt cuộc mình chỉ đủ thời gian ghé 1 lounge là Pier ở gần gate 63 , lounge The Wing mình sẽ quay lại trải nghiệm vào tháng 2/2026 .

Trải nghiệm đặc biệt đầu tiên đó là lounge có riêng một nhà hàng Mott 32 với thực đơn Tasting Menu và A la carte Menu khá là ngon. Mình thử thực đơn Tasting Menu xong là vừa đủ no trong khi con gái mình chỉ ăn một phần bánh hamburger . 2 mẹ con đều ăn ít nên cũng không thử được nhiều món, tuy nhiên mọi món mình gọi đều ngon và vừa miệng. 

Trải nghiệm đặc biệt kế tiếp là có spa với dịch vụ Foot Massage, Head Massage hoặc Neck and Shoulder Massage cho khách hàng, ngoài ra còn có thêm Day suites với day beds và Shower Suites. Tuy nhiên do không có nhiều thời gian nên mình mà chỉ ăn xong rồi đi tắm, sử dụng Day Suites nằm nghỉ ngơi chút rồi đi loanh quanh chụp hình là chính. 

Các bạn có thể xem thêm tiết mình có ghi ở các hình ❤️","56",,,,"50","6",,,"0"
"2","The Long @ Times Square Nguyễn Huệ. Excellent Italian Cuisine. Lunch menu  was delicious.  Waiter Thanh and waitress Chau were very nice and professional.","16",,,,"15","1",,,"1"
"2","Antico Fornaio-Tphcm.
Nghe mọi người khen quán này quá nên mình phải đi ăn thử xem sao. Rủ thêm một số bạn bè đi ăn chung để thưởng thức được nhiều món.

Nhìn chung các món ở đây không có món nào dỡ. Chỉ từ ngon đến rất ngon mà thôi.

Một số món mình rất ưng ý:

🌼+ Zuppa di Polpo:một món soup hầm bạch tuộc/mực ống trong sốt cà chua với Oliu chấm với bánh mỳ Foccacia. Được Chef giới thiệu đây là món từ Bà Ngoại dạy cho Chef.Tổng thể là sự kết hợp cân bằng giữa độ tươi của hải sản, vị chua ngọt của cà chua, và hương thơm của dầu ô liu cùng thảo mộc, tạo nên một hương vị rất Địa Trung Hải.

🌼+ Mỳ Casarecce alla Norcina là món nhất định phải thử khi đến đây.  Mỳ được quán làm thủ công với nước sốt mượt mà từ kem béo và phomai Ricotta kết hợp với hương nắm truffle và một chút mặn mà của thịt heo chiên giòn của Ý tạo nên 1 đĩa Pasta rất cuốn hút .

🌼+ Bánh mỳ Focaccia với Straciatella với sốt hạt dẻ cười và phomai Ricotta cũng là món Signature của quán với lớp vỏ bánh Focaccia giòn tan đặc trưng của miền Nam nước Ý. Vỏ bánh ở đây cực giòn như lớp da heo quay vậy. 

🌼+ Món heo quay Ý Porchetta với lớp da giòn tan,lớp mỡ béo nhưng không ngấy và lớp thịt thơm nhẹ mùi hương thảo. Thịt ướp đậm đà uống với bia là đúng bài.

🍰Với các món tráng miệng thì Tiramisu của quán là 1 sự lựa chọn tốt. Ngoài ra trong mùa Giáng Sinh này cũng nên thử món bánh Panettone của Quán vớt bột bánh xốp mềm không hề khô nhưng mềm tan trong miệng và thoang thoảng hương cam chanh . Bánh này được ăn với Kem Ý hiệu Dolce Vita thì cực kỳ tuyệt vời.

🍷 Kết thúc bữa ăn với Lemon cello ấm bụng cho thời tiết se lạnh là đúng bài.

💸Bill 3 người ăn uống no nê Bill hơn 2 triệu cũng khá rẻ. 

🏘Không gian: nhà hàng không quá lớn nhưng thiết kế ấm áp với view kính nhìn ra bên ngoài rộng thoáng đẹp.  

Nhà hàng đã có 3 quán ở Bangkok và đây là cái đầu tiên ở VN cũng như ở Sài Gòn. Nghe nói sắp mở thêm 1 chi nhánh mới ở Q1 đầu sang năm. Mình cũng hy vọng sớm mở bên Q1 cho mình qua ăn gần hơn.

Địa chỉ:69 Hoàng Văn Thái. Q7. Tphcm

#diningreview

#italianrestaurant

#tphcm

#quan7","36",,,,"31","5",,,"5"
"6","Review Qatar Airways First Class 777-300ER & Qatar Airways Al Safwa First Class Lounge

Thấy mấy nay group xôm tụ với các bài review đồ ăn trên máy bay và lounge nên mình cũng góp vui vài bài ❤️#

Qatar Airways đó giờ nổi tiếng thế giới với ghế Qsuite của hạng Business rồi nên khi book First Class của tàu bay 777-300ER mình cũng hơi đắn đo vì lí do : đây là một tàu bay cũ mà Qatar mướn lại của Cathay Pacific, google đã giải thích như sau ""Under this ""dry lease"" agreement, Qatar Airways repaints the planes, uses its own crew, and provides its own food and service, while keeping the underlying cabin hardware from Cathay Pacific."" 

Nói chung đây là một tàu bay khá cũ và nó lộ rõ những đặc điểm đó như : bàn ghế lộ ra những vết sờn, hơi bong nhẹ, không có các tính năng hiện đại như những máy bay mới, không có cửa đóng riêng tư thành phòng riêng v...v.. Tuy nhiên mình vẫn quyết định book vì yếu tố chính là nhờ chiếc vé First Class này mà mình được trải nghiệm 2 First Class lounge hàng đầu thế giới ở Hong Kong và Doha khi mình có 8h quá cảnh ở đây trước khi bay tiếp tới Dubai. 

Sau khi hoàn thành xong chuyến bay và trải nghiệm 2 First Class lounge thì mình có những nhận xét sau:

✅ Dù là máy bay cũ nhưng ghế rất to và rất êm, nằm ngồi ở tư thế nào cũng thích.

✅ Dịch vụ: 10/10, không có một điểm nào chê được, tiếp viên siêu chu đáo, ân cần và quan tâm khách từng chút một. Ngay cả các bạn làm phục vụ dưới mặt đất và trong lounge cũng thế, đúng kiểu khách hàng là thượng đế. Tiếp viên chịu khó giới thiệu từng món ăn một cho khách, đem ra cho mình thử hết cái này đến cái khác, khi trải giường cứ luôn miệng hỏi nệm nằm có êm không, có ok không muốn thêm 1 lớp nữa không . Cuối buổi thấy mình thích mấy vật dụng cá nhân trong bộ quà tặng và nước hoa nên tặng thêm cho mình một bộ extra cho nam để mang về cho chồng...

✅Đồ ăn : Ngon, vừa miệng, có bữa afternoon tea ( trà chiều) là bữa mình thích nhất. 

🌺Qatar Airways Al Safwa First Class Lounge 

Mình đã phải thốt lên đầy ngạc nhiên khi bước vào sảnh dành riêng cho hạng First Class Lounge của Qatar Airways ở Doha - nó to và lộng lẫy hơn bất kì lounge nào mình từng vào với nhiều khu khác nhau như khu nghỉ ngơi chia riêng cho khu chung và khu cho gia đình có phòng chơi cho trẻ em, phòng ngủ như hotel , khu spa, khu tắm gội, khu cầu nguyện, 2 khu dinning với thực đơn gọi món như nhà hàng. Khách hàng sẽ được boarding trực tiếp từ cửa riêng trong lounge chứ không phải ra cổng xếp hàng, có xe riêng dành cho hạng First Class riêng chở ra máy bay nếu chuyến bay kế tiếp bay ngắn, sử dụng máy bay thân nhỏ như từ Doha bay Dubai. 

Để được sử dụng lounge này các bạn cần bay hạng First Class của Qatar Airway ( hoặc First Class của các hãng hàng không thuộc liên minh One World), hoặc bay hạng Business của Qatar airways đồng thời là thành viên hạng Platinum của  Privilege Club, hoặc bay hạng Business của Qatar airways và trả phí sử dụng lounge $165.

Chi tiết các bạn xem ở hình nhé ❤️","62",,,,"57","4",,"1","3"
"1","Và tôi đã quay lại Nuboko và Masu như thế nào. 
Nếu mọi người còn nhớ thì tôi đã từng có 1 bữa ăn trưa náo nhiệt ở Nobuko Hà Nội (bữa đó là set lunch) ko mấy ấn tượng và một vài bữa ko no ko đói ở Masu Hà Nội. Nhưng và rồi mùa thu mát mẻ khiến tôi nghĩ có lẽ ta nên quay lại và ăn cái gì ngon nhì (ko phải ngon   nhất) ở 2 quán này xem sao. Và hóa ra ngon thật ý. 
Ở Nuboko là tepanyaki set.uống với Dasai 23. Và qua Masu tôi cũng chơi 1 set cũng pair Dasai 23. Ê, ngon nha. Đau ví nha :) cỡ 3 tới 4 củ khoai 1 người. 9/10.
#diningreview #Nuboko #masu #hanoi #japanesefood","29",,,,"27","2",,,"1"
"8","Thêm 1 nhà hàng ở Shanghai cho mọi người có thể ghé qua.
Nhà hàng này e được bạn tài xế taxi giới thiệu, bạn đấy cũng là người đam mê ẩm thực, rất tâm huyết chia sẻ 1 vài nhà hàng cho bọn em, em đã đi thử 2 nhà hàng bạn chỉ đều rất ok
Nhà hàng này chuyên về tôm. E có dùng dịch trong alipay lúc quét app gọi đồ thì có 3 loại tôm, tôm hùm đất, tôm hùm xanh và tôm gì đó e ko nhớ tên. Nhưng bạn tài xế có bảo món đặc biệt ở đây là tôm hum đất nên nhà e gọi tôm hùm đất là chính, có gọi cả tôm hùm xanh. Vì dịch theo alipay e nghĩ tên ko chuẩn lắm. Có món must try là tôm ngâm đá, trẻ con nhà e làm 2 suất liền. Ăn xong đòi ăn thêm. 
Hầu hết các món ở đây đều có chút cay, có 1,2 món ko cay mà e cứ thấy hình ảnh hấp dẫn là e chọn chứ ko biết tên là gì. Lúc e chọn hình ảnh nhìn bé mà bê ra đĩa to đùng cũng hơi hoảng vì gọi nhiều. Nhưng may quá bạn nhân viên bóc hết ra thấy cũng ko quá nhiều. Vị món nào cũng ngon. E có gọi thêm cái nồi canh gà cho trẻ con chan cơm, nước vs gà ko nêm gia vị gì, nhạt nhưng nước rất ngọt thanh. 
E thấy có món lẩu có quả sung bàn nào cũng gọi nhưng e sợ cay trẻ con không ăn được nên không gọi 
Có 1 nhân viên sẽ đứng bóc sẵn xếp tôm gọn đẹp cho mình nhé ạ, mình ko cần động tay tý nào luôn
Quán này gần Quảng Trường Nhân Dân. Địa chỉ vs tên quán e có chụp ảnh lại bên dưới
#shanghai
#tômhùmđất","36",,,,"35","1",,,"1"
"8","Năm nay là A60 của Singapore, bỗng dưng tôi đi Sing rõ nhiều. Post này có 1 must try và 1 not to try  nhé hihi. Chắc hẳn ai tới Sing cũng ăn Jumbo seafood trứ danh. Hôm đó rảnh lên thế nào cả hội đi ăn tasting menu của Jumbo.
 Seafood signature ở Marina Bay Sand.  Giá cũng chát. Mà ko  ngon tẹo nào. Đừng mất học phí như tui. Tuy  nhiên, quán thứ 2 là bún tôm.tên Zhup Zhup, mới mở mà Michelin nha. Ăn ngon cực luôn.  Nên thử  nhé cả nhà. 
#diningreview #jumboseafood #zhupzhup #singapore","54",,,"1","51","2",,,"3"
"9","Skyward Michelin 3 star private cusine (on air)
Sau khi xơi Michelin dưới mặt đất tôi định bụng sẽ chia sẻ với cả nhà niềm vui mỗi khi tôi bay Mỹ với China Airlines của Đài Loan. Có 1 nhà hàng Michelin 3 sao ở Đài Bắc và họ đã hợp tác sản xuất ra cái mê niu này cho những người ham ăn như tôi. Ăn đủ 2 bữa sáng 2 bữa tối. Công nhận là  ngon và thú vị.
PS: ảnh mờ ảo do ăn âm thầm trong bóng tối hihi. Và nếu bay từ VN qua Mỹ giá của CSA khá hợp lý.
#diningreview #michelinonair","31",,,,"31",,,,"1"
"0","","8",,,,"8",,,,"0"
"14","JW Mariott Hà Nội Wong Chi Ming Cantonese Restaurant  
Đã rất lâu rồi mới có 1 nhà hàng nấu đồ ăn Quảng Đông ngon mà mình thích. Ban đầu mở ra ở đây là quán Crystal Jade giống restaurant ở Lotte Legend Sài Gòn, sau đó đổi thành Anthony và bây giờ tên là Wong Chi Ming. Mình đã ăn 3 lần và lần nào cũng ngon. Gà hấp mềm, vịt quay da ròn rụm, ba chỉ quay ròn bi cứ là ASMR, súp hải vị, mỳ tan tan, đậu phụ nhà làm sốt nấm, lơ xanh sốt dầu hào, cải làn xào tỏi món gì ăn cũng ưng. 9/10. 
#diningreview #hanoi #wongchiming","114",,,,"110","4",,,"8"
"56","CẢNH BÁO VỀ VŨ PHONG THU / HỒNG PHONG TRAVEL.
Chúng tôi quyết định post lên đây để các anh/chị/bạn bè làm trong ngành F&B và các khách sạn có thể tránh ra và không bị l.ừ.a vì VŨ PHONG THU. 

-----

Nhóm chúng tôi (6 người) mua land tour Dubai – Arab Saudi qua Vũ Phong Thu (Hong Phong Travel) với kỳ vọng mọi thứ rõ ràng, chuyên nghiệp. Nhưng những gì diễn ra khác hoàn toàn cam kết và gây tổn thất lớn về tài chính lẫn tinh thần.

Bài này viết ra để những ai đang muốn book tour qua Thu đọc kỹ – cân nhắc kỹ, vì chúng tôi không muốn thêm ai phải rơi vào tình trạng rối ren giống mình.

⸻

1. Chất lượng dịch vụ và cách xử lý: KHÔNG THỂ CHẤP NHẬN

Từ lúc đặt chân đến Dubai, từng khâu một đều phát sinh vấn đề:

Xe không đúng, HDV chặt chém, lịch trình loạn xạ — nhưng tạm bỏ qua vì nghĩ có thể thông cảm cho sai sót nhỏ.

Theo như tour đã đặt, khi đến Arab Saudi, chúng tôi sẽ nghỉ 2 đêm đầu tiên ở BANYAN TREE. Thế nhưng khi chúng tôi gần đến nơi thì VPT mới nhắn hỏi là ""nhân viên em đã báo cho các chị rằng để tăng tính trải nghiệm thì các chị sẽ ở Our Habitas 1 đêm và Banyan Tree 1 đêm chưa ạ?"" Ủa em? Mệt bỏ mẹ còn bắt đổi khách sạn hả????? Chúng tôi ko đồng ý thì VPT ok luôn em sẽ hoàn tiền 1 đêm: 1000$/phòng * 3 phòng = 3000$. Thoải mái chưa các chị? Nhưng sự việc nó còn hay hơn là khi chiếc xe lừ lừ tiến vào resort thì lại thấy biển ""Caravan by Our Habitas"", là khu cắm trại và ngủ trong cái xe bus cải tiến. 🙂 Còn Our Habitas mà lúc trước Thu nói đến là khu villa cơ mà Thu ơi!!!!!!! Thu nói mọi thứ đã book xong nên ko thể nào thay đổi, xuống xe thì HDV dí luôn cho cái chìa khoá phòng và thế là chúng tôi đành enjoy cái moment này chứ làm thế nào bây giờ?

À thế nhưng sự việc Banyan Tree ko dừng ở đó. Từ đầu chúng tôi đặt là 3 POOL VILLA. Thế nhưng đến nơi thì nhận 2 VILLA THƯỜNG VÀ 1 POOL VILLA, Thu nói rằng UPGRADE 1 phòng lên POOL VILLA cho chúng tôi. Lúc đó mệt quá cũng ậm à ậm ờ, chỉ thấy sai sai ở đâu đó, về lục lại tin nhắn mới thấy là từ đầu book 3 POOL VILLA Thu ơi!!!!! 

💣 Tệ hơn nữa: Ở Shebara Island Resort, Thu nói “tặng speedboat để xin lỗi”, nhưng khi check-out thì khách sạn báo toàn bộ chi phí của 1 villa 2 ngủ + speedboat CHƯA THANH TOÁN.

→ Đoàn bị đặt vào tình huống buộc phải trả 260 triệu ngay lập tức, giữa một điểm du lịch biệt lập, không có lựa chọn nào khác.

⸻

2. Vấn đề hoàn tiền: Chúng tôi đã kiên nhẫn đủ rồi

Thu ứng trước 100 triệu và hứa hoàn toàn bộ phần còn lại khi đoàn về.

Nhưng sau đó:

 • Hẹn – thất hẹn

 • Chuyển nhỏ giọt vài triệu

 • Lý do lặp đi lặp lại

 • Hẹn giờ trả rồi ko trả

Đến hôm nay, số tiền 136.280.000 VND (chúng tôi làm tròn thành 135tr) vẫn chưa được thanh toán đúng cam kết.

Chúng tôi đã cực kỳ thiện chí. Nhưng không ai có thể kiên nhẫn mãi với kiểu làm việc này.

⸻

3. Lý do chúng tôi phải đăng công khai

Vì nếu nhóm chúng tôi im lặng thì sẽ còn nhiều người khác bị rơi vào cùng hoàn cảnh.

Chúng tôi có đầy đủ:

 • tt ck đặt tour

 • tin nhắn trao đổi

 • toàn bộ chứng cứ từ đầu đến cuối

Và sau khi chia sẻ câu chuyện, rất nhiều người đã chủ động liên hệ, kể về các vụ việc tương tự trước đây.

Nhóm đã lập Zalo để tổng hợp thông tin và hỗ trợ nhau khi làm việc với các bên liên quan.

#vuphongthu

#hongphongtravel #hongphongtravelluadao

#luadaodulichDubai #luadaodulichArabSaudi #ShebaraIslandResort #Banyantree 

#beatvn #TheLiems #otofun #kenh14","187","7",,,"152","2","5","21","3"
"10","Các quán mình đã trải nghiệm ở Tokyo:
1. Ore No Yakiniku - BBQ

Add: Nhiều địa điểm - Phải đặt chỗ

Op Hr: 11:30 AM–3 PM, 5–10:30 PM

Bữa này mình gọi hơi lố và cũng có nhiều loại vân mỡ cao nên cái kết là ngấy tận óc. Tuy nhiên, phải công nhận là thịt mềm, mọng, tan trong miệng. Tổng thiệt hại bữa này là tầm 20k yen/2 người. Tính ra tổng trọng lượng phải tầm 500-600gram các loại thịt. Mình thấy giá vậy khá là ok khi được ăn bò wagyu a5. 8.5/10

1. Mantensushi Nihonbashi - Omakase

Add: Nhiều địa điểm - Phải đặt chỗ, đúng khung giờ mới được vào.

Op Hr: 11 AM–2 PM, 5–9:30 PM

Một quán Omakase rất đỉnh, siêu chật, mở cửa ra là vào chỗ ngồi luôn, bọn mình đặt bàn trước tầm 3 tuần. Đầu bếp rất chịu khó tương tác với khách hàng. Khung giờ mình ăn từ 7:30pm tới hơn 9:00pm mới xong. Tổng cộng có 22 món lận, no căng, ăn đến nỗi phải hủy lịch đi chợ Giáng Sinh vì muộn giờ. 9/10. Các món đều cảm giác tươi ngon, cơm dẻo, giá cả rất phải chăng, chỉ 8k8 yen/set omakase 22 món.

1. Tsukiji Outer Market - Hải sản

Add: Japan, 〒104-0045 Tokyo, Chuo City, Tsukiji, 4 Chome および６丁目一部

Op Hr: 

Khi đi qua khu chợ ngoài trời thì mn sẽ thấy rất đông đúc, hầu như các hàng đều có line dài người chờ. Mình theo 1 chỉ dẫn trên insta là đi vào cái building bên cạnh đó để mua đồ ở tầng 1 và lên tầng 3 ngồi ăn thì giá sẽ ok hơn khu chợ bên ngoài.

Khu chợ đồ tươi này nằm ở tầng 1 và có foodcourt ở sân tầng 3 của Tsukiji Uogashi - Odawarabashi Building. Bọn mình mua 1 set càng cua nhỏ, 1 phần bụng cá ngừ, và 1 khay nhum biển. Sau đó mang lên foodcourt ngồi ăn. Cua hấp thì bình thường, nhưng cá ngừ và nhum thì rất ấn tượng. 

1. Mukai - 海鮮処 向井 - Seafood donburi restaurant

Add: 15-6 Shinsencho, Shibuya, Tokyo 150-0045, Japan

Op Hr: 10:45 AM–1:45 PM

Ban đầu mình định đặt chỗ ở 1 quán omakase khác nhưng hết sạch bàn nên Mukai này chỉ là plan B. Ai ngờ lại rất ok nha. Bọn mình đến sớm 15’ trước giờ mở cửa thì có bàn luôn. Quán này rất nhỏ, và có 1 khoảng sân vườn đúng kiểu nhật rất xinh. Tuy nhiên, bên ngoài đó chỉ có 1 bàn nên bọn mình phải ngồi trong nhà. Ở đây chuyên cơm hải sản. Mình gọi loại đặc biệt nhất thì có thêm phần otoro và nhum biển, ăn rất đã. Đến khi gần hết thì chan thêm nước Ochazuke vào để kết thúc phần ăn. Giá 1 bát khoảng 3k yen. 9/10

#diningreview","82",,,,"78","4",,,"18"
"12","Nhà hàng must try mọi người khi đến Shanghai
Nhà hàng có tên Taste of China. Cả nhà e đi ăn nhà hàng này đều rất tâm đắc chấm 10/10 từ người lớn đến trẻ con.
E có tìm các nhà hàng có hoá trang hoàng cung nhưng đọc review thấy ăn đều ko ngon nên e mò mẫm thì tìm được nhà hàng này review đồ ăn ngon mà lại rất phù hợp khi có trẻ con. 
Nhà hàng có biểu tượng là chú gấu Panda. Dịch vụ bao gồm: trải nghiệm ẩm thực các vùng miền của Trung Quốc, có dịch vụ thuê trang phục cổ trang và có trang điểm, dịch vụ chụp ảnh. 
- Không gian: Phòng ăn chia 3 khu vực Vip, A, B. Vip là sát sân khấu, nhà e book 2 bàn này. Trong phòng có màn hình lớn 3D rất hoành tráng để chiếu về câu chuyện trải nghiệm ẩm thực của chú Gấu Panda. Có 1 phần sân khấu để xem những tiết mục biểu diễn như múa võ, múa kịch thay mặt nạ truyền thống TQ mà e ko biết gọi tên là gì
- Trải nghiệm trang phục: Mình sẽ đc vào phòng thay đồ chọn trang phục trên màn hình và có 2 nhân viên vào hỗ trợ thay đồ sau đó makeup làm tóc cho mình. Giá cho trang phục: hơn 600k/ng, giá cho cả trang phục và makeup hơn 1tr4/ng
- Đồ ăn: Thực đơn được làm thành quyển passport, từng trang là từng vùng miền có món ăn đó. Và trên màn hình sẽ chiếu những đoạn phim theo chân của Gấu Panda đến mỗi vùng miền và kể câu chuyện về món ăn mà mình sẽ được ăn. Hình ảnh vô cùng đẹp và có tương tác trên bàn ăn luôn. Đồ ăn rất ngon, có tất cả các món đặc trưng của TQ. Trình bày cũng đẹp mắt
Giá của người lớn khoảng 3tr6/ng, trẻ em 1tr8/bé
(Menu trẻ em không có món đậu cay và lẩu) 
- Dịch vụ: nhân viên hầu hết nói được tiếng Anh, phục vụ rất chu đáo nhiệt tình. Nhà e có trẻ con sau khi ăn xong còn đc tặng mỗi cháu 1 chú gấu bông Panda
Phải nói là e vô cùng tâm đắc với nhà hàng này, ko những thú vị, câu chuyện rất hay, hình ảnh đẹp vô cùng mà đồ ăn cũng ngon chứ không phải như mấy nhà hàng chỉ xem là chính ăn là phụ. Mọi ng rất rất nên thử nhà hàng này. Nó ngay gần phố đi bộ Nam Kinh. 
Bài viết và hình ảnh không lột tả được hết sự wow khi đến ăn tại nhà hàng 
#shanghai
#tasteofchina","45",,,,"37","8",,,"6"
"12","Phòng chờ hạng Nhất của Thai Airways (TG) ở phi trường Bangkok (BKK): nơi bạn được đối xử như là hoàng gia !

Ăn ở đây lúc nào bạn cũng có 2-3 ""tỳ nữ"" xinh như hoa đứng hầu. Bạn chỉ cần nhìn 1 cái là ""tỳ nữ"" sẽ tươi cười chạy tới hỏi bạn cần gì. Mình ăn nhằm miếng ớt cay quá, mới ho ho vài cái là ""tỳ nữ"" tự động đem cho 1 hũ kem vanila !!","90",,,"1","86","3",,,"2"
"11","Trải nghiệm ăn uống ở nhà ga dành cho khách hạng Nhất của hãng Lufthansa ở Frankfurt (First Class Terminal) và trên khoang hạng Nhất của Boeing 747-8 (Queen of the sky).

Đồ ăn ở Lufthansa First Class terminal có lẽ là ngon nhất trong tất cả các First class lounge mà mình từng ăn. Đồ ăn ở First class lounge của những hãng như Emirates, Singapore, Etihad, Qatar, Japan Airline,...tuy ngon nhưng ko có cái nào đạt được tới mức ""fine dining"".","96",,,"1","84","11",,,"4"
"11","Dưới đây là một số quán ăn mình cảm thấy ấn tượng qua trip Nhật Bản vừa rồi. Mình nghĩ mỗi người một khẩu vị, ngon với người này nhưng có khi không hợp người khác, những địa điểm mình chia sẻ là cảm nhận cá nhân, từ khẩu vị, giá cả, cách phục vụ. Bắt đầu từ Osaka đi, Kitchen of Japan cơ mà.

Osaka - “Kitchen of Japan”:

1. Soba Dokoro kajikasou minoh (Near Minoh Park) - Soba noodle

Add: 大阪府箕面市箕面1-6-6 (6 minutes walk from Hankyu Minoo Station; 221 meters from Minoh) Op Hr: 11am - 4pm

Quán nằm ở lối vào chính công viên Minoh, một căn nhà truyền thống của Nhật, với tán lá phong và lối vào xếp đá. Lên đến cửa thì mọi người nhớ ghi tên trước rồi ra ngoài chờ chứ nếu cứ đứng xếp hàng là khỏi ăn luôn. 

Mình gọi 1 soba nước với thịt heo. Và 1 curry soba trộn. Nhìn chung 2 món cũng dễ ăn nhưng ko quá đặc biệt, ko để lại ấn tượng gì mấy. Nhưng đó là bữa ăn sau khi đáp máy bay, húp hết sạch. 7/10
1. Robata to Kamameshi Iokura - Quán nhậu

Add: 大阪府大阪市北区西天満4-10-17 (10 minutes walk from Yodoyabashi Station; 10 minutes walk from Higashi Umeda Station; 12 minutes walk from Kitashinchi Station; Osaka Tenmangu Shrine 15 minutes walk; 440 meters from Oebashi..)

Op Hr: 1pm-12am

Một quán khá đẹp, ngồi quây quanh khu bếp xem đầu bếp chế biến, các món ăn sẽ được đầu bếp chuyển cho khách thông quay một cây gậy như một cái thìa khổng lồ, phục vụ khá thú vị. Trong số các món đã gọi (rau củ nướng, thịt bò nướng và trứng sống, cá nướng) thì có phần sashimi là đặc biệt tệ, cảm giác không được tươi. 6.5/10

Món mời: Đâụ phụ mềm, ngậy, ăn mướt mịn như kem. Mình rất thích món này.

Trong các món mình gọi thì có món diềm bò nướng ăn khá mềm, cá nướng bơ miso cũng ngon.

Tuy nhiên, sau bữa ăn này thì cả 2 vc đều bị đau bụng. Khả năng là do lúc chấm trứng sống hoặc khay sashimi kém tươi kia.
1. 道頓堀酒場くれおーる - Takoyaki 

Add:1 Chome-6-4 Dotonbori, Chuo Ward, Osaka, 542-0077, Japan

Khi đang đi dạo ở khu vực dontobori, mình thấy có hàng Takoyaki này nhiều em học sinh người nhật đang đứng chờ sẵn. Vậy nên mình cũng vào chờ order luôn. Chỉ cần chậm 1 chút thôi là hàng đằng sau dài dằng dặc. Chờ khá lâu vì lúc đó bếp mới bắt đầu làm. Ăn cũng cơ bản, cảm giác lớp bột bên trong hơi nhão quá. 6.5/10
1. Kuromon market

Uozaku (Inside Kuromon Market) - Kaisendon (Seafood bowl - Cơm sashimi)

Add: 1-17-9, Nippombashi, Chuo-ku, Osaka

Op Hr: 9am - 7pm (Closed: Mon)

1 Dĩa cơm lươn nướng và 1 sushi dạng hộp với sashimi cá hồi, trứng cá và nhum biển.  Tổng thể ăn chấp nhận được, phần nhum thì cảm giác hơi hăng quá, ko ngậy béo.. 6.5/10
1. Uofuku (Inside Kuromon Market) - Sea Urchin/ Uni (Nhum biển, hàu)

Add: 2-3-7, Nippombashi, Chuo-ku, Osaka

Op Hr: 9:30am - 4pm (Closed: Wed)

Một con nhum biển ở đây có giá từ 2000-3000yen. Khá đắt. Mình gọi ăn thử 1 con, số lượng hơi ít nên cũng chưa đủ để cảm nhận. Được cái đồ tươi. Ngoài ra, ở đây còn bán thêm cả sò điệp/hàu nướng mà rất nhiều người xếp hàng chờ. 7/10
1. Maguro Entoki (Inside Kuromon Market) - Tuna

Add: 1-21-7, Nippombashi, Chuo-ku, Osaka

Op Hr: 7am - 4pm

Bọn mình mua 1 phần bụng cá ngừ otoro nhỏ nhỏ giá 1000yen, là hộp rẻ nhất nên cảm giác phần thịt hơi bị rời rạc, miếng ko được đẹp. Nhưng về độ tươi ngon thì khá ok. Ngon hơn hẳn so với bữa ở Robata. 7.5/10
1. Mattari-Purin Dotombori まったりプリン 道頓堀店 - Purin (JPN Caramel)

Add: 1 Chome-9-17 Dotonbori, Chuo Ward, Osaka, 542-0071, Japan

Op Hr: 12am-10pm

Hộp caramel có giá 350JPY.  Không quá đặc biệt, ăn cũng ổn. 7/10

Mình đã rất ấn tượng với món caramel kiểu nhật khi ăn ở Nuboku tại Hà Nội, nhưng trong trip lần này mình chưa ăn được hộp nào ngon bằng ở nuboku.

#diningreview","40",,"1",,"37","2",,,"10"
"2","Ăn sáng ở Dìn Ký. 
#saigon #dinningreview 

Cho ai chưa biết thì Dìn ký b sáng có bán các loại mì, dim sum khá ngon. Có bánh tôm rất ngon, phải gọi thêm 1 cái ăn cho đã. 

Kiểu k là xuất sắc 1 nhưng ngay trung tâm quận 1 và rất tiện khi bán nhiều món để chọn lựa, hợp cho ăn đông gia đình và khó fail. 

Ngoài ra menu bình thường mình hay ăn cà ri gà ở đây rất đỉnh. 

Recommend.","27",,,,"26","1",,,"2"
"0","Pubblico - Focaccia & Piza 

#dinningreview #saigon 

Sau bữa ăn bên q7 Focaccia quá ngon nên fb nó suggest ad tương tự, tìm đc quán này ngay trung tâm quận 1 đối diện Sheraton. 

Khác với tưởng tượng trong đầu mình đây là một nhà hàng, thì đây là mô hình fast food & take away, ăn nhanh. 

Mô tả ngắn gọn là nếu bạn chưa ăn bên q7 thì ở đây ăn ok, vị trí ngay trung tâm, có thể fast in & fast out quick meal gọn lẹ.

Nếu xét về độ ngon nếu đã ăn quán q7 rồi thì ở đây k bằng, cha nội chủ ng ý bên bển bỏ cái gì dô ăn dính khó hiểu lắm, phần nhân bánh đầy đặn nhiều hơn ở đây, giá tương đương.

Tóm gọn lại là nó không dở, nhưng nhân bánh bị mỏng, ít, ăn k đã, focaccia phần bánh nó k giống như cha nội chủ ý cho ăn bên q7, khó diễn tả nhưng nó k đúng ""chất ý"" trong cái bánh này. 

Ăn 1 cái tại chỗ, mua 2 lát pizza xách mang về, à pizza ở đây là dạng cắt khối vuông nhé, như ở rome đó.

Tổng thiệt hại 5 xị, 1 foca, 2 lát piza, 1 coca.","17",,,,"15","2",,,"0"
"6","Vien Dining — cứu tinh mỗi lần không biết ăn gì!
Đồ ăn ở đây món nào cũng ổn định, ngon, chuẩn vị Việt. Không gian thì dễ chịu, không ồn ào, đi ăn một mình cũng thoải mái cực.

Em hay tự “cày menu” mỗi lần thử một món và chưa lần nào thất vọng. Tên món dễ thương, trình bày chỉn chu. Món chân ái mỗi lần đến vẫn là salad rau trái — lần đầu tiên ăn salad mà mê tới nghiện :)) Em thấy ngon ngang salad hoa quả của Pizza 4P’s nhưng nhiều rau hơn nên healthy hơn.

Món chính thì thịt heo mềm ngon giống xá xíu, chim câu ngon nhưng hơi ít với em, cừu non thơm đúng kiểu cừu, cá thì béo mềm cực kỳ. Tráng miệng lúc nào cũng gọi chè nhãn — ngọt bùi, thêm rong biển nữa, healthy dễ sợ =)))

Highly recommend cho anh chị nào muốn hẹn hò: đồ ngon, không gian vừa phải, nói chuyện thoải mái. Không như nhiều nơi ồn quá hoặc yên quá lại ngại haha.

#diningreview #hanoi","102",,,,"96","6",,,"6"
"2","Bữa Sáng tại Mia Boutique Hotel Sài Gòn.
Sáng cuối tuần rảnh đi qua khách sạn Mia bên Quận 2 ăn sáng. Đây là 1 khách sạn Boutique 5 sao nằm ven sông Sài Gòn với không khí mát mẻ trong lành vào buổi sáng sớm.

Các món ăn trong quầy buffet khá đa dạng.Có cả Menu gọi món. Các món ăn trong quầy buffet hầu hết đều ngon tươm tất. 

Các món trong menu gọi món nhìn chung đều ngon. Làm chỉnh chu. Phở bò và Phở Gà thơm ngọt xương,thịt cắt dày,không cảm thấy vị bột ngọt nhiều. Món bún Thái cũng ngon,chua nhẹ nhàng,hải sản to dày tươi rói,rất chất lượng như trong thực đơn gọi món chứ không phải làm qua loa.

🥐Các món bánh ngọt ở đây làm rất tuyệt,thơm.bơ. Ăn là biết resort dùng bơ xịn để làm bánh.

Buffet sáng ở đây còn được phục vụ Sparkling wine và nước khoáng có Gas nữa.

⭐Phục vụ: Các bạn phục vụ rất dễ thương. Take care khách tốt. Dọn dẹp chén đĩa dơ ngay sau khi khách dùng món xong.

🌼Những điểm mình chưa ưng:

+ Sợi phở và bún bếp trần chưa kỹ nên chưa được mềm lắm.

+ Bột bánh ướt  và nước chấm pha chưa được ngon. 

+ Bột bánh kẹp thịt VN cũng chưa ngon lắm.

💸Giá 630k++ khách. Với giá như vậy với không gian và đồ ăn như vậy mình thấy quá ổn. 

🚗Di chuyển: Từ trung tâm có thể đi Grab hoặc Metro đến Ga Rạch Chiếc rồi đi bộ vào Resort 200m là tới. Thấy Resort có Cano chở khách từ trung tâm nhưng phải booking trước.

Địa chỉ: Khách sạn Mia Boutique

02-04 Đường số 10. Phường An Khánh. TpHCM

#diningreview

#tphcm

#miaboutiquehotel

#breakfast","19",,,,"18","1",,,"2"
"0","Xin chào các anh/ chị thành viên trong nhóm, em xin phép giới thiệu chút về các chương trình sắp tới của Terra Mare ạ . 

Terra Mare x Domaine Faiveley — Tiệc Rượu Vang | 13/12 ✨

Chúng tôi trân trọng kính mời bạn tham dự một buổi tối đặc biệt, tôn vinh Domaine Faiveley — một trong những tên tuổi biểu tượng của Burgundy.

Vào Thứ Bảy, ngày 13/12, hãy cùng Terra Mare bước vào hành trình ẩm thực thân mật với năm dòng vang thượng hạng đến từ Chablis, Côte de Beaune và Côte de Nuits, kết hợp cùng thực đơn 5 món được sáng tạo riêng cho sự kiện.

Từ nét tinh khiết của Chablis Billaud-Simon đến chiều sâu và sự thanh lịch của Nuits-Saint-Georges “Les Montroziers”, mỗi pairing đều được chăm chút để tôn vinh sự hòa quyện giữa cảm hứng Địa Trung Hải, tinh hoa ẩm thực Pháp và nét tinh tế Á Đông.

✨ Một đêm hoàn hảo dành cho những người yêu vang, nhà sưu tầm và thực khách mong tìm kiếm trải nghiệm đáng nhớ.
✨ Số lượng chỗ ngồi giới hạn nhằm đảm bảo sự riêng tư và chất lượng phục vụ tối ưu.

Ưu đãi dành cho thành viên Dining Review:
– Giảm 10% cho bàn 2 khách trở lên.
– Từ ngày 10/12, Terra Mare ra mắt Set Menu mới, kèm ưu đãi đặc biệt: tặng Non-Alcoholic Pairing hoặc  Sparkling Wine ( Ly) cho hội viên Dining Review.
 Rất mong có cơ hội được đón tiếp anh/ chị tại Terra Mare 

📍 Địa điểm: Terra Mare — 66 Tô Ngọc Vân, Tây Hồ
📞 Hotline: 0865 064 966
#gioithieunhahang
#diningreview","10",,,,"9","1",,,"0"
"10","Run = Fun [ Hà Nội - triệu việt vương]
Lâu lắm rồi mới xoã 1 bữa ăn mà dùng gần hết menu của cả nhà hàng, và vẫn như mọi khi, Run Fun luôn làm mình cảm thấy thoả mãn từng calo đã tập hùng hục đổi lấy. 

Khai vị của Run Fun gồm nhiều các món nhỏ, viên, nên cứ nhẩn nha chậm chậm với rượu vang là hợp lý. Hàu, viên bò nước mắm, sup gan ngỗng lá chanh là những món mình thích nhất. ( Mải ăn quên chụp ảnh mấy món liền :(( ). Món chính thì cả cừu, Iberico và cá răng đều must try, mình đặc biệt thích cừu, mềm, sốt thơm và ấn tượng, nhớ ghiiaaa… Tráng miệng, thì vẫn signature nhất, Khoai Lang bơ nâu, quá là ngonnn, lần nào cũng ngonn :((, chả nhẽ lúc nào thèm mà ko dám ăn nhiều chỉ lên ăn dessert xong về..

Điểm trừ là menu không nhiều món lắm, mình đi 6 người, ăn hết 90% menu, với menu các món khai vị hơi nhìu món chiên một chút, mình sẽ thích có nhiều món khai vị mát mát, nhẹ nhẹ hơn để ăn được nhiềuu hơn mà khumm béo. Thấy bảo sắp có menu mới, hi vọng Run Fun đáp ứng nguyện vọng của tuii. 

#hanoidining #HanoiFoodies","60",,,,"49","11",,,"4"
"28","Chào mọi người,

Mình xin đại diện Ban Quản lý **Yiam Yiam Seafood** gửi lời chào trân trọng đến cả nhà. 

Yiam Yiam Seafood là nhà hàng chuyên về Cua Cà Ri và hải sản kiểu Thái Fusion, với không gian ẩm thực hiện đại, tinh tế giữa lòng Hà Nội – là điểm hẹn lý tưởng cho Giáng Sinh, Tết Dương lịch hay mọi dịp tụ họp bạn bè, gia đình, đồng nghiệp.

🦀 Chúng mình tự hào sử dụng 100% Cua Năm Căn Cà Mau chuẩn xuất xứ, kèm theo mã QR truy xuất nguồn gốc minh bạch. Tất cả cua đều được buộc dây rút nhựa, không có trọng lượng thừa, đảm bảo bạn được thưởng thức trọn vẹn vị cua tươi chắc, ngọt tự nhiên, giàu gạch – đúng chuẩn chất lượng Cua Năm Căn Cà Mau từ thịt đến hương.

Menu đa dạng với hơn 10 cách chế biến Cua và hải sản khác độc đáo như Cua Cà Ri Trứng Kiểu Thái, Cua Gạch Hấp Phô Mai Sữa Bông Hồng, Xôi Cua Đốt Giòn, Cua Sốt Ớt Sing, Cà Ri Ghẹ Đỏ, Cua Sốt Tiêu Đen, … với phong vị Thái độc đáo nhưng đã được điều chỉnh để phù hợp với khẩu vị của người Việt.

⭐️Hòa chung không khí tiệc cuối năm đang đến gần, nhà hàng xin gửi đến bạn ưu đãi độc quyền 15% tổng hóa đơn (*) dành riêng cho thành viên Dining Review. Bạn chỉ cần ghé thăm Yiam Yiam Seafood và xuất trình hình ảnh bài đăng này. Ưu đãi được áp dụng đến hết ngày 31/12/2025.

Chúng mình chân thành mong được phục vụ bạn trong thời gian sớm nhất. Mỗi góp ý, chia sẻ hay cảm nhận của bạn đều vô cùng quý giá, giúp Yiam Yiam Seafood ngày càng hoàn thiện hơn trong chất lượng món ăn lẫn trải nghiệm dịch vụ.

Rất mong được chào đón bạn tại Yiam Yiam Seafood!
Xin cảm ơn và kính chúc bạn những trải nghiệm ẩm thực thật trọn vẹn và ấm áp.

📍 Hệ thống cơ sở: 

CS1: Yiam Yiam Seafood - N03-T3 Ngoại Giao Đoàn, Bắc Từ Liêm- Hotline: 024 3960 5555

CS2: Yiam Yiam Seafood - 18 Đào Tấn, Ba Đình - Hotline: 024 2240 5555

(*) Hoá đơn không bao gồm đồ uống có cồn.

[#diningreview](https://www.facebook.com/hashtag/diningreview?__eep__=6&__cft__[0]=AZWgA1S5qeniAg-1HJ8Y66jXCBe2ZQpegjBNY1d_BdVrDKU6uw-VqJvXfJM6AcE-kgvhX5YG-HfcT8S3fy6oe-LwN95kBe_qGZ3tBzUD0VsK8jKwaTQwvj2WsF_N3Dpp-XOwmj1E55z6jYunwi2Qwh-j&__tn__=R]-R)

[#gioithieunhahang](https://www.facebook.com/hashtag/gioithieunhahang?__eep__=6&__cft__[0]=AZWgA1S5qeniAg-1HJ8Y66jXCBe2ZQpegjBNY1d_BdVrDKU6uw-VqJvXfJM6AcE-kgvhX5YG-HfcT8S3fy6oe-LwN95kBe_qGZ3tBzUD0VsK8jKwaTQwvj2WsF_N3Dpp-XOwmj1E55z6jYunwi2Qwh-j&__tn__=R]-R)","61",,"1",,"54","6",,,"2"
"8","Tiệm Bánh nướng Hồng Kong- TpHcm.
Tiệm này thấy cũng mới mở của 2 cô chú lớn tuổi người Hồng Kong tự làm thủ công.

Bánh ở đây ngon lắm. Mình ưng nhất là 3 loại

Bánh trứng Bồ Đào Nha,Bánh Nướng Xá Xíu và Bánh nướng thịt bò.

Hôm mình ăn bánh vừa mới ra lò nóng hổi. Bột bánh xốp nóng hổi. Nhân xá xíu thơm phứt chuẩn vị Hồng Kong. Nhân bánh nướng thịt bò mộng nước thịt ngọt có hành tây nên ăn bắt miệng lắm.Khi ăn sẽ có ít nước tứa ra như Siu Long Bao vậy.

Chất lượng bánh ở đây ko thua các nhà hàng Hoa nổi tiếng  ở Sài Gòn thậm chí nhỉnh hơn.

Nên chọn bánh trứng Bồ Đào Nha sẽ ngon hơn Bánh Trứng thường nhé.

Giá cả tầm khoảng 30k cái.

Không gian nhỏ ít chỗ ngồi có máy điều hòa.

Địa chỉ: Union Station Bakery

21 Đỗ Quang. Thảo Điền. Q2. TpHCM

P/s: Khi lựa bánh xong nhờ cô chủ quán nướng bánh lại cho ấm sẽ ngon hơn.

#tphcm

#diningreview

#banhnuonghongkong","36",,,,"35","1",,,"8"
"10","Antico Fornaio

#saigon #dinningreview

Quán chủ người ý, chủ yếu bán pasta và focacia. 

MÌnh gọi 1 focacia mang về, 1 pasta, 1 nghêu, 1 tiramisu, 

Overall mọi thứ rất ngon, giá rổ rá hợp lý, pasta rất ngon, tiramisu dọn ra giựt mình vì khẩu phần rất bự, rất ngon. Món ngêu cái  nước sốt ngon nhưng hơi mặn, umami tràn đầy khoang miệng, góp ý chủ nhà hàng giảm độ mặn lại, cái bánh mì đi kèm ăn rất ngon. Hình như anh chủ có trong gr mình. 

Có góp ý là có gọi nhân viên vài lần mà xa quá k nghe thấy hay sao phải gọi lại, cái này k vấn đề khi đồ ăn đã quá ngon. 

Recommend nhé.","96",,,,"91","5",,,"21"
"9","BỮA TIỆC CỦA 13 CHEFS MICHELIN THẾ GIỚI VỚI 27 NGÔI SAO MICHELIN 

13 món ăn sáng tạo tuyệt vời
144 thực khách trong 1 sự kiện có 1 0 2 

Các món ăn tôn vinh nguyên liệu Việt dưới bàn tay chuyên nghiệp của 13 Đầu bếp đạt 1-3 sao Michelin từ khắp thế giới bay về (mà chúng ta đều hiểu là có 1 sao còn khó ntn) cho 1 Sự kiện Ẩm thực mang tính dấu ấn.

Âm nhạc, Nghệ thuật, Ánh sáng, Sự chuyên nghiệp được bày vẽ ra trước mắt của hàng trăm thực khách. 

Các món ăn và mô tả sẽ được chia sẻ trong từng ảnh, và sẽ được update trong 1-2 ngày tới vì lịch trình dày đặc của em Zen Zen 😭

#diningreview
#saigonreview","83",,,,"76","4",,"3","5"
"0","Lại là mình… người có đam mê Tiramisu ạ. Lần này mình xin được review “món đồ trang sức” đến từ Meri Dessert.
– 

Lúc va phải cái sponsored post “Chỉ bán sản phẩm chưa hoàn thiện” của Meri Dessert, mình cũng hơi thắc mắc ý họ là gì? Sau đó đọc thêm một vài bài khác trên page của tiệm thì đã hiểu, và bật cười. Vì mình thích cái kiểu làm content như thế, nên đã quyết định trải nghiệm thử. Càng bất ngờ hơn khi nhắn tin để đặt bánh thì cách Meri trả lời one on one với khách lại khác hẳn: lịch sự, khiêm tốn nhưng vẫn đầy tự tin, thông tin nhanh gọn lẹ. 10 điểm cho bạn MKT nhà Meri nhé!￼

Tiệm giao bánh tới lúc vợ chồng mình đang đưa em bé đi chơi, nên mẹ vợ nhận giùm. Mình chỉ kịp dặn “Mẹ cho vào tủ lạnh giúp con luôn nhé”. Khi tụi mình về, nói với mẹ đó là cái bánh, mẹ vợ mình kiểu “Thiệt luôn hả? Mẹ tưởng hộp đồ trang sức không!?”

Mình unbox cái bánh, mà cảm giác về sự chỉn chu không khác gì lúc unbox một chiếc máy ảnh hay ống kính chất lượng cao, là những thứ mình thường unbox nhất 🤣 Lần đầu tiên mình muốn làm hẳn 1 cái video thay vì chỉ chụp ảnh như mọi lần là bạn hiểu rồi đó.

Và khi nếm thử muỗng bánh đầu tiên, thì thật lòng mình đã phải thốt lên: “Meri đã soán ngôi 🥇 của NAMO trong lòng mình mất rồi!”

Ngon hơn nhiều không?
Chỉ xét riêng về hương vị, nếu bữa trước mình có chấm Vicenzo 8/10, thì NAMO được 9 điểm, còn Meri là 9.5. Nhưng ở “level” này, sự khác biệt của các tiệm thực sự là rất nhỏ, và đôi khi thiên về cảm tính hoặc phụ thuộc vào bối cảnh của trải nghiệm.￼

Dù sao đi chăng nữa, khi người làm dịch vụ tạo ra được một hành trình trải nghiệm với tất cả các điểm chạm nhỏ – từ khâu tìm hiểu sản phẩm, đặt mua, nhận hàng, mở hộp, cho tới lần đầu tiên đưa miếng bánh lên miệng, rồi miếng thứ hai, thứ ba… –  đều (gần như) hoàn hảo, nó khiến người ta nảy sinh cảm tình và sẵn sàng để trở thành khách quen.

0.5 điểm còn lại của Meri, mình biết nó tới từ đâu, nhưng chọn sẽ nhắn riêng cho tiệm. Vì mình tin họ sẽ khắc phục được nó dễ dàng thôi.￼

#DiningReview
#Tiramisu
#TPHCM","53",,,,"49","2",,"2","6"
"7","Xin chào tất cả Anh/Chị thành viên trong nhóm Dining Review.

Cho phép em được giới thiệu em là Linh, hiện đang là Quản lý Nhà hàng - Quầy Bar The Hudson Rooms - tầng Rooftop khách sạn Capella Hà Nội số 11 Lê Phụng Hiểu.

Mỗi Chủ nhật từ 12:00 - 15:30, The Hudson Rooms sẽ mang đến trải nghiệm Brunch sống động với âm nhạc, ảo thuật và ẩm thực, chỉ từ 2.600.000++ VNĐ/khách.

Đặc biệt, các thành viên của The Social Club sẽ được áp dụng ưu đãi (áp dụng từ lần sử dụng thứ 2):

- Giảm 25% cho gói đồ ăn.

- Giảm 15% cho gói đồ uống có cồn (không áp dụng cho gói Premium với Vang Sủi).

Anh/Chị có thể đăng ký thành viên miễn phí qua app The Social Club để nhận ưu đãi này.

Với các thành viên của Group Dining Review sẽ được áp dụng ưu đãi thành viên The Social Club và tặng 1 ly champagne cho mỗi khách hàng cho lần đầu tiên trải nghiệm Brunch tại The Hudsom Rooms.

Anh/Chị vui lòng liên hệ số điện thoại +84 24 3982 6888 hoặc số của em +84 772 365 432 để đặt bàn và có thêm thông tin chi tiết.

Rất mong sẽ sớm được đón tiếp Anh/Chị tại The Hudson Rooms.

#diningreview #gioithieunhahang","55",,,,"44","11",,,"0"
"0","Một chớm đông se lạnh ven sông Hồng, thứ gió đầu mùa khẽ mang theo hơi nước bảng lảng như muốn bám lại trên những tấm kính mờ của quán ăn ven bờ. Thời khắc này, Hà Nội đẹp một cách bình thản, như thể mọi ồn ã ban ngày đã kịp tan vào mặt nước tĩnh lặng và chỉ còn lại những câu chuyện được kể bằng những chai men ấm. Sau vài ly Pinot Blanc từ Alsace thanh khiết và chút Barbera Piedmont đỏ mọng khiến mặt ai cũng trở nên hồng hào một cách đáng mến, người bạn trong nhóm đặt lên bàn một chai Opus One, cái tên nổi danh đến từ xứ sở cờ hoa hoa lệ.

Tôi nhìn dòng rượu đỏ thẫm chảy ra, mượt như lụa, hắt thứ ánh tím sâu thẳm trải dài theo ngọn đèn vàng mờ ấm. Hương thơm của mận đen, lý chua, thêm cái thoảng nhẹ của hoa tím như một bó hoa được ai đó cất kỹ trong phòng kín rồi bất chợt mở cửa trong một tối se lạnh. Mùi gỗ tuyết tùng và chút đất ẩm làm thứ hương nền vững chắc, khiến tôi nhớ đến mùi gỗ trong những ngôi nhà cũ mộc mạc, nơi người ta thường giấu đi những câu chuyện chưa bao giờ kể.

Niên vụ 2022 của Napa là đứa con sinh ra từ một năm thời tiết không hề dễ chịu. Những cơn mưa đầu mùa đông mang lại nguồn nước quý giá, rồi bỗng khô hạn kéo đến, và sau đó là cái nóng dữ dội cuối hè như muốn thiêu đốt từng trái nho. Vậy mà bằng cách xử lý thật tài tình và tỉ mỉ, khi dòng vang chạm vào đầu lưỡi, một cảm giác tươi mát lạ lùng bung nở, hình ảnh những đứa trẻ vùng cao gánh những bó củi to hơn người chợt ùa về, gian khổ nhưng nụ cười lại hồn nhiên và trong veo đến vô cùng.

Ngụm đầu tiên mềm như nhung và đầy nội lực. Quả đen chín mọng hòa cùng socola và chút thuốc lá thô ráp, cảm giác này mang lại cho tôi hồi ức của một Brasserie nhỏ ở Paris vào mùa đông, với những lò sưởi dầu trên đầu toả ra bầu không khí xung quanh cái mùi ấm áp của nụ cười, cà phê và thuốc lá. Rượu mở ra từng lớp, chậm rãi, rồi kéo dài mãi trong hậu vị sâu lắng, nơi vị ngọt thanh nhẹ chen vào giữa cái mát lành của độ chua và tannin được mài nhẵn như những viên sỏi tròn dưới đáy suối.

Tôi khẽ tựa lưng vào ghế, hút một điếu thuốc và từ từ cảm nhận một chai Napa trầm tĩnh, từng trải, với tông giọng trầm khàn nhưng sâu sắc. 

Đêm ven sông ấy, tôi bỗng thấy rằng chẳng cần một câu hỏi thông minh nào để kết lại khoảnh khắc này. Chỉ cần đặt ly xuống, để nơi cổ họng còn vương chút vị trái cây chín hòa trong tiếng cười nói trầm ấm, vậy là đủ.","15",,,,"15",,,,"0"
"8","Little Chiang mai. 

Hnay chán quá lục tìm quán mới thì mò ra đc quán này. 

Overrall rất ngon bổ và rẻ nữa nên rất đông, mình tới là bàn ở dưới book kín rồi phải lên lầu. 

Thực ra đồ thái k mắc, mà ở vn bị thổi giá vô lý.@

Bán món thái + fusion thái. Mình gọi thử 1 cái pasta tomyum hải sản. Món này mình expect là nó chua nhiều hơn ngọt, nhưng ngọt mình k thích lắm. 

Gọi gỏi cá trê rất ngon, gọi thêm mực chiên nữa cũng rất ngon, mực bự tươi rói sựt sựt. Mực tươi ntn rất hiếm chỗ có nhé. 

Gọi 1 ly trà thái uống ngon đỉnh quá gọi thêm 1 lý trà me dứa nữa cũng ngon dữ. 

Xứng đáng quay lại càn qét menu. Recommend.

Hết đống này 5 xị chẵn. Quá rẻ.","28",,,,"26","2",,,"3"
"29","Nếu đây là lần đầu bạn thử omakase ở Hà Nội, tôi nghĩ điểm khởi đầu chuẩn nhất chính là UminoHana – 70 Phan Kế Bính.
Vì có những nơi chỉ để ăn, nhưng cũng có những nơi giúp bạn hiểu omakase thực sự là gì.

Không gian ấm, tối giản kiểu Nhật. Ngồi ở quầy luôn là trải nghiệm đáng giá nhất: đầu bếp (rất xinh) giới thiệu rõ từng món — đây là phần nào của cá, sống ở vùng biển nào, vì sao phần đó nên ăn sống, và độ béo hôm nay thay đổi thế nào theo mùa. Một bữa ăn mà bạn được “học” về nguyên liệu ngay trong lúc thưởng thức.

Set hôm nay đủ tinh tế nhưng vẫn nhiều lớp vị để người quen omakase thấy thích thú.

Các món hôm nay gồm:
Gan cá mặt quỷ, Cua lông và cá, Cá saba và trứng cá hồi, Cá khờ và gan cá khờ, Cá trắng, bơn đá bơ đi, sò cam, Cá trác, cá hindi, Ss cá khế vân vàng, Ss cá bơn đá, Cá kinki, Ss cá thiên thanh đỏ, Sò đỏ, Cá mòi cờ chấm, Mai cua tuyết nướng…

Một bữa ăn không phô trương, không quá nhiều trình diễn — chỉ tập trung vào độ tươi, cách xử lý và sự tinh tế trong từng chi tiết. Và đó chính là lý do tôi nghĩ UminoHana là nơi lý tưởng nhất để bắt đầu hành trình omakase.

P/s: viết revirew vì quán dù cuối tuần nhưng rất vắng, quán cũng không chạy quảng cáo bao giờ. Coi như là 1 lời cảm ơn vì bữa tối đáng nhớ ❤️

#omakase #hanoi #diningreview","143",,"1",,"131","11",,,"4"
"6","HCMC- trải nghiệm ẩm thực trên du thuyền REVER Cruise vừa khai trương. Vì mới khai trương nên mới chỉ có 1 nhà hàng, bar trên tầng 5 là hoạt động. Nhưng tầu rất to, đẹp, lộng lẫy. So với các tầu khác cùng đang khai thác tại cảng SG thì tầu này vượt trội. Đồ ăn ngon, mới chỉ phục vụ theo set menu, thấy bảo cuối tuần có buffet nhưng mình chưa thử. Xưa giờ không có thiện cảm về ẩm thực trên thuyền nhưng chỗ này làm mình thay đổi hẳn quan đểm, nguyên liệu rất tươi, hôm nay món heo iberico rất ngon, kết hợp cùng xốt me chua ngọt, béo mà không ngán. Gà xốt kem cũng ngon, ức gà nấu chậm nên vẫn mọng, xốt béo thơm. Phục vụ vẫn chưa ổn vì quá mới, hơi chậm. Nhưng đáng trải nghiệm cảm giác ăn tối trên tầu lộng gió, từ 8:00 tối tàu chạy 1 vòng sông tới 10:00
#CruiseDining
#saigon
#diningreview","42",,,,"38","4",,,"2"
"4","Chào anh chị trong nhóm Dining Review, em là Tuấn quản lý nhà hàng Yazawa Hà Nội ạ. Tiếp nối thành công của năm ngoái, sắp tới ngày 29 và 30 tháng 11,  bên em tiếp tục phục vụ set ăn hot:  ""1129""- ""Ngày thịt ngon"".
Với menu là những nâng cấp và tuyển chọn toàn bộ những món ăn best seller của nhà hàng nhưng với giá siêu ưu đãi (giá chỉ nhỉnh hơn set ăn cơ bản nhất nhưng gồm cả những món ở trong set cao cấp nhất), đây là cơ hội rất tốt để mình có thể thưởng thức, trải nghiệm những món đặc trưng nhất của nhà hàng em với giá vô cùng hời ạ. Mọi người có thể đặt bàn bằng nhắn tin trực tiếp cho em, google map (Yazawa HaNoi, 42 phố Tăng Bạt Hổ) hay sđt nhà hàng: 024 2240 1129 
Số cá nhân: 0382 965 586 nhé ạ. 
Em cảm ơn ạ!
#diningreview
#gioithieunhahang
#yazawaHaNoi
#HaNoi","31",,,,"27","4",,,"2"
"14","# **📌 SHIO RAMEN LÀ GÌ? SHIO RẤT MẶN HAY KHÔNG MẶN? – GIẢI THÍCH CHUẨN NHẤT **

**#chatgpt #dinningreview **

Trong 4 trường phái ramen chính (shio – shoyu – miso – tonkotsu), **shio ramen** là kiểu mà nhiều người nghĩ “nhạt nhất”, nhưng thật ra… **không hẳn**.

Vậy shio có mặn không? Why?
Dưới đây là giải thích rõ ràng nhất:

# **1) Shio = “muối”, nhưng không phải kiểu mặn gắt**

**Shio ramen** dùng **tare muối** làm nền:
* Muối biển Nhật (shio)
* Kombu (tảo biển)
* Katsuobushi (cá bào)
* Đôi khi có nước hải sản hoặc rau củ
* Nước dùng thường là **gà**, **cá**, hoặc **hải sản nhẹ**

Vị của shio **thanh, trong, nhẹ**, không đục, không nặng mỡ.

👉 **Mặn? Có.**
**Nhưng mặn kiểu nhẹ – sạch – thanh, không phải mặn kiểu tonkotsu.**

# **2) Shio ramen mặn *****vừa***** vì phải “đỡ” cho vị nước trong**

Vì nước dùng shio thường là:
* Nước gà trong
* Nước cá/dashi
* Không béo
* Không nhiều collagen
* Không nhiều dầu

=> Nếu **không đủ mặn**, nước shio sẽ… lạc.

Shio ramen cần muối để:
* Làm bật umami của kombu
* Gài lại vị gà/cá cho đậm
* Giữ độ “sắc nét” đặc trưng của nước trong

Nhưng mặn rất **vừa phải**, không bạo lực như tonkotsu.

# **3) So với các loại khác: Shio là loại… ít mặn nhất**

Xếp theo độ mặn trung bình (từ mặn nhất → nhẹ nhất):
1. **Tonkotsu (Hakata/Nagahama)** → Mặn nhất vì nhiều mỡ
2. **Shoyu** → Mặn vì dùng nước tương
3. **Miso** → Mặn – đậm – dai năng lượng
4. **Shio** → **Nhẹ nhất**

Tức là:
**Shio ramen = ít mặn nhất trong các loại ramen truyền thống.**

# **4) Vì sao nhiều người Việt ăn shio lại thấy “mặn”?**

Có 2 lý do:

**1) Khẩu vị Việt Nam vốn ưa nước ngọt – thanh – nhẹ**

Phở, bún bò, hủ tiếu đều:
* Ngọt xương
* Không mặn chát
* Không dùng tare đặc

Nên khi ăn ramen Nhật – dù là shio – vẫn thấy mặn hơn món Việt.

**2) Shio ở Nhật vẫn phải đủ muối để hợp khí hậu lạnh**

Nước lạnh, gió biển → cơ thể cần nhiều muối hơn người sống ở xứ nóng.
Đó là lý do ramen, kể cả shio, **vẫn mặn hơn món Việt**.

# **5) Vậy shio ramen có phải lựa chọn “nhẹ” cho người mới ăn ramen không?**

✔ **Có, nếu bạn muốn vị thanh – gọn – dễ ăn**
✔ Không béo, không nặng bụng
✔ Hợp cho ai không thích dầu mỡ
✔ Cảm giác “trong trẻo” nhất

❌ **Nhưng không phải món “nhạt lạt”**
Nó vẫn mặn hơn khẩu vị phổ thông Việt Nam một chút.

# **📌 Tóm lại**

**Shio ramen = ramen vị muối → thanh, nhẹ, trong, ít béo, mặn vừa phải.**
So với các loại ramen khác, **shio ít mặn nhất**, nhưng vẫn sẽ đậm vị hơn món nước Việt Nam.

Nếu bạn mới ăn ramen lần đầu và không hợp tonkotsu vì quá béo – quá mặn → **hãy thử shio**, khả năng hợp cao hơn rất nhiều.","22",,,,"21","1",,,"7"
"12","📍 Ăn uống tại châu Âu - Phần 23

Paris giờ quá đông tourists nên để tìm được nhà hàng ưng ý thực sự là không dễ. Phải tránh những khu tourists tụ tập, thậm chí phải đi ra khỏi các quận trung tâm thì mới khám phá được những nơi mà giá trị nhận được tương xứng với số tiền bỏ ra.

Mhà hàng Pháp hiện đại (Bib Gourmand) tại Montparnasse - Quận 14 dưới đây là một ví dụ. Nơi đây offer một trong những set ăn trưa có thể nói là tốt nhất mình từng gặp tại Paris: Khai vị 3 món + 1 món chính + cocotte rau củ hầm chỉ có 22e. Bảo sao đông kín local, đa phần là dân office.

Thực đơn tại đây dưới bàn tay vị chef trẻ người Nhật là sự giao thoa giữa nhiều nền văn hóa ẩn trong cái ""hồn"" của ẩm thực Pháp, đặc biệt thay đổi hàng ngày - nôm na sáng chef đi chợ có gì ngon là trưa ta được ăn nấy 😄 Ví dụ khai vị có thể là súp kem ngô với yuzu emulsion hoặc súp hạt dẻ cacao, rougail (món hầm sốt cà chua cay có nguồn gốc từ đảo Réunion) ăn kèm pilaf (cơm nấu cùng các loại gia vị kiểu Trung Đông/Ấn Độ). Món chính có thể là phi lê cá tráp biển rưới sốt paprika hun khói cùng blésotto (risotto lúa mì) sốt tapenade, hoặc gà tây lát mỏng áp chảo kiểu Saltimbocca (Ý) nhưng lại sử dụng sốt vang đỏ thay cho vang trắng truyền thống. Tráng miệng (ngoài set) cũng sẽ là một sự kết hợp Á Âu hài hòa chăm chút, tỉ dụ như blancmange (pudding hạnh nhân kiểu Pháp) kèm hoa quả nhiệt đới và sữa dừa.

Vị trí nhà hàng tuy xa trung tâm nhưng lại rất gần hầm mộ Catacombes - điểm ""du lịch mạo hiểm"" nổi tiếng của Paris (hiện đang trùng tu, dự kiến mở lại vào xuân 2026), và một ""hidden gem"" vừa hay mà lại miễn phí là Bảo tàng Giải phóng Paris mà mình từng nhắc tới trong bài viết về 50+ hoạt động miễn phí không nên bỏ qua tại Paris. Cách đó không xa cón có Tháp Montparnasse - một trong những điểm ngắm Eiffel và Paris về đêm đẹp nhất từ trên cao, cũng như quận 13 nổi tiếng với Butte-aux-Cailles và các nhà hàng Việt.  

Tựu chung, Michelin riêng tại Pháp và Paris tuy đôi khi vẫn dính phải miss nhưng đa phần vẫn là hit.

📍 Aux Plumes, 45 Rue Boulard, 75014 Paris

#ẩmthựchiệnđại #diningreview #Paris #ẩmthựcPháp","46",,"1",,"40","5",,,"3"
"2","Review nhà hàng cua lông ở Chenglonghang · 蟹王府 (淮海店) – Thượng Hải

Hôm nay em vừa có một bữa 蟹宴 – đại tiệc cua lông ở Chenglonghang, và thật sự là… đáng từng đồng!

🦀 1. Ấn tượng đầu tiên: Chất lượng cua quá “đỉnh”

Set của em là 蟹宴单人餐 – 688 tệ ( khoảng 2 triệu 6), gồm một con cua lông theo mùa. Cảm giác bóc con cua ra, phần gạch vàng ươm tràn đầy như muốn tràn khỏi mai – phải nói là điểm hạnh phúc của mọi tín đồ cua lông. Thịt chắc, thơm, ngọt kiểu tự nhiên chứ không hề bở. Rõ ràng là cua rất tươi và xử lý cực kỳ sạch, có người bóc hộ cẩn thận

🍽️ 2. Các món trong set – món nào cũng đáng nhớ

Set này khá đầy đặn, trình bày đẹp và hợp lý:
 • Soup trứng cua vi cá ấm bụng – nhẹ nhàng khai vị, ấm dạ dày.
 • Ba món khai vị đặc chế – nhỏ xinh nhưng tinh tế, ăn là thấy đúng finedining ( nấm truffe ngâm, mực sốt tomyum, thạch thịt cua) 
 • Cua lông theo mùa – ngôi sao của bữa tiệc ( e thích gạch nên chọn cua đực)
 • Tôm sốt trứng cua cay kiểu Trung
 •.  Đậu xào gạch cua (蟹粉豆腐 / 蟹油捞饭 tùy set) – món này đúng kiểu “đã đến Chenglonghang là phải gọi”, gạch cua hòa vào miến/đậu hũ/donburi béo thơm)
 •Tiểu long bao cua – 蟹粉小笼包 – nhân ngập mùi gạch cua, mềm, ngon hơn nhiều nơi khác.
 • Cơm trộn trứng cua 
Món tráng miệng theo mùa – nhẹ nhàng kết lại bữa ăn.

Mình đặc biệt thích 蟹油捞饭 – tuy là món phụ nhưng gây nghiện một cách đáng sợ.

🎎 3. Không gian & dịch vụ

Không gian tại 淮海店 sang trọng nhưng ấm cúng, ánh sáng đẹp để chụp ảnh món ăn. Nhân viên phục vụ dễ thương, tận tình, có nhạc sống

💰 4. Giá cả – có đắt không?

 Với chất lượng cua lông + combo món đầy đủ như vậy thì mình thấy rất đáng. Ở Thượng Hải mà ăn cua lông chất lượng như thế này thì giá vậy là hợp lý.

⭐ Tổng kết

Nếu đến Thượng Hải hoặc đang ở đây mùa cua lông, thật sự nên thử Chenglonghang蟹王府 , nghe như quảng cáo nhưng vì ăn ngon nên e share  😆","50",,,,"47","3",,,"6"
"8","# **📌 TẠI SAO RAMEN LẠI MẶN? (Giải thích dễ hiểu – dựa trên lịch sử & sinh lý học)**

**#dinningreview #chatgpt **

Lần đầu ăn ramen Nhật mà thấy **mặn chát**, đừng lo, đó là cảm giác *hoàn toàn bình thường*.
Vì ramen… vốn **không phải món thanh nhẹ**.

Ramen Nhật (đặc biệt là tonkotsu – Hakata/Nagahama) được sinh ra cho **dân lao động nặng, ngư dân, công nhân cảng** – không phải cho khách du lịch hay người ăn uống nhẹ nhàng.

Dưới đây là **lý do ramen luôn mặn**:

# **1) Món ăn dành cho người lao động → cần nhiều muối để bù mồ hôi**

Ngày xưa dân cảng Hakata kéo lưới, bốc vác, làm ngoài gió lạnh.
Họ **mất muối liên tục qua mồ hôi và hơi thở**.
Nếu ăn nhạt sẽ:
* Dễ mệt
* Chuột rút
* Tụt huyết áp

Nên ramen được nêm **mặn hơn bình thường** để bù lại điện giải.

# **2) Nước ramen rất béo → phải mặn thì mới cân bằng vị**

Tonkotsu ramen nấu bằng:
* Xương heo
* Mỡ
* Tủy
* Collagen

Đun 8–12 tiếng → nước đặc như sữa.

**Mỡ làm “mute” vị → nếu không mặn thì sẽ lạt và rất ngấy.**
Vậy nên người Nhật tăng muối (tare) để món “bật vị” lên.

# **3) Ramen được thiết kế để ăn NHANH**

Mì siêu nhỏ, luộc 8–10 giây.
Nước đậm, mặn → không cần nêm nếm → ăn 3 phút đi làm tiếp.

Đúng kiểu:

**“Nhanh – mạnh – no – đủ sức làm việc.”**

# **4) Khí hậu Nhật lạnh → cần muối để giữ nước & giữ ấm**

Ở vùng lạnh, cơ thể mất nước thầm lặng.
Muối giúp:
* Giữ nước tốt hơn
* Ổn định tuần hoàn
* Làm ấm cơ thể hiệu quả hơn

Vì vậy các món nóng ở miền Bắc Nhật thường **mặn hơn**.

# **🔍 Kết luận**

Ramen **được thiết kế để mặn** – đúng theo mục đích gốc của nó:

✔ Bù muối cho dân lao động
✔ Cân bằng với lượng mỡ rất lớn trong nước dùng
✔ Tối ưu cho việc ăn nhanh
✔ Phù hợp khí hậu lạnh

Nếu bạn thấy ramen “quá mặn” ngay lần đầu → đó là phản ứng hoàn toàn hợp lý vì **khẩu vị Việt Nam thiên về thanh – ngọt – ít mặn**.

Ramen ngày nay đã thành món quốc tế, nhưng “bản chất gốc” của nó vẫn còn nguyên.","134",,,,"127","7",,,"19"
"0","GOROICHI xiên que gà
#dinningreview #saigon. 

https://maps.app.goo.gl/4uivVc5JpMCPu9ZP7?g_st=ipc

Mọi món đều ngon, gà tươi, món da gà và gan gà rất ngon. Recommend :)). 

Quán mới mở ập vô ăn liền cho nóng. Nằm trong khu pham viết chánh, gần trap space cf 5ph nên 1 combo ún cf chiều r ăn tối rất hợp, ăn tối xong qua nephele đá vài ly gụ nữa hết bài 👌🏻😆

H viết ngắn gọn xúc tích, ngon nói ngon, dở thì k viết khỏi mất lòng ai nạ.","15",,,,"15",,,,"1"
"17","La table Hanoia | Tầng 3 - Press Club.
La table Hanoia là một phần trong hệ sinh thái của Tam Sơn, mình thấy đây là 1 ý tưởng hay. Họ đưa yếu tố sơn mài của Hanoia vào không gian nhà hàng một cách khéo léo, làm cho không gian thêm sang trọng mà vẫn mang yếu tố cổ truyền. Hôm trước mình tham dự wine dinner Chapter Zero do La Table Hanoia tổ chức cùng với nhà rượu Red Apron rất là vui. Rượu tràn bờ đê, short menu 7 món vừa vặn. 

- Starter gồm Hàu rất lạnh + granita quất chua ngọt vừa đủ => ngon. Gỏi bò tươi. Bánh Brioche gan gà vừa phải. 

- Appertizer gồm cà chua bi/tôm và nước dùng consumé thanh ngọt. 

- Main bò wagyu A5 làm cho menu xứng đáng với giá tiền, ngon, nhưng mình chán wagyu rồi chứ món ăn ok nha. 

- Cá tuyết cắt 1 miếng chấm đẫm sốt tôm hùm ăn béo ngậy, thơm. 

- Cuối cùng là tráng miệng với bánh socola bọc đậu phộng. Mình được tự trang trí đĩa, xong nhà hàng mang đĩa ra bày bánh chocolate lên, sau đó mang ra và random để mọi người thưởng thức tác phẩm của nhau 😆. Khúc này vui nha, tự dưng phát hiện ra toàn thánh ăn chứ trang trí phải gọi là ba chấm. 😭

Cùng với Metropole, Capella và các store hàng hiệu xung quanh thì khu Lý Thái Tổ-Lê Phụng Hiểu-Lý Đạo Thành gần Nhà hát lớn luôn tạo cho mình 1 cảm giác đặc biệt, vừa luxury, vừa chill mà lại rất Hà Nội. Mình từng đến Press Club từ khi hình như chỗ này bán cafe illy đầu tiên ở Hà Nội thì phải, hồi đó cafe illy là cũng xịn xịn ấy 😅. Rồi với sự xuất hiện của nhiều nhà hàng mới thì đôi khi quên xừ mất có 1 nơi như thế này đã từng rất quen thuộc với mình từ thời ơ kìa nên phải lôi lên review để mọi người cùng nhớ! 😅

#LaTableHanoia

#PressClub

#RedApron

#hanoi

#diningreview

#nhungpoza","134",,,,"114","18",,"2","7"
"5","Trap Space Coffee. 

#coffee #dinningreview #saigon. 

https://maps.app.goo.gl/WYTwzNuyU75oCtm38

1 Quán cà hê xịn mới mở ở sg khi mọi món trong menu đều ngon 9-10/10 điểm, nên k có gì nói nhiều. Recommend.","40",,"1",,"37","2",,,"8"
"3","Về Vn cả tháng rồi mà hôm nay Tấm mới có thời gian review tiếp cho team mình một quán cũng có mì cá đù vàng và cua lông nè 🤗.

Đợt rồi đúng kiểu hên xỉu luôn khi book được cái ks 5* ngay gần khu Tân Thiên Địa, gi.á thì ngon ơi là ngon mà xung quanh toàn nhà hàng xịn mịn. Chỉ tiếc không có thời gian thẩm vì không đặt trước nên full bàn cả 3 ngày huhu 😭. Hứa chuyến sau qua lại sẽ ăn cho bằng hết!

Quay lại món mì cá – hôm đó tình cờ chui vào Yunhe Noodles+ đối diện cổng ks để ăn sáng. Nhà hàng có cả mì cua lông nhìn mê cực, cua gạch đầy ụ. Chồng Tấm thì order mì cá đù vàng mix cua lông (do hôm trước ăn mì cá bên Dinhtelezhou trong hẻm ngon quá nên ổng thèm 🤣). Còn Tấm thì gọi mì thịt viên ôm thịt & gạch cua lông.

Đến lúc món mì cá được bưng ra… thề luôn – hai vợ chồng nhìn nhau kiểu “ủa rồi đây là tô hay cái nồi?” 🤯🤣 To khủng bố, nhìn quanh bàn nào cũng tô nhỏ nhỏ mà chỉ có tụi mình gọi cái gì không ai gọi. Nhưng mà ngon là xơi sạch không sót giọt nào 😌.
Miếng cá fillet ở đây to, dày, chất lượng hơn (gi.á cũng cao hơn Dinhtelezhou 😆). Nước lèo thì do có thịt với gạch cua nên màu và vị sẽ đậm hơn bên tiệm Dinhtelezhou. Chồng Tấm ăn sạch veo nên đủ hiểu là hợp vị ổng luôn. Nhưng khi hỏi so sánh thì ổng nói nếu thích nhẹ nhàng thanh thanh thì vẫn ưu tiên tiệm trong hẻm, còn Yunhe thì hơi “xôi thịt” hơn dù vẫn rất ngon.

Giờ tới món mì của Tấm nè 😚. Bình thường Tấm không bao giờ gọi thịt viên vì sợ thịt khô, bở, ăn ngán… nhưng vì đang chế.t độ ăn kiêng nên phải gọi heo 😩. Lúc đem ra thì Tấm cũng không kỳ vọng gì lắm, ai dè ăn thử một cái là ồ quao ồ quao luôn nha 😳.
Thịt bọc ngoài mềm tơi, cắn cái tan liền, không hề bị khô xơ. Bên trong thì trộn thịt với gạch cua lông nên thơm cực (Tấm còn định về Vn tập làm cho hai nàng thơ ăn thử luôn 😍).
Nhưng nói thiệt, sợi mì mới là chân ái. Ai mê mì nhìn sợi ở đây chắc gật gù liền – mềm, dai, trơn, ăn cái là thấy đời hạnh phúc 😆. Một đứa không mê mì như Tấm mà vớt sạch hết thì hiểu là đáng thử cỡ nào rồi đó.

Tóm lại nhà hàng còn nhiều món nhìn cũng hấp dẫn lắm mà 2 cái miệng ăn sáng lúc 10g40 thì chịu thôi 😅.
Hy vọng ai đang ở Thượng Hải thì ghé thử thêm mấy món khác rồi review phụ Tấm nhen 🤗💛

Ps: nhà hàng này chồng Tấm xem app trước nên cũng có ít hình của thực khách đã dùng review nên Tấm sẽ up dưới cmt cho mng tham khảo nha. 

#Dinning 
#dinningreview
#ThượngHải
#mì_cá
#TamNguyen207","27",,,,"26","1",,,"3"
"7","ĂN TA UỐNG TÂY : HÀNH TRÌNH TÌM KIẾM SỰ ĐỒNG ĐIỆU

Ăn Ta, Uống Tây là một hành trình đi tìm sự đồng điệu, một sự thôi thúc khiến tôi có một cảm giác kỳ lạ, là sự háo hức khi biết một điều gì đó tốt đẹp sắp tới. Nhiều người quen của tôi vẫn nghĩ rằng đó là một sự ""lệch pha"", một cố gắng gượng ép chỉ để làm sang trọng hóa ẩm thực Việt. Với cá nhân tôi, những nhận xét hay đánh giá này không hề quan trọng. Bởi tôi luôn tin rằng có một sợi dây vô hình kết nối những hương vị tinh túy, mộc mạc của quê hương với những dòng vang tinh tế từ bên kia thế giới.

Và đây là nhật ký của tôi, những khoảnh khắc tôi tìm thấy sự đồng điệu.

Vào một chiều tà se lạnh, những làn gió mang hương thơm đặc trưng của buổi chớm đông Hà Nội bỗng xen lẫn với nốt hương ấm áp của ốc hương nướng len lỏi qua cánh mũi và khơi dậy ở trong ta một sự cồn cào khó tả. Ở những thời điểm và hoàn cảnh hợp nhau đến nhường này, tôi thường sẽ bật một chai vang sủi, và hôm nay tôi chọn một chai Crémant de Bourgogne. Những bọt sủi li ti, thanh thoát cùng hương thơm tươi sáng của cam quýt, lê vàng và táo xanh chạm một vệt dài sâu sắc lên vị ngọt bùi và kết cấu giòn sật của ốc hương...Cảm giác này làm tôi nhớ lại khi còn nhỏ, là những buổi chiều mong mỏi một đĩa khoai tây chiên bơ thơm phức và một lon coca mát lạnh khi tan học. Một cảm giác thật đã và hòa hợp! 

Món tiếp theo được mang ra là món hàu theo hai phong cách truyền thống của dân nhậu chính thống : sống và nướng mỡ hành. Để xử lý cái ""gai góc"" từ vị tanh đặc trưng của đồ sống, cái sự béo ngậy của mỡ hành, tôi đã dùng Chablis để đối thoại. Và rồi ly vang trắng được làm từ giống nho Chardonnay danh giá này dường như trở thành một dòng suối mát lành mang theo cái nét khoáng chất thanh khiết đặc trưng. Nó cuốn trôi dư vị tanh và để lại vị ngọt nguyên bản của biển cả. Nền địa chất đặc trưng tại Chablis với cái tên  Kimmeridgian đã hoàn thành xuất sắc nhiệm vụ của mình, tôi nghĩ thầm và cứ muốn gọi thêm một đĩa nữa.

Hành trình bắt đầu đi sâu hơn vào đất liền, đến những bữa tiệc dân dã với thoang thoảng mùi khói rơm ấm áp. Món cá nướng trui đậm đà, da cháy xém, thịt trắng ngần như bánh trôi nước của nữ thi sĩ Hồ Xuân Hương. Tôi chợt nghĩ món này chuẩn bài nhất là xếp trên lá chuối cùng hàng tá các loại rau sống khác nhau và ly rượu nút lá chuối bên con lạch ở miền Tây sông nước. Còn ở đây tôi sẽ kết hợp nó với gì đây? Một món ăn tràn ngập hương vị như thế này làm tôi rảo bước đi xuống phía nam của Burgundy và tìm lấy một chai Pouilly Fuissé dày dặn, đẫm hương hoa quả chín mọng. Vị khói, vị ngọt của cá, vị béo tròn trịa và tràn ngập hoa quả của Pouilly Fuissé... những hương vị như đang cuốn với nhau mà nhảy múa.

Và rồi theo đúng phong cách dân dã chân chất của người Việt, chúng tôi quây quần bên nồi bò nhúng dấm thơm lừng. Vị chua thanh của dấm, vị ngọt dịu của nước dừa và cái béo giòn từ những miếng bắp bò tươi rói khiến tôi quyết định rẽ sang một ly Pinot Noir từ Nuits-Saint-Georges. Tươi phải đi với tươi, tôi an ủi lòng mình phần nào vì kết hợp vang cùng lẩu là một bài toán khó. Thế nhưng kết quả lại thật bất ngờ, sự thanh lịch, tinh tế của Pinot Noir với trái cây đỏ sống động như dâu tây, anh đào xen lẫn cùng chút cam thảo và đất ẩm lại hòa quyện đến không tưởng với miếng bò mọng nước. Vị chua của dấm được độ chua sống động của vang nâng đỡ, trong khi cái ngọt của thịt bò lại hòa quyện với độ chát mềm như nhung của chai rượu đỏ này.
Ly Nuits-Saint-Georges trên tay đã dần vơi, cái cảm giác bất ngờ ban đầu giờ đã lắng xuống, nhường chỗ cho một sự thấu hiểu sâu sắc.

Nhìn lại cả hành trình, từ bọt sủi li ti của Crémant phủ đẫm vị ngọt bùi lên ốc hương nướng, đến nét khoáng sắc nét từ Chablis hòa quyện cùng hương vị biển cả hiện hữu trong món hàu, sự tròn trịa tràn đầy năng lượng của Pouilly Fuissé bao bọc lấy vị khói mộc mạc của cá nướng trui, và sự tinh tế của Pinot Noir đang quyện lấy vị chua thanh của bò nhúng dấm...

Tôi nhận ra, ""Ăn Ta, Uống Tây"" không phải là một cố gắng gượng ép mà là hành trình đi tìm sự đồng điệu. Và khi bạn tìm ra con đường đó, một bản nhạc sâu sắc sẽ vang lên, chạm tới mọi tầng sâu nhất của tâm hồn.

P.s : Nếu các bạn muốn tìm hiểu thật nhiều thông tin, kiến thức về vang cũng như cách pairing vang cùng đồ ăn Việt theo một cách giản dị mà hoàn hảo nhất, hãy tham khảo kênh tiktok Ăn Ta Uống Tây của mình nhé ! 🍷❤️","44",,,,"36","8",,,"2"
"7","Em chào các anh chị thành viên nhóm Dining Review!
Em là Quốc – Tổ trưởng Nhà hàng TOHOKU, chi nhánh Vincom Đồng Khởi (Q.1, TP. HCM) 

TOHOKU là nhà hàng Nhật Bản cao cấp với menu đa dạng từ Sashimi, Sushi, cơm cuộn, lẩu, các món chiên và nướng, mang đến trải nghiệm ẩm thực đầy đủ và trọn vị.

Không gian tại TOHOKU được thiết kế theo phong cách Nhật hiện đại, ấm cúng và riêng tư - rất phù hợp cho buổi hẹn, tiếp khách, hoặc bữa tối thư giãn cùng gia đình.

🌸 ƯU ĐÃI ĐẶC BIỆT DÀNH RIÊNG CHO THÀNH VIÊN NHÓM DINING REVIEW:

     - Giảm 5% trên toàn bộ menu khi dùng bữa tại TOHOKU Vincom Đồng Khởi.

📍 Địa chỉ: Tầng B3 (27A - 27C) - Vincom Center Đồng Khởi, Q.1, TP. HCM

⏰ Giờ hoạt động: 10:30 – 22:00

☎️ Liên hệ đặt bàn: 05 6663 6668

📩 Anh/Chị có thể inbox trực tiếp cho em để được giữ chỗ ạ.

Rất mong được đón tiếp các anh chị tại TOHOKU 

Trân trọng,

Anh Quốc  

Tổ trưởng Nhà hàng TOHOKU Vincom Đồng Khởi

#diningreview #gioithieunhahang

#TOHOKUVincomDongKhoi","32",,,,"25","7",,,"0"
"0","Link Bistro – La Siesta Hotel (4 Bà Triệu, Hoàn Kiếm)
Muga – A Rioja Legacy Wine Dinner

Tối qua mình có dịp tham dự wine dinner của Bodega Muga. Một buổi tối khá thú vị, nên mình muốn ghi lại trải nghiệm cá nhân những món mình thích, những điểm mình nghĩ có thể tốt hơn.

⭐ 1. Canapé – phần mở màn làm rất tốt
Hai món canapé thật sự khiến mình bất ngờ:
• Tartare cá hồi – tươi, béo dịu, ăn vào mát và “đúng vị”.
• Mini tart thịt nguội – sốt vừa, không bị nặng dầu như nhiều nơi.

Uống kèm ly vang trắng đầu tiên rất hợp.

⭐ 2. Các món trong menu – hài hòa, ổn trong tầm giá (không “wow”)

• French Oyster + cốm + mù tạt: kết hợp thú vị.
• Burrata Sori + white balsamico: thanh, dễ ăn.
• Chorizo & pigeon: chim bồ câu nhỏ xinh như chiếc bánh mini, làm khéo.
• Beef ribeye – Cuberoll Black Angus 180 days: phần cut ngon, thịt chín chuẩn, sốt porcini đậm đà — điểm sáng nhất menu.
• Sorbet táo xanh & mù tạt: món tráng miệng gây ấn tượng — mát, thanh, mù tạt nhẹ tạo điểm nhấn lạ.
• Cocktail trình diễn cuối buổi: đẹp mắt, dễ uống, kết buổi khá tròn.

Chưa hợp khẩu vị:
• Iberico pork/porridge – ý tưởng hay nhưng thịt hơi nhừ & khô với mình.

⭐ 3. Rượu – lineup trẻ, chai 2009 nổi bật

Tối qua uống từ:

White → Reserva → Selección Especial → Prado Enea Gran Reserva 2009

• Chai 2009 là ngon nhất: thơm, mềm, hậu vị dài.
• Một số bạn trong giới rượu của mình nói lineup hơi trẻ — hợp người mới uống hơn.

(Mình không chuyên sâu về vang nên chỉ chia sẻ cảm nhận thật.)

⭐ 4. Phục vụ – ưu điểm rõ rệt của La Siesta

• Lịch sự, nhanh nhẹn
• Rót rượu liên tục, không để ly trống
• Tên khách viết trên lá cây￼ là điểm nhấn
• Không gian ấm, boutique, dễ chịu

⭐ 5. Tổng kết cá nhân

Đây không phải dạng wine pairing “hoành tráng” như ở những nơi đầu tư lớn vào nguyên liệu & rượu (thường giá gấp 2–3 lần).

Nhưng với 1.45 triệu early bird, mình nghĩ bữa tối này:
Phù hợp cho ai muốn thử wine dinner nhẹ nhàng, dễ tiếp cận, không quá formal. 
Một buổi tối tròn trải nghiệm.

#WineDinnerHanoi
#DiningReview
#MugaRioja
#TinaNgocEats","67",,"2",,"57","8",,,"6"
"3","Set Lunch ở The Long Time Square- TpHCM

Thấy set lunch ở đây chỉ có 228k++ mà được 3 món. Rẻ quá! nên phải đi thử. 

Set lunch được phục vụ ở trong không gian của nhà hàng lúc trước là Da Vittorio cũ. 

🌸Mở đầu là bánh Foccacia với thịt nguội Mortadella và phomai Mozzarella với sốt hạt dẽ cười và lá bạc hà the mát.

🌸Kế đến là món chính với Cá Chim Phile lăn bột theo kiểu Milan. Mình thấy đa số nhà hàng khác dùng cá Chẽm nhưng ở đây dùng Cá Chim ngọt thịt hơn. Cá tươi với lớp bột chiên giòn rụm,ráo dầu . Thịt cá ướp đậm đà với rượu trắng thoang thoảng mùi vỏ cam ăn với khoai tây nghiền béo mịn rất ngon. Khi bưng móm này ra ngửi thơm phứt

🌸Dessert với bánh Cannoli với phomai Ricotta,mứt cam và chocolate. Vỏ bánh Cannoli của nhà hàng làm xuất sắc.

Mình có gọi thêm Tiramisu. Tiramisu ở đây mềm mướt béo nhẹ thơm thoảng thoảng mùi cafe nhưng không có mùi rượu. Rất đáng thử. Khẩu phần to lắm. 2 người ăn còn đủ.

Thật sự phải nói set lunch ở đây tuy rẻ nhưng chất lượng tốt trong một không gian đẹp thì cũng rất đáng để trải nghiệm

Set lunch menu ở đây được thay đổi mỗi tuần nên không sợ trùng.

Có thẻ WMC đăng ký miễn phí được giảm thêm 10% nữa. Tháng sinh nhật được giảm 20%.

Nhà hàng The Long Time Square
36 Nguyễn Huệ. Q1. Tphcm

#diningreview
#lunch
#tphcm
#setlunch","36",,,,"33","3",,,"4"
"6","Yeshi Lê ngô Cát Q1. 

#saigon #dinningreview

Lần trc ăn bên quận 2 lúc soft opening. 

Hnay trở lại ăn chi nhánh mới Lê Ngô Cát. 

Mì bò ngon, hương vị cân bằng, có sate ngon để chấm. 
Sủi cảo chiên ngon. 
Nước soda táo ngon. 

Còn nhiều món mới trong menu, sẽ trở lại để tiêu diệt típ kk. 

Overall okay cho 1 nhà hàng taiwan khu quận 1.","20",,,,"19","1",,,"2"
"2","🌸 Trải nghiệm nhà hàng teppanyaki tại Hong Kong – Biểu diễn nghệ thuật ẩm thực?
📍 Nhà hàng: 瀧宴日本料理 (Long Yến Japanese Cuisine)

📍 Địa chỉ: Causeway Bay, Hong Kong

💰 Giá: Set Miyazaki Wagyu & hải sản ~HK$980/người (≈ 3.200.000 VNĐ)

(Giá gốc HK$1.580, chưa bao gồm 10% phí dịch vụ)

Mình đến thử set Miyazaki Beef & Lobster của Long Yến – một nhà hàng Nhật phong cách teppanyaki giữa trung tâm Causeway Bay. Set ăn rất đầy đặn: khai vị, sashimi, trứng hấp hải sản, cá Hamachi, tôm hùm tươi, bào ngư Nam Phi và thịt bò Miyazaki siêu mềm, thơm và tan trong miệng.

Đến cuối bữa còn có cơm chiên tỏi với thịt xông khói, rau xào và tráng miệng. Mình no đến mức phải xin bỏ món cơm rang 😅, vậy mà bếp vẫn dễ thương tặng thêm hai viên kem xoài mát lạnh để kết thúc bữa ăn.

✨ Điểm cộng: đồ ăn ngon, tươi, nhân viên thân thiện, không gian sang trọng nhưng ấm cúng.

⚡️ Điểm trừ: đầu bếp không biểu diễn nhiều như các nhà hàng teppanyaki khác – hơi tiếc vì “phần trình diễn” chính là nét đặc trưng của loại hình này.

Tổng thể, đây vẫn là một trải nghiệm dễ chịu và đáng thử nếu bạn muốn thưởng thức Wagyu và hải sản cao cấp ở Hong Kong trong không gian yên tĩnh hơn.

#diningreview #Hongkong #teppanyaki","15",,,,"13","2",,,"1"
"2","Em chào các anh chị trong nhóm Dining Review ạ!
Em là Đoàn Hằng, hiện tại em đang làm việc ở bộ phận F&B trong khách sạn Sheraton Hanoi West- 36 Lê Đức Thọ

🍀 Ngày 16.11, bên em sẽ tổ chức 1 chương trình đặc biệt, cùng với đơn vị hợp tác là JOYNES- 1 đơn vị chuyên tổ chức các workshop trải nghiệm ở HN. Chương trình gồm có:

- Tiệc trà chiều 🍰☕️
- Workshop làm tiểu cảnh 🪴
- Buffet tối tại nhà hàng The Market 🍖🍣🦐

🌸 Em xin phép gửi gửi thông tin đến anh chị và có special offer cho các anh chị thành viên nhóm Dining Review 10% OFF cho chương trình lần này ạ. 

⏰ Thời gian: 15h30 - 17h30 (workshop + tiệc trà chiều). Từ 18h: Buffet tối

🎉 Mức giá public: 1.350k++/ pax và 1.100k++ nếu chỉ dùng Trà chiều và workshop

Sự kiện này bên em chỉ target 10 khách, vậy nên anh chị có thể nhắn tin hoặc gọi cho em để đặt chỗ nhé ạ.
SĐT: +84969088442

Em cảm ơn các anh chị lần trước đã tới ủng hộ Buffet Women’s Day bên em, và các anh chị Admin đã duyệt bài ạ 🎀

#diningreview #gioithieunhahang","21",,,,"18","3",,,"0"
"21","✨ Robb Report Việt Nam công bố 35 đề cử cho Top 25 nhà hàng năm 2025 ✨

Robb Report Vietnam vừa giới thiệu danh sách 35 ứng viên cho Top 25 nhà hàng cao cấp 2025, nằm trong chuỗi Gourmet Collection – sự kiện thường niên tôn vinh những điểm đến ẩm thực xuất sắc nhất Việt Nam.

Danh sách năm nay trải dài từ Hà Nội, Đà Nẵng, TP.HCM, Phú Quốc đến Nha Trang, phản ánh bức tranh đa dạng và sáng tạo của ẩm thực Việt đương đại.

🌿 HÀ NỘI
 • French Grill (JW Marriott Hanoi)
 • Gia Restaurant
 • Hibana by Koki (Capella Hanoi)
 • Le Beaulieu (Sofitel Legend Metropole Hanoi)
 • ONVIT
 • Terra Mare

🌊 ĐÀ NẴNG
 • La Maison 1888 (InterContinental Danang Sun Peninsula Resort)
 • Si Dining
 • Le Comptoir
 • Tingara (InterContinental Danang Sun Peninsula Resort)

🌇 TP.HCM
 • Akuna
 • Anan Saigon
 • An’s Saigon
 • Ciel Dining
 • CoCo Dining
 • Fume – Japanese Modern Cuisine
 • La Villa French Restaurant
 • Le Corto
 • Long Triều – The Royal Pavilion (The Reverie Saigon)
 • Lûne Restaurant & Bar
 • Miên Saigon
 • Nén Light
 • Nephele
 • Noriboi
 • Quince Eatery Saigon
 • Sono
 • Tales by Chapter
 • The Albion by Kirk (Hôtel des Arts Saigon – MGallery)
 • Upstairs
 • Yazawa Saigon
 • Yuzu Omakase

🌴 PHÚ QUỐC
 • Pink Pearl (JW Marriott Phu Quoc Emerald Bay Resort & Spa)
 • Oku (Regent Phu Quoc)

🌺 NHA TRANG
 • Hispania Nha Trang (Villa le Corail Gran Meliá)

✨ Các tiêu chí bình chọn gồm:
 • Tài năng bếp trưởng
 • Chất lượng nguyên liệu & kỹ thuật chế biến
 • Thiết kế không gian
 • Chất lượng dịch vụ
 • Giá trị trải nghiệm xứng tầm

Hội đồng giám khảo quy tụ các chuyên gia hàng đầu từ Marriott International, Annam Group, Penfolds, Trulife, cùng đại diện Robb Report Vietnam.

May mắn là mình đã có cơ hội thưởng thức 5 nhà hàng trong danh sách này, mỗi nơi là một hành trình vị giác khác biệt, nơi ẩm thực không chỉ là món ăn, mà là câu chuyện, cảm xúc và bản sắc được kể lại bằng hương vị.

Sự kiện chính thức công bố Top 25 sẽ diễn ra vào ngày 21/11 tại TP.HCM – chắc chắn sẽ là cột mốc đáng chờ đợi của ẩm thực Việt năm nay.

#DiningReview #FineDiningVietnam #RobbReportGourmet2025 #BeyondBordersBeyondTastes #TinaNgocEats","140",,,,"127","13",,,"34"
"2","Buffet Dim Sum ở Nhà hàng Libai- Sheraton Saigon.

Đã lâu không quay trở lại Libai từ khi nhà hàng mới nâng cấp sữa chữa. Nay quay lại thấy đẹp sáng sủa thoáng hơn xưa.

Các món trong buffet dimsum được phục vụ theo kiểu gọi món nên khi đồ ăn bưng ra luôn nóng hổi.

Mở đầu với Soup Hải Sản chua cay của giấm đen Balsamic tạo vị ngọt chua nhẹ thanh tao.

Với các loại Dim Sum nay ăn mình thấy ngon,bánh vỏ mỏng trong veo nhân tươi rói. Có nhiều loại Dim sum mới lạ như bánh bao bò Wagu, Xiao Long Bao nắm Truffle,bánh cảo sò điệp khô,bánh cuối tôm với quẩy giòn tan...

 Bánh bao bò Wagu làm mình rất thích lớp bột bánh ở đây siêu mềm tan trong miệng. Bếp pha bột bánh bao rất chuẩn

Món chính mình rất ưng các loại thịt quay ở đây như Xá xíu,gà quay và Vịt quay . Thịt vịt quay được gói trong lớp bánh Pía như món Vịt quay Bắc Kinh ăn rất bắt miệng. Tuy nhiên thịt Vịt hôm mình ăn hơi bị bở.

Ngoài ra mình rất thích món Đậu hủ non béo ngậy hầm với kim châm sốt dầu hào.

Cơm chiên hải sản xốt Xo của nhà hàng làm rất thơm,cơm tơi xốp với tôm và sò điệp tươi.

Tuy nhiên món Hủ tiếu xào thịt bò chưa được ngon.

Với các món tráng miệng mình rất ấn tượng với món Pudding đậu hủ với mứt thơm.Sự kết hợp giữa vị thanh mát, nhẹ nhàng của pudding đậu hũ non và vị chua ngọt, đậm đà của mứt thơm.

Món bánh cam làm như hình trái vải bên trong là sốt trứng muối cũng thú vị lắm. Nên thử món này.

Phục vụ: các món ăn lên cũng nhanh,nhân viên phục vụ nói chuyện nhẹ nhàng tận tình với khách.

Giá cả: buffet Dim sum chỉ phục vụ 2 ngày trưa cuối tuần với giá 1tr288++ free flow rượu trắng và rượu đỏ. Ngoài ra cũng uống các loại cafe trà nước ngọt thoải mái luôn. Mình thấy mức giá này cũng hợp lý. Làm thành viên Marriott Bonvoy đăng ký miễn phí giảm thêm 10% bill nữa.

Giờ phục vụ từ 11h trưa đến 14h là last order.

Địa chỉ: nhà hàng Libai nằm trên tầng 2 của ks Sheraton Saigon: 88 Đồng Khởi Quận 1. TpHCM.

#diningreview
#Sheraton
#hochiminh
#dimsum
#buffet","40",,,,"36","4",,,"5"
"7","ZAO – Vietnamese Rooted Eatery

📍 4 Ngõ Huế, Ngô Thì Nhậm, Hai Bà Trưng, Hà Nội

Mình thật sự ấn tượng với bữa tối ở đây, từ cách trình bày đến hương vị, mỗi món đều khiến mình phải “wow”.
Rõ vị, tinh tế và đầy bất ngờ.
Rau ngót leo béo nhẹ mà thanh, bụng cá kiếm đậm đà vừa phải, mì cá chình cân bằng hoàn hảo giữa béo – mặn – ngọt, và món khai vị gỏi cá mú Nam Ô thì tươi, sáng vị, cực kỳ chỉn chu.

🍷 Không gian hiện đại, ánh sáng ấm, nhịp phục vụ nhanh. Dù có chút trục trặc ban đầu với nhân viên, nhưng bạn quản lý đã xử lý rất khéo.
Nếu chất lượng dịch vụ được nâng đều tay như đồ ăn, đây chắc chắn sẽ là một trong những nhà hàng Việt fusion đáng nhớ nhất Hà Nội.
Menu rượu vang khá cơ bản, hy vọng đội ngũ phục vụ sẽ được training thêm để tư vấn tốt hơn cho khách.

💛 10/10 cho đồ ăn – 8/10 cho dịch vụ.
Và chắc chắn mình sẽ quay lại để thử thêm các món khác và vài ly vang nữa.

#DiningReview #ZaoDining #VietnameseFusion #HanoiEats","103",,"1",,"92","10",,,"18"
"20","NGỌC PHƯƠNG NAM 1 - HẠ LONG
Đi Hạ Long mọi người thử ghé nhà hàng này, mình thấy ăn ngon hơn Hồng Hạnh, đỡ nhộn nhạo hơn. Mà ngon thật ấy, gia giảm vừa miệng, mang ra món nào hết món đó luôn. 😊 Hải sản cũng tươi rói, vị tự nhiên, chế biến sạch sẽ. 

Ngán 70k/con hấp hay nướng đều ngon. 

Lẩu riêu cua biển (bóc sẵn) với bầu, topping rất nhiều bao gồm cả hàu, tôm, chả thịt lá lốt, ...... nước lẩu thanh ngọt. Giá 800-1tr/nồi. 

Nem hải sản cuốn chắc tay, ngon. 

Nộm sứa cắt miếng sứa to, cắn ngập răng.

À món Hà Sốt cà chua ăn với rau sống rất ngon ạ, highly recommend mọi người. 

À nhà hàng này còn view biển. Siêu rộng, bàn ghế chỉn chu sạch sẽ. Nhân viên thân thiện. Mọi người đặt bàn cứ yêu cầu bàn view biển nhá. 

#diningreview

#halong

#nhungpoza","78",,,,"72","6",,,"6"
"0","","17",,,,"14","3",,,"0"
"27","Mình thử để các bạn khỏi phải thử.
Cuối tuần vừa rồi đi staycation ở Thảo Điền, đọc trong các group review thấy khu này có nhiều chỗ bán tiramisu ngon, nên mình pick 3 nơi được recommended nhiều nhất đặt mua về ăn thử. 

Cả 3 tiệm đều trong bán kính 1km. Sau khi tới nơi, mình bỏ bánh vào tủ mát 30’ cho lạnh trở lại, một nửa test ngay sau đó, nửa còn lại để qua sáng hôm sau test tiếp cho đạt độ lạnh sâu.

Giá cả, tiền ship, cách đóng gói giao hàng và đánh giá chất lượng tiramisu của từng quán như trong hình.

Kết luận:

- Tiramisu by Vicenzo là tiệm chuyên về tiramisu nên bao bì lẫn hương vị quả thực tốt nhất trong 3 nơi. Tuy nhiên với khẩu vị cá nhân mình thì bánh của Vicenzo vẫn hơi bị ngọt. Phần đế bánh bị soaky nhẹ, làm giảm trải nghiệm đi một chút.

- Có lẽ bởi 2 nơi còn lại đều là nhà hàng Ý, tiramisu chỉ là 1 trong nhiều món desserts họ phục vụ nên chất lượng không bằng được Vicenzo.

- Cái bánh mắc nhất trong 3 cái lại là cái bánh dở nhất và ở trong tình trạng tệ nhất khi được ship tới. Thất vọng thực sự luôn.

#diningreview

#tiramisu

#tphcm","155",,,"1","144","9","1",,"13"
"4","学芸大学（Gakugei-daigaku）là một khu dân cư nhỏ, yên tĩnh nhưng rất “chất” ở Tokyo.
Hàng loạt quán cà phê độc lập, tiệm bánh artisan, quán rượu nhỏ và nhà hàng kiểu atelier-style. Mỗi quán thường chỉ có 6–10 chỗ ngồi, trang trí tối giản kiểu Nhật – đây chính là nơi nhiều đầu bếp trẻ thử nghiệm ý tưởng trước khi mở nhà hàng lớn hơn. Giá mình ăn theo course với à la carte giá 10000++.

#203 farm studio –Nhà hàng nhỏ gọn, phong cách modern industrial với tường bê tông trơn, ánh sáng dịu và quầy bếp mở — cảm giác gần gũi kiểu “chef’s table”. Không khí rất Tokyo hiện đại: giản dị nhưng tinh tế, tập trung hoàn toàn vào nguyên liệu và kỹ thuật.

Địa chỉ 〒152-0004 Tokyo, Meguro City, Takaban, 2 Chome−20−4 学大十字街ビル 203

#finedining #tokyo #table","27",,,,"25","2",,,"2"
"25","🥲 Mở máy nghe tin Capos đóng cửa. Dạo này hết Sol r tới Capos đóng cửa. Dù trải nghiệm không quá xuất sắc, ở mức khá ổn nhưng cũng đáng để thử qua nếu muốn có 1 bữa ăn nhẹ nhàng. Một trong những chỗ có view đẹp nhất ở Hà Nội với mình. Mùa xuân trời se lạnh uống cốc nước ngắm nhà thờ không còn gì bằng.","134",,"1",,"114",,"19",,"7"
"9","Em chào các anh chị Admin và anh chị thành viên trong nhóm Dining Review.
Em là Phượng - Quản lý nhà hàng Link Bistro Khách sạn La Siesta số 4 Bà Triệu. 
Ngày 13.11, bên em có tổ chức Muga Wine Dinner - nhà rượu của Tây Ban Nha.
Em xin phép gửi gửi thông tin đến anh chị và có special offer cho các anh chị thành viên nhóm Dining Review 25% OFF cho event Wine dinner tối ngày 13.11.
Thời gian: 18h30 - 22h00.
Mức giá public: 1,950,000net.
Giá offer 25% OFF: 1,450,000net/pax.
Anh chị có thể inbox em để book chỗ trước. Số lượng có hạn. E chỉ còn 5 vé available.
#gioithieunhahang #diningreview","21",,,"1","19","1",,,"1"
"5","Với mức giá cả course với pairing mà chỉ có có 20500++ thì chắc nguyên cái Tokyo chỉ có Le Sputnik 
Mình thấy trên nhóm có người review rồi nhưng đây là trãi nghiệm của cá nhân mình.
Mỗi lần đến đây mình cảm nhận sự sáng tạo chủa chef hầu như không có giới hạn. Với mức giá rất phải chăng thì chất lượng quán ở phân khúc này hầu như không có đối thủ.

Amuse-bouche & Entrée
 1. 枝豆のチュロス (Edamame Churros)
Món khai vị mang tinh thần playful: churros mặn từ đậu edamame phủ bột matcha, tạo cảm giác vừa thân thuộc vừa mới lạ. Ăn kèm trên viên đá nóng, khiến món trở nên sống động và “zen”.
 2. 毛蟹とチーズの煎餅 (Senbei cua lông và phô mai)
Lớp bánh senbei mỏng giòn, kẹp nhân cua lông và phô mai, vừa béo vừa mặn nhẹ. Cấu trúc tương phản giữa giòn và mịn cực kỳ thú vị — gợi nhớ món snack nhưng ở cấp độ haute cuisine.

甘エビとココナッツ (Amaebi & Coconut)
Tôm ngọt Nhật kết hợp kem dừa và vị chua nhẹ của trái cây nhiệt đới. Kết cấu mềm mại, thanh thoát, tươi sáng như một “break” giữa các tầng vị đậm đà.
稚鮎と三杯酢 (Cá ayu non & dấm Sanbaizu)
Món cá ayu chiên giòn hoàn hảo, trình bày như một bức tiểu họa trên đĩa đất nung. Vị đắng nhẹ của ayu hòa cùng giấm Nhật ba vị (ngọt, chua, mặn) tạo chiều sâu umami tinh tế. Một trong những highlight về kỹ thuật lẫn cân bằng vị.
自家製パン (Bánh mì nhà làm)
Bánh mì nướng trong nồi gang, vỏ dày giòn, ruột dai và ẩm. Hương ngũ cốc nhẹ, nướng lên tỏa mùi quyến rũ – một điểm nhấn đậm chất artisan.

グリーンカレーとアオリイカ (Green Curry & Aori-ika)
Một món fusion đậm tính cá nhân của chef: mực Aori-ika Nhật nướng nhẹ, ăn cùng sốt green curry kiểu Thái được làm dịu bằng kem sữa. Rau mùi, thì là và dầu thảo mộc điểm xuyết làm món trở nên sống động và xanh mướt — vừa cay, vừa béo, vừa tươi.
アンクルート (Pâté en Croûte)
Một phiên bản cổ điển được xử lý cực kỳ chuẩn xác. Lớp pâte giòn mịn, nhân gồm thịt heo, vịt, foie gras, và hạt dẻ cười, điểm thêm lớp aspic trong suốt. Mùi vị đậm, kết cấu rõ, và trình bày nửa lát cực kỳ đẹp mắt – đúng chất Pháp.

Amazonカカオと発酵マッシュルームアイス (Cacao Amazon & Fermented Mushroom Ice)
Món tráng miệng phá cách nhất trong set: chocolate đậm, đắng sâu, kết hợp kem nấm lên men tạo hương umami bất ngờ. Một món “weird but brilliant”, thể hiện triết lý của Le Sputnik – tìm cái đẹp trong sự nghịch lý vị giác.

ビーツのバラ・フォアグラ (Rose de Betterave & Foie Gras)
Tác phẩm cuối cùng – biểu tượng của nhà hàng: cánh hoa củ dền sắp thành hình hoa hồng, nhân foie gras mousse mềm mịn bên trong, phủ bột cacao đỏ và sốt rượu đỏ. Món vừa là nghệ thuật thị giác, vừa là cái kết lãng mạn, đậm chất “sputnik”.
甘鯛と発酵キャベツ

Thịt cá amadai được nướng vừa tới, lớp da giòn mỏng giữ nguyên độ ngọt tinh tế của thịt cá trắng. Phủ ngoài là lá bắp cải lên men nhẹ, tạo độ chua thanh và mùi thơm dịu như kimchi Nhật. Nước sốt xanh từ rau củ và bọt sữa nhẹ khiến món ăn vừa tinh tế, vừa đầy chiều sâu umami. Pairing với rượu Claire Naudin “Bellis perennis” 2019 cực kỳ hợp — vị acid tươi sáng cắt qua béo nhẹ của cá.
蝦夷鹿と葡萄ロースト

Thịt nai Ezo được nướng đạt độ chín tuyệt hảo — đỏ tươi, mọng nước, mang vị ngọt tự nhiên và hương rừng đặc trưng. Ăn cùng nho nướng, vị chua ngọt caramel hoá, làm nền cho sốt đậm từ rượu vang đỏ và jus thịt. Cách trình bày với cành gỗ khô, lá nhỏ và bụi cacao gợi cảm giác mùa thu vùng Bắc Nhật, rất “wild but elegant”.
Phần pairing

Champagne J. Lassalle “Preference” Brut Premier Cru

Bellis perennis 2019 – Claire Naudin (Bourgogne)

65/13 (Japan – Natural sake style)

Arbois Savagnin 2016 (Domaine de la Pinte – Jura) 10／10 rất ngon với gan ngỗng 

Produttori del Barbaresco 2019 (Piemonte)

Côte-Rôtie 2019 – Xavier Gérard (Rhône)

Cerdon Renardat-Fâche 2022 (Bugey, France)

Địa chỉ 7 Chome-9-9 Roppongi, Minato City, Tokyo 106-0032
#finedining #tokyo #michelin #japan","56",,,,"50","6",,,"9"
"27","📍 Shanghai Tang – chân ái món quay ở Thượng Hải nha mng 🦆🕊️
Sau khi thẩm vài nhà hàng lớn về món vịt quay và bồ câu quay thì phải công nhận Shanghai Tang ngon lúm 😍. Dù bà chị cản kêu “ở đây không thấy ai gọi hay review món vịt quay đó nha, chắc k ngon hay gì đó”, nhưng Tấm vẫn cố chấp phải gọi, vì đã tới nơi rồi mà không thử thì phí quá. Và thật sự, ai vào đây không gọi vịt quay là uổng thiệt sự đó nhen!

🥇 Món must try đầu tiên – Vịt quay Signature - Roasted Duck.

Bé vịt ở đây người minhon rắn chắc, da óng ánh, giòn ơi là giòn, mà đặc biệt kiểu giòn “tới đâu dao lóc tới đó” luôn 🤭. Miếng da ra mỡ siêu mỏng, gần như không thấy mỡ luôn, ăn không hề ngán.

Thịt vịt thơm, được thái lát mỏng, vẫn còn ánh tím hồng chứ không bị trắng bệch như chỗ khác. Ăn kèm bánh cuốn, topping đầy đủ nên mỗi cuốn vừa thơm, vừa mềm, vừa giòn tan – cực kỳ hài hòa luôn.

Tấm thấy nước sốt ở đây ngon hơn các nhà hàng khác, bỏ nhiều vẫn không bị mặn hay gắt cổ.

👉 Lưu ý: món này phải đặt trước & cọc tiền khi đặt bàn nha, vì vịt quay mất gần 2 tiếng mới xong đó.

🥈 Món thứ hai – Bồ câu chiên - Fried Pigoen in Chinese Prickly Ash.

Bồ câu được chiên giòn và ủ trong cây tần bì gai, hạt hoa tiêu nên lớp da ngoài siêu giòn, thơm nức mũi, mà bên trong thịt vẫn ẩm mềm, không hề bị khô. Cắn miếng đầu tiên là cảm nhận được độ mềm mượt và vị thấm từ trong ra ngoài.

Phải nói là ngon đến mức viết lại thôi mà Tấm vẫn bị… thèm lại luôn 🙈

(Món này cũng phải đặt trước 1 ngày nha, 1 phần là 2 con – đi nhóm nhỏ ăn vậy là vừa đẹp luôn đó).

🥉 Món cuối – Ốc lạnh:

Kiểu giống ốc hương nhưng lên món lạnh. Với khẩu vị của Tấm thì món này không nên gọi, vì vị hơi lạt và ăn thấy quá thường. Ốc Việt Nam mình vẫn đỉnh chóp hơn nhiều 😆 nên nếu có đến, Tấm khuyên chọn món khác nha.

Hứa hẹn sẽ quay lại 2-3 lần nữa để thử thêm các món khác. Yummyyy 

#dinningreview

#shanghai

#SHANGHAITANG

#foodie","111",,,,"103","8",,,"16"
"1","Nhà hàng Cote d’Or (コートドール) – tượng đài của ẩm thực Pháp cổ điển ở Tokyo – đã chính thức khép lại hành trình 38 năm vào tháng 2 năm nay.
Mình có dịp đến ăn ngay trước khi quán đóng cửa, và thay vì gọi course, mình chọn à la carte để cảm nhận từng món một cách tự nhiên nhất – như một lời tri ân cuối cùng dành cho bếp Pháp truyền thống.
Nếu mọi người muốn thử hương vị của quán này thì còn 1 quán ở pháp đã có hơn 35 năm lịch sử với 35 năm liên tục 3 sao Michelin là L'Ambroisie.Vì chef là người làm ở L'Ambroisie
 từ ngay những ngày đầu và mở cửa cho đến lúc đạt được 2 sao, tinh thần của L'Ambroisie và Coto d’or là một. 

Amuse – Khoai tây chín kỹ với cá trích muối

Một thìa nhỏ mà đầy cảm xúc: khoai tây熟成じゃがいも được nấu đến độ mềm dẻo, ngọt tự nhiên, bên trên là anchovy muối cho vị mặn sâu và hậu vị umami dày. Một mở đầu giản dị nhưng đầy tinh tế, thể hiện đúng tinh thần “simple mais profond” – đơn giản mà sâu sắc.
Gan ngỗng terrine
Lát foie gras terrine béo mượt, được phục vụ ở nhiệt độ lạnh vừa phải, đi cùng bánh mì nướng hạt khô và salad cần tây ngâm chua nhẹ. Món ăn tưởng chừng cổ điển nhưng hoàn hảo đến từng chi tiết: béo – giòn – thanh hòa quyện nhịp nhàng, không cần phô trương mà vẫn để lại ấn tượng sâu.

Nấm porcini xào

Nấm porcini được xào với hành khô và ngò tây. Mùi thơm bốc lên ngập căn phòng, phần cháy cạnh vừa đủ để dậy mùi rừng, thịt nấm săn mà vẫn giữ nước. Đây là món ăn “nghe đơn giản nhưng đòi hỏi cảm giác bếp cực cao”.

Cá Hata hấp – sốt nghệ tây

Cá Hata vùng Kagoshima được hấp nhẹ rồi áp chảo để giữ trọn vị ngọt, dùng cùng sốt saffron vàng óng và rau củ cắt sợi (cà rốt, tỏi tây, bí ngòi).
Phần cá và rau đều được “火入れ” (xử lý nhiệt) hoàn hảo – mềm, ngọt, không hề bị khô.

Phải nói rằng đầu bếp ở đây là thiên tài về độ chín của cá và rau.
Đuôi bò hầm rượu vang đỏ

Một món đậm chất bếp Pháp cổ điển: đuôi bò được hầm lâu trong rượu vang đỏ cho đến khi mềm rã, nước sốt đặc sánh, bóng mượt. Ăn cùng purée cà rốt vị thyme – ngọt, thơm, tạo độ tươi nhẹ cho món hầm nặng vị. Mỗi muỗng như chạm lại hương vị “Escoffier” nguyên bản.

Thịt cừu Sisteron (シストロン産子羊) nướng

Cừu Pháp vùng Sisteron được nướng hoàn hảo – bên ngoài vàng, bên trong hồng mềm.
Dưới lớp thịt là ratatouille nấu kỹ và sốt từ nước jus cừu cô đặc. Hương cừu nhẹ, thịt ngọt và sốt đậm vị nhưng vẫn thanh, thể hiện đúng tinh thần của bếp Pháp kinh điển: tối giản nhưng tinh tế tuyệt đối.

Mont Blanc kiểu Cote d’Or

Món tráng miệng biểu tượng của nhà hàng. Lớp kem hạt dẻ mềm mịn, độ ngọt vừa phải, phần nền merengue giòn nhẹ và chantilly béo mượt.
Một kết thúc hoàn hảo – nhẹ nhàng, tinh tế, mang hương vị hoài niệm như chính hành trình của nhà hàng qua hơn ba thập kỷ.
Phần rượu do mình muốn nói chuyện với chef nên không dám uống nhiều sợ không còn tỉnh táo nên chỉ gọi 3 chai 

Pouilly-Fuissé “Vieilles Vignes” 2022 – Famille Cordier (Bourgogne), Uống cùng foie gras terrine cho cảm giác béo – chua – thơm cân bằng tuyệt vời, hương acid nhẹ làm món gan trở nên thanh hơn mà vẫn giữ trọn độ béo ngậy.

Meursault “Les Clous” 2021 – Bouchard Père & Fils .Một Meursault trẻ tuổi nhưng thể hiện rất rõ nét của nhà Bouchard: tròn, sâu, hậu vị kéo dài.

Château Suduiraut 1996 – Sauternes (Premier Cru Classé)

Kết thúc buổi trưa bằng một ly Sauternes 1996 – rượu tráng miệng vàng hổ phách, hương mật ong, mơ khô, quả mâm xôi vàng và chút caramel cháy nhẹ. Uống cùng Mont Blanc kiểu Cote d’Or tạo nên sự hòa quyện giữa béo – ngọt – thơm, như ký ức được đóng chai.
Một kết thúc tuyệt đẹp, vừa sang trọng vừa chan chứa cảm xúc hoài niệm.","18",,,,"14","4",,,"0"
"4","Hôm nay đổi gió đi Utsunomiya 
Otowa Restaurant là thành viên chính thức của Relais & Châteaux, một hiệp hội toàn cầu chỉ chọn lọc khoảng 580 nhà hàng & khách sạn độc lập mang giá trị:

“Nghệ thuật sống, tôn vinh vùng đất, con người, và ẩm thực địa phương.”

Ẩm thực của Otowa là một hành trình yên tĩnh nhưng đầy cảm xúc — nơi kỹ thuật Pháp cổ điển gặp gỡ tinh thần Nhật Bản thanh tao. Mỗi món ăn là một cách kể chuyện khác nhau về mùa, đất, và nguyên liệu Tochigi.

Bữa tối mở đầu bằng cappuccino nấm porcini (セップ茸のカプチーノ) – lớp espuma nhẹ, thơm mùi đất và rừng, ấm áp như lời chào đầu mùa xuân. Theo sau là mousse cá hồi mềm mịn trong tartlette nhỏ, điểm xuyết trứng cá hồi và hoa trắng li ti – vừa tinh tế vừa gợi cảm giác biển cả phương Bắc.

Món rau củ vùng Tochigi gây ấn tượng với sự chân thật của nguyên liệu. Rau được hấp, nướng, hoặc để sống tùy loại, phủ sốt whey (ホエーソース) làm từ phần sữa chua tươi – vị chua béo nhẹ giúp nổi bật vị ngọt tự nhiên của rau. Một món ăn tưởng đơn giản nhưng thể hiện tinh thần “hòa hợp với đất và mùa”.

Tiếp đến là tôm hùm nướng ở nhiệt độ thấp, ăn cùng sốt cam quýt – ngọt dịu, tươi sáng và rất cân bằng.

Rồi đến amadai nướng giữ vảy giòn (甘鯛の鱗焼き) – lớp vảy giòn rụm tương phản với phần thịt mềm ẩm, hòa cùng sốt rau tần ô xanh mướt, mang hương vị đặc trưng của mùa xuân Nhật Bản.

Điểm cao trào của bữa tối là bào ngư bọc pâte feuilletée (鮑のパイ包み) – lớp vỏ nâu bóng được khắc họa tinh xảo, bên trong là bào ngư quấn rong biển thay cho rau chân vịt, ẩn mình trong mousse cá trắng. Khi cắt ra, mùi thơm của bơ, biển và sốt gan abalone quyện cùng nước dùng dashi – một tuyệt phẩm thể hiện sự giao thoa hoàn hảo giữa Pháp và Nhật.

Món thịt chính là wagyu Tochigi nướng chín vừa, dùng với củ dền và đậu lăng. Phần sốt đậm đà, vị thịt ngọt béo tinh tế nhưng không nặng nề – một kết thúc ấm áp, đầy chiều sâu.

Tráng miệng là dâu Tochigi trắng và đỏ, đi cùng kem sake kasu nhẹ và thơm, mang dư vị tinh khiết, khép lại bữa tối bằng cảm giác tươi mới, thanh nhã.

Một bữa ăn như bức tranh mùa xuân được vẽ bằng hương vị – nơi mỗi chi tiết đều được chăm chút tỉ mỉ, và sự tinh tế nằm trong cả những điều giản dị nhất.

Vì mình đang học lên sommelier nên phần rượu sẽ nói kỹ chút

Champagne Gersende Lefevre Grand Cru – Blanc de Noirs Extra Brut, Pair tuyệt vời với amuse nấm porcini cappuccino – vị umami và hương đất hòa cùng độ chát tinh tế của Pinot Noir.

Domaine Marcel Deiss – Riquewihr, Kết cấu hơi béo, hậu vị dài. Hợp với món rau củ Tochigi và sốt whey (ホエーソース) – tạo cảm giác mềm mại, êm ái và tươi sáng.

United Arrows × Senkin – 日本酒 仙禽 (Nigori)

Sake đục nhẹ, vị chua sữa thanh, hương cơm mới và men gạo.

Marcel Deiss – Gruenspiel “Le Jeu des Noces”

Vang cam (orange wine) với hương trái khô, hoa khô, và chút tannin nhẹ. Cấu trúc đầy và sâu.

Château Lamothe Guignard 2011 – Sauternes (2ème Grand Cru Classé)

Kết thúc hoàn hảo. Màu vàng mật ong, hương quả mơ khô, caramel và chút botrytis đặc trưng.

Địa chỉ 3554-7 Nishiharacho, Utsunomiya, Tochigi 320-0826

#dining #finedining #diningreview","31",,,,"25","6",,,"1"
"0","Cần Thơ- Ở đâu- Ăn gì- Đi đâu.
Di chuyển: đã có đường cao tốc đi Cần Thơ nên di chuyển rất khỏe tầm 2 tiếng rưỡi là đến. Đông xe thì 3 tiếng từ Tphcm.

Nếu đi từ Hà Nội có đường bay trực tiếp đến sân bay Cần Thơ.

 🏡Chỗ ở:

Lần này mình chọn nghĩ ở Victoria Cần Thơ nổi bật với phong cách kiến trúc Đông Dương cổ điển , mang lại vẻ đẹp sang trọng, thanh lịch nhưng vẫn hài hòa với không gian sông nước miền Tây. Vị trí của khách sạn rất tiện lợi nằm bên cạnh công viên,đối diện Sông bước qua cầu Tình Yêu là đến Trung Tâm Tp. Khách sạn rất nhiều cây xanh nên tạo cảm giác mát mẻ dễ chịu.

Các dãy phòng với những viên gạch hành lang thường gợi nhớ đến kiến trúc thanh lịch của thời Đông Dương trong phim ""Người đẹp Tây Đô"".

⭐Hạng phòng Suite mình ở  rộng 60m2 Nội thất được làm bằng gỗ với tông màu ấm áp, kết hợp với các chi tiết trang trí đậm chất Việt Nam, tạo nên không gian ấm áp với view hướng ra sông Hậu thoáng mát.

Mỗi tối khi turn down phòng có 1 chút bánh ngọt và 1 câu truyện cổ tích đính kèm cho khách đọc dễ ngũ.

Khách sạn có 2 bể bơi rộng. Bể bơi xanh biếc đan xen trong màu gạch Tàu đỏ tạo ra sự tương phản rất bắt mắt. 

Nhân viên dễ thương thật thà như tính cách người Miền Tây.

⭐Ăn uống ở Khách sạn:

Ăn sáng: đồ ăn sáng cũng không nhiều nhưng mình cảm thấy vừa vặn. Các món hủ tiếu,phở và bún riêu nêm nếm ngon.Nước dùng hầm xương ngọt không có bột ngọt.

Bánh Croissant làm chưa được ngon. Các loại bánh dân gian ở đây làm ngon hơn.

Ăn tối: Bánh xèo thịt vịt làm chuẩn kiểu miền Tây thơm mùi nước cốt dừa. Rau sạch tươi mơn mởn. Nước mắm pha hơi chua,dịu ngọt xuống 1 chút thì ngon.

Lẩu riêu cua của Khách sạn làm rất ngon. Ngọt xương hầm thoang thoảng mùi mắm tôm. 2 món này nên gọi khi ăn ở đây.

⭐Hoạt động: Chiều tối ks có hoạt động dậy khách đan nón lá. Cũng thú vị.

Ngoài ra có dịch vụ xông hơi miễn phí với tinh dầu bạc hà.

Massage giá cũng ko quá đắt. Mua 60 phút được tặng thêm 20 phút và giảm thêm 10% nữa. Có chòi massage ngoài vườn cho khách yêu thiên nhiên.

 

Bên cạnh đó ks có dịch vụ ăn sáng và trà chiều bằng thuyền trên sông. Chi phí tầm 1tr/ khách.

Tóm lại Victoria là 1 khách sạm 4 sao nhưng chất lượng cũng như 5 sao. Khách sạn làm rất tốt trong phân khúc 4 sao rất xứng đáng để ở.

🌼Ăn uống ở Cần Thơ:

🌸ĂN SÁNG

♦Tiệm mỳ Hậu Ký: là tiệm mỳ lâu nhất ở Cần Thơ với trên 40 năm. Sợi mỳ làm bằng tay dẻo mềm ăn như mỳ Ramen của Nhật chứ không phải kiểu giòn sựt như mỳ Hoa truyền thống. Nước ngọt xương và ngọt đường. Bánh tôm chiên ăn ngon. Giá 50k full toppping ú ụ. Rẻ hơn ở Sài Gòn.

Địa chỉ: 147 Phan Đình Phùng.

♦Bún Bò Huỳnh Châu: vị bún bò khá thơm mùi ruốc ít mùi xả. Thịt nhiều ăn tô 70k muốn xỉu. 

Địa chỉ: 166 Phan Đình Phùng.

♦Cơm tấm Cây Sung: 

Thịt nướng và Gà nướng ở đây ướp rất ngon. Dưa chua quán làm bắt miệng lắm.

Địa chỉ : 136 Phan Đình Phùng.

♦Mỳ Vịt Tiềm và Bò Kho nên đến hẻm 72 Phan Đình Phùng. Hương vị mỳ vịt tiềm ở đây khác với hương vị Vịt Tiềm kiểu Hoa ko quá hắt dịu nhẹ. Nước ngọt vị đường.

♦Bún măng Vịt nên đến quán 123 Phan Đình Phùng. Ăn ngon. Thịt xắt dầy măng tươi ăn giòn xựt. Nêm nếm vừa vị.

🌸ĂN TRƯA VÀ ĂN TỐI

♦Bánh xèo 7 Tới: Khá xa trung tâm. Có đặc trưng là Bánh xèo thịt vịt và Cổ Hủ Dừa và đậu xanb. Bột pha giòn mỏng xốp tuy nhiên nhiều dầu ăn hơi ngấy . Nhiều loại rau rừng cho ai mê ăn rau.

♦Vịt nấu chao Thành Giao:

Món vịt nấu chao ở đây rất nổi tiếng nhưng nước dùng nhiều mỡ quá. Ăn cũng không rõ vị chao. Mình thấy cũng không ngon lắm. Ăn 1 lần cho biết thôi.

Ngoài ra quán có món ốc bưu nướng với nước mắm tiêu ăn cũng ổn. Quán đông ngồi rất nóng.

♦Bò Nướng Sil Mỳ: vị trí ngay trung tâm tuy nhiên không gian quán hơi dơ. Quán có trang trại nuôi bò riêng nên thịt bò ở đây luôn tươi giá cũng mềm .Thịt bò nướng và bò lá lốt làm ngon chấm với mắm nêm và tương đen ăn cuốn. 

Lẩu bò ngọt xương,không thơm. Đặc biệt rất mê Bò Viên của quán này. 

Địa chỉ: 13 Hải Thượng Lãng Ông. Vào hẻm 1 chút.

🌼ĐI THĂM QUAN:

♦Nhà Thờ Chính Tòa Cần Thơ: Mang kiến trúc Pháp cổ kính xây từ năm 1916. Mang lại cảm giác bình an khi đến đây.

Địa chỉ: 14 Ng Thị Minh Khai.

♦Nhà cổ Bình Thủy: cách trung tâm Tp Cần Thơ tầm 10km.Kiến trúc của Nhà cổ Bình Thủy là sự kết hợp hài hòa, tinh tế giữa hai nền văn hóa Đông và Tây, tạo nên một vẻ đẹp vừa sang trọng kiểu Pháp vừa truyền thống đậm chất Nam Bộ.Ngôi nhà là nơi lưu giữ nhiều cổ vật quý giá của gia tộc họ Dương.

Nhà cổ Bình Thủy đã được chọn làm bối cảnh cho nhiều bộ phim nổi tiếng, tiêu biểu là: Người Tình và Người Đẹp Tây Đô.

Một nơi rất nên đến với nhiều góc chụp ảnh đẹp hoài cổ.

♦Chùa Ông Cần Thơ:

Chùa Ông Cần Thơ, hay còn được biết đến với tên gọi chính thức là Quảng Triệu Hội Quán, là một di tích lịch sử và văn hóa cấp quốc gia nổi bật, mang đậm kiến trúc truyền thống Trung Hoa, tọa lạc ngay trung tâm thành phố Cần Thơ.

Địa chỉ: 32 Hai Bà Trưng.

#diningreview

#cantho

#victoria

#amthuccantho","34",,,,"32","2",,,"7"
"7","🧭 Review: Smaak – Utrecht, Yokohama
Phong cách: Modern European / Fine Dining

Vị trí: Trên tầng cao nhìn ra cảng Yokohama, tầm nhìn mở.

〒231-0003 Kanagawa, Yokohama, Naka Ward, Kitanakadori, 5 Chome−57−2 横浜北仲ノット内 46階

⸻

🌅 Không gian

Không gian của Smaak là sự giao thoa giữa Bắc Âu và Nhật Bản: tông gỗ sáng, tối giản nhưng ấm cúng. Bàn ăn rộng rãi, các chi tiết bài trí tinh tế, kính lớn nhìn thẳng ra biển tạo cảm giác thoáng đãng và thư giãn. Ánh sáng buổi trưa hắt vào bàn gỗ, ly champagne phản chiếu lấp lánh — rất “Yokohama”.

⸻

🍽️ Trải nghiệm ẩm thực

Menu mang tên “Utrecht”, được trình bày song ngữ Anh – Nhật, gồm 6 món chính với nhịp độ phục vụ cân đối và sự chuyển vị mượt mà.

Amuse-bouche

Một khởi đầu tinh tế: lớp bánh giòn nhỏ, gan hoặc mousse phủ thạch trong suốt, điểm xuyết bằng hoa trắng li ti. Kết cấu ba tầng, vừa giòn vừa mềm, vị umami đậm và hậu vị nhẹ ngọt. Tỉ lệ chính xác đến mức “kiểu Bắc Âu chính hiệu”.

Kingfish, Cauliflower, Miso, Horseradish

Món cá sống lên men nhẹ, kết hợp súp lơ, củ cải đỏ thái mỏng và sốt miso horseradish — vị béo, cay the và chua nhẹ hòa quyện. Cách trình bày rất sạch sẽ, mang tinh thần “Nordic freshness” nhưng giữ được tinh thần Nhật qua phần cân vị umami.

Eggplant baba ganoush, Mushrooms, Pasta, Parmesan, Basil

Một món chay kiểu Địa Trung Hải – mùi khói của cà tím và độ umami của nấm tạo nên lớp nền ấm, trên là sốt parmesan béo ngậy và hương basil tươi. Một tổ hợp rất cân bằng giữa khói – béo – chua – tươi.

Fish of the season, Yogurt, Coriander, Miso Hollandaise

Món cá áp chảo mềm mọng, phần sốt hollandaise pha miso là điểm nhấn: ngậy nhưng không nặng, thêm chút mùi ngò và chua thanh từ yogurt khiến tổng thể sáng vị, cực kỳ “Japan x Nordic”.

Beef filet, Topinambur, Mushroom, Vadouvan, Potato

Thịt bò chín hoàn hảo (medium rare), mềm ẩm, phần sốt vadouvan thơm mùi cà ri nhẹ, củ topinambur nghiền mịn và rau củ mùa thu. Trình bày cân đối và hiện đại, tạo nên “đỉnh điểm” của bữa ăn.

Dessert – Cherry, Yoghurt, Yuzu, Buttermilk, Dill

Một món tráng miệng tươi sáng, có vị chua nhẹ của anh đào và yuzu, vị béo nhẹ của sữa chua và buttermilk. Kết cấu đa tầng với meringue mỏng và gel cherry – rất tinh tế, tạo cái kết nhẹ và thơm.

Mignardises

Canelé, macaron pistachio, pâte de fruit – nhỏ xinh, ngọt vừa phải, cà phê kết hợp trọn vị.

Phần rượu:

Champagne VENT NV, Brut Nature cân bằng, acid tốt, hậu vị tinh gọn.

Butterfield Bourgogne Aligoté 2021 (France)、chua sáng, nhưng vị táo vàng và vỏ chanh hiện rõ, body trung bình, hậu vị có chút khoáng.

Kalleske Plenarius 2022 (Australia, Barossa Valley)、mùi mơ khô, thảo mộc, vỏ cam.

MGVs Hayabusa 2018 (Japan, Yamanashi).

#finedining #japan #food","24",,,,"24",,,,"1"
"6","Kappou Hanoi
15A Nguyễn Đình Thi, Tây Hồ, Hà Nội

Một buổi tối “lonely date” – tự thưởng cho bản thân một bữa Omakase đắt tiền một chút.

Lúc đầu mình cũng định đặt Yuzu tận Thái Phiên (nhà mình ở Thuỵ Khuê), nhưng xem một số nhà hàng và tham khảo các fanpage của các nhà hàng thì mình chọn bên này. 

Không gian yên tĩnh chủ đạo là gỗ, quầy counter chỉ có 6 chỗ, hôm mình đi thì một mình riêng một góc, cực kỳ thoải mái. Các bạn phục vụ dễ thương, nhẹ nhàng đúng kiểu Nhật, mà vẫn gần gũi.

Mình chọn set Hà Nội, giá 2tr5 chưa VAT, no thật sự, mà no kiểu dễ chịu, món nào cũng vừa vặn, hương vị tinh tế, rất “Nhật”.

Ấn tượng nhất chắc là sashimi – tươi, được anh chef sắp xếp thứ tự ăn cực hợp lý (mặc dù mình không nhớ hết các loại cá 😅
Wagyu A5 nướng thì khỏi nói, nướng vừa tới, mềm và tan trong miệng, đúng nghĩa hoàn hảo.

Tổng thể, nhà hàng mang cảm giác rất chỉn chu từ không gian, service và sản phẩm, nhẹ nhàng kiểu ăn một mình cũng thấy vui 🥰

Cá nhần mình đánh giá là một trải nghiệm đáng tiền 🥰

#omakasehanoi #reviewomakase #diningreview","82",,,,"70","12",,,"8"
"12","🥢 Quán mì cá Dingtelezhou nhỏ xíu trong hẻm😋

Bình thường nhóm mình hay chọn mấy nhà hàng sang xịn nhiều rồi, nay Tấm mạn phép đổi gió chút — review một quán nhỏ xinh local nằm lọt thỏm trong con hẻm nhỏ ☺️

Tấm ghé vào buổi sáng tầm 10h hơn, quán vẫn đông khách mà đa phần là người Trung — nhìn là biết local chính hiệu luôn 😌. Tấm order 1 tô mì cá, cháo gà nấm, cháo tôm nấm hạ thảo và 1 phần gan xào.

Tô mì cá có cái vị nước lèo ngọt thanh kiểu hầm xương cá tự nhiên, không gắt vị bột ngọt như nhiều quán khác. Miếng cá đù vàng vẫn chắc thịt, thơm nhẹ mà đặc biệt là không hề tanh, ăn cùng sợi mì dai nhẹ rất hợp.

(Ps: cá đù vàng này là loại cá mà các nhà hàng lớn ở Trung quốc rất hay dùng để chế biến lên món vì thịt thơm ngọt.)

Tấm thử thêm phần gan xào nữa, vị hơi đậm hơn so với món chính, nhưng kiểu nấu rất “cơm nhà”, dầu vừa phải chứ không ngấy. Ăn cùng cháo gà nấm rất hợp.
Còn cháo tôm hạ thảo hạt cháo hầm ngọt, dễ ăn.  😅

👉 Tổng kết:
 • Ai thích ăn sáng kiểu nhẹ bụng, thanh đạm thì nên thử.
 • Món “must try” vẫn là mì cá mú vàng nha 🐟

#dinningreview
#ThượngHải","38","1","1",,"34","2",,,"3"
"4","Review – Ginza L’Ecrin vào tháng 6 lúc vào mùa mưa phùn.
Không gian của Ginza L’Ecrin mang đậm nét thanh lịch và yên tĩnh kiểu Pháp giữa lòng Ginza. Ánh sáng nhẹ, bàn ăn tinh giản, cùng phong cách phục vụ chuẩn mực nhưng ấm áp, tạo cảm giác thư thái và sang trọng.

Khởi đầu với amuse – madeleine ô liu, lớp vỏ giòn nhẹ, hương bơ và ô liu hòa quyện tinh tế. Súp lạnh cà chua cùng langue de chat mang lại cảm giác tươi mát, mở vị hoàn hảo. Cá tráp đỏ được ướp và phục vụ với dầu ô liu hun khói cùng giấm bergamot, vị thanh và cân đối.

Cá đuối áp chảo kiểu meunière, sốt beurre noisette hòa quyện hạnh nhân thơm bùi, thể hiện kỹ thuật Pháp cổ điển tinh xảo.

Món chính – thịt cừu nấu sốt blancquette, thịt mềm, béo nhẹ, thấm đều nước sốt trắng đậm đà và sang trọng – là điểm nhấn của bữa ăn. Cuối cùng, tráng miệng Fruits rouges với mousse trái cây đỏ và kem lychee mang vị chua nhẹ, kết thúc tròn trịa.

Phần rượu 

Pommery Apanage Brut

Wonderwerk “It’s a Fine Day”

Domaine Bachelet-Monnot – Chassagne-Montrachet 2022

Winkler-Hermaden Sauvignon Blanc Kapfensteiner Ried Kirchleiten

Domaine Gachot-Monot Nuits-Saint-Georges 1er Cru “Thorey” 2012

Domaine Gros Nuits-Saint-Georges “Les Chaliots” 2012

Đ/c 〒104-0061 Tokyo, Chuo City, Ginza, 4 Chome−5−5 ミキモト本店ビル B1F

#finedining #french","18",,,,"16","2",,,"0"
"7","🍵 Lần 2 quay lại Thượng Hải 🍰

Tấm quay lại ăn kem matcha và tiramisu để xem vị có thật sự ngon không, rồi review lại cho mọi người nè. Vì đôi lúc ăn lần đầu thấy ngon có thể do thời tiết hoặc tâm trạng nữa 😆 (đợt đầu Tấm đi là tháng 4 trời nóng, còn lần này tháng 10 trời lạnh teo teo rồi 🥶).

Và sau khi thử lại, Tấm xác nhận luôn: hai quán Kem Matcha và Tiramisu Me này NGON thật nha mọi người 👏👏

Tấm với người nhà ăn mì cua lông no nê xong mới tạt qua đây mua 3 viên kem ăn tráng miệng 🍜🍦. Tiệm kem này nổi tiếng với vị matcha — có tận 5 cấp độ. Theo khẩu vị của Tấm thì sau khi thử hết, vị số 3 là ngon nhất: thơm nồng đặc trưng, nhưng không bị đắng.
👉 Mọi người có thể nhờ nhân viên cho thử hết các vị trong quầy trước khi chọn nha.
Haha, thử no xong mà không đặt chắc cũng khó lắm á 🤭. Đùa chứ Tấm đảm bảo, thử xong kiểu gì cũng order ít nhất 2 viên 😋.
Lần này Tấm còn thử thêm vị yuzu – thơm lắm luôn, ăn kèm matcha là siêu bén 🍋💚.

Ăn kem xong, Tấm lại tạt qua Tiramisu Me (ngay đối diện) mua 1 phần take away vì no quá rồi. Định bụng lang thang cho tiêu hoá xong sẽ ăn, mà về khách sạn để tủ lạnh quên luôn… tới sáng ngày mốt (tức là qua 2 đêm lận 😅) mới nhớ ra.
Vậy mà… ăn vẫn ngon xuất sắc luôn mọi người ạ! ✨

Chính vì vậy nên phải viết ngay bài review này cho cả nhà, ai đang ở Thượng Hải thì nhớ ghé thử nha 💚

Bài trước Tấm có nói Tiramisu ở đây ngon hơn Park Hyatt, và lần này vẫn giữ nguyên nhận định đó nhé.
🍰 Vị ngọt vừa phải, kem béo mà không ngấy, lớp bánh sampa mềm nhẹ, tan đều trong miệng.
Tấm vốn không thích ăn ngọt mà vẫn mê chiếc bánh này – đúng là chân ái ☺️
Đặc biệt, để tủ lạnh 2 ngày 2 đêm mà kem không bị khô hay đặc lại, chứng tỏ nguyên liệu cực xịn luôn 💪
Với độ ngon này, chắc Tấm lại phải mua cả chục hũ mang về cho hai cô con gái iu ở nhà ăn dần 🤩💕

⸻

📍 Rồi đến đoạn quan trọng nhất đây ạ: 
Cả hai tiệm nằm ở Tầng hầm (Food Court) của Trung tâm thương mại Xintiandi Plaza – Tân Thiên Địa Plaza nha.
Vừa xuống thang cuốn rẽ trái là thấy tiệm kem Matcha, còn Tiramisu Me thì đối diện bên kia, rất dễ tìm 🍨💚

#dinningreview
#finedining
#kemmatcha
#ThượngHải
#ShanghaiVibes
#tiramisu","25",,,,"22","3",,,"4"
"9","Cloud Nine – La Siesta Hotel, 27 Hàng Bè, Hoàn Kiếm, Hà Nội

Mình vốn thích ăn ở nhà hàng trong khách sạn, kiểu gì dịch vụ cũng chỉn chu, nhân viên nhẹ nhàng và không gian dễ chịu. Lần này đến Cloud Nine, nằm trong La Siesta Hotel, mình có trải nghiệm khá trọn vẹn.

🍽️ Về đồ ăn

Mình chọn set 1.190k/ người với 7 món mà ăn xong no kiểu dễ chịu, không nặng bụng. (có cả set 790k)
 • Bánh mì bơ hành caramen: nhỏ xinh, thơm kiểu lạ lạ, mở vị khá ổn.
 • Tart cá hồi Gravlax: giòn rụm, cá hồi ướp vừa miệng, đây là món mình thích nhất đầu bữa.
 • Súp tỏi tây & trứng muối: béo vừa phải, ấm bụng.
 • Salad tôm xoài bơ: món mình nhớ nhất, vị thanh mát, hài hòa cực dễ chịu.
 • Mì Capellini tôm sốt Teriyaki: sợi mì angel hair dai nhẹ, tôm nướng thơm nức.
 • Bò Wagyu steak: mềm, ngọt, sốt tiêu xanh đậm vị (mình thì thích mỡ hơn chút xíu nữa).
 • Mousse chanh leo: mềm mịn, ngọt nhẹ, kết lại bữa ăn rất tròn vị.

Cuối bữa, nhà hàng mời một loại trà táo tươi pha hoa khô, chỉ phục vụ giới hạn 10 suất mỗi tối uống kèm dessert thấy vị “chốt hạ” cực hay.

🍷 Về đồ uống

Rượu vang ở đây dễ chọn, không bị quá nhiều nhãn loạn mắt. Mình thích menu rượu vì tập trung vào những dòng cơ bản nhưng chất lượng. Ai thích cocktail thì tầng 10 của khách sạn có rooftop bar khá nổi tiếng với view và cocktail signature.

✨ Về không gian & dịch vụ

Không gian tông đen trắng, ánh sáng dịu, lên hình buổi tối rất đẹp. Có bàn ban công ngắm phố cổ, hôm mình đi trăng lên, nhìn xuống phố vàng ươm, chill thật sự.

Mình đi vào dịp kỷ niệm, nhà hàng trang trí hoa, bóng bay, dòng chữ “Happy Anniversary” rất tinh tế. Khách Tây ngồi bàn bên thấy cũng quay sang chúc mừng, còn đề nghị chụp ảnh giúp, không khí đúng kiểu ấm áp nhẹ nhàng.

🌿 Tổng kết

Đồ ăn ở Cloud Nine có thể chưa “wow” kiểu fine dining đắt đỏ, nhưng với mức giá bằng một nửa, một 1/3 cộng dịch vụ tốt và không gian ấm, mình thấy cảm xúc mang lại còn đáng giá hơn nhiều.

Một buổi tối nhẹ nhàng, đủ ngon, đủ đẹp, đủ cảm xúc.

#diningreview  #finecuisine","69",,"2",,"58","9",,,"6"
"2","Déjeuner d’été – Review le restaurant UMITO-enoshima  
Mình đi vào lúc cuối tháng 7 lúc khu nghĩ dưỡng này mới thành lập chỉ có khách ở lại và khách mời mới ăn tại restaurant được hiện tại thì đã công khai mức giá từ 22000-44000¥

Còn trọ lại gồm ăn sáng và tối thì khoảng 73000¥ 1 khách 1 đêm.

 Dc: 3-chōme-12-16 Koshigoe, Kamakura, Kanagawa 248-0033

Amuse-bouche

Khởi đầu là gougères nhỏ xinh – bánh su mặn truyền thống của Pháp, làm từ pâte à choux pha phô mai Pháp chín tới, nở đều và thơm nhẹ vị béo mặn. Kết cấu ngoài giòn nhẹ, ruột rỗng xốp, ấm và dậy hương phô mai ngay khi cắn. Một khởi đầu tinh tế, vừa đủ kích thích vị giác.

Kuruma ebi & Blue lobster

Tôm kuruma và tôm hùm xanh được trình bày rực rỡ trên nền nước ép dưa leo xanh trong veo, kèm các viên melon và thạch cam, tạo nên bố cục mùa hè tươi sáng. Vị ngọt hải sản hòa với hương thảo mộc nhẹ, tươi mát, mở rộng chiều sâu hương vị giữa biển và đồng nội.

Awaji Hamo Roulade – Kyoto

Tiếp theo là Hamo, loài cá đặc trưng của Kyoto mùa hè, được cuộn thành roulade cùng cà tím, phủ sốt Champagne nhẹ bọt. Lớp bọt tạo độ airy và thanh thoát, làm dịu độ béo của hamo. Sự kết hợp giữa vị ngọt tự nhiên của cá và hương trái cây chua thanh từ Champagne thể hiện rõ tay nghề xử lý nguyên liệu của đầu bếp.

Pan-seared Suzuki – Chigasaki

Cá suzuki áp chảo từ Chigasaki, da vàng giòn, thịt vừa chín tới. Dùng cùng nấm girolle thơm Sauternes và cà chua semi-dried, tạo tầng vị ngọt – chua – béo – umami rất hài hòa. Sốt mang cấu trúc nhẹ và trong, không che lấp vị cá.

Agneau de Lozère rôti

Thịt cừu Pháp nướng hoàn hảo ở mức rosé, giữ độ mọng nước và hương thơm tinh tế. Dùng kèm sốt jus vị mustard nhẹ, cân bằng bằng các loại rau mùa và khoai chiên tròn nhỏ như pomme dauphine. Bố cục đĩa hài hòa và ấm áp, thể hiện tính mùa vụ và kỹ thuật cổ điển chuẩn Pháp.

Dessert

Trắng đào compote và granité vị Maraschino nhẹ rượu, tinh tế và trong trẻo. Món tráng miệng kết thúc bữa ăn như một làn gió mùa hạ – nhẹ, mát và đầy thanh âm trái cây.

Mignardises / Coffee

Kết thúc bằng cà phê và các loại petit fours nhỏ xinh – gọn gàng, chuẩn mực, nhưng vẫn giữ nét duyên dáng riêng của nhà hàng.

Phần rượu mình gọi nguyên chai

Domaine Gauby “Vieilles Vignes” 2017

Paul Pernot & Ses Fils

Bourgogne Côte d’Or Chardonnay 2022

Region: Puligny-Montrachet, Burgundy, France","12",,,,"11","1",,,"0"
"4","Tháng 9 của Esquisse
“Le véritable voyage ne consiste pas à chercher de nouveaux paysages, mais à avoir de nouveaux yeux.”

Không gian nhà hàng thanh tĩnh, ánh sáng tự nhiên phản chiếu trên ly thủy tinh xanh biển — một bữa trưa mở ra như khúc nhạc dịu. Dáng ly Champagne mảnh mai, âm thanh rót rượu nhẹ, và cách nhân viên giới thiệu món ăn đều mang nhịp điệu rất “esquisse”: nhẹ, sâu, và chính xác.

Toàn bộ thực đơn là hành trình ẩm thực chuyển mùa — từ biển khơi đến đất liền, từ sắc trong trẻo đến vị trầm ấm, dẫn dắt bằng kỹ thuật Pháp hiện đại nhưng thấm đẫm cảm giác Nhật Bản.

Điểm trừ là ngoại cảnh nó là đường tàu và k có gì nổi bật.

Amuse – Mizudako & pêche marinée

Mở đầu bằng một lát mizudako (bạch tuộc nước) dày, mềm mịn, đặt trên miếng đào marinée. Hương ngọt tự nhiên của đào quyện cùng độ mặn nhẹ của hải vị, tạo cảm giác như cơn gió đầu hè ngoài khơi. Một “offrande” nhỏ nhưng mở ra thế giới vị giác tinh tế — thuần khiết, trong veo@

Force tellurique – Tomate, coquillage, fromage de chèvre

Cà chua roast căng mọng, phủ thảo mộc, phô mai dê, và hương vị biển nhẹ từ sò. Món ăn như gói cả nắng hè miền Nam nước Pháp. Sự béo mặn của chèvre được cân bằng hoàn hảo bằng vị acid ngọt dịu của cà chua.

La voix des choses muettes – Calamar, camomille, maïs

Mực được cắt khía tỉ mỉ, vừa chín tới, phủ bọt sốt bắp non cùng hương cúc La Mã. Món ăn này như một bản hòa ca giữa biển và đồng nội: vị ngọt thanh, hương hoa thoảng, và độ mềm mại hoàn hảo — kỹ thuật chính xác nhưng rất tự nhiên.

Entropie – Amadai, goya

Cá amadai da giòn, thịt ngọt, nằm trên nền rau đắng Okinawa (goya) và nước sốt nhẹ vị cam thảo. Một món mang tính tương phản mạnh — vị đắng, mặn, ngọt, thanh, hòa quyện theo nhịp logic rất Nhật.

Bản thân mình thấy thịt cá gia nhiệt độ ấm rất ok nhưng vì rất ok nên phần da chưa được giòn.

Été – Gnocchi de courge, girolles, fenouil

Gnocchi bí ngô mềm nhẹ, kết hợp nấm girolles và thì là Ý. Sốt kem thơm béo, hương vị đậm chất đất (terreux) nhưng được nâng bằng bọt sữa nhẹ, giúp món ăn vẫn giữ độ bay.

Set menu lunch tháng này k có thịt 🥩🥹🥲

Plaisir – Pastèque, vin rosé, lavande

Tráng miệng mở đầu bằng dưa hấu ngâm rượu vang hồng, điểm hương oải hương và lớp kem mịn nhẹ. Mát, thanh, và giàu cảm xúc — như hơi thở cuối của mùa hè.

Phần rượu 

Apéritif – Champagne & Ratafia

Soalheiro – Alvarinho (Portugal)

Uetomo – Mikan Juice (Non-alcohol pairing)

Migl – Rosé (Austria)

Villa de Corullón 2018 – Bierzo (Spain)

Domaine Brusset Gigondas 2010 – Les Hauts de Montmirail (France)

Ratafia de Champagne – Egly-Ouriet (Finale)","21",,,,"20","1",,,"0"
"19","🥂 Review: Chez Inno – Hương vị Pháp cổ điển giữa lòng Tokyo
🦞 Tôm hùm xanh và nấm – Jus de homard

Mở đầu thực đơn là món tôm hùm xanh Bretagne được chần vừa tới, ăn cùng nước sốt jus de homard cô đặc từ vỏ tôm và cognac, vị đậm đà, thơm hương biển và nấm rừng. Phần tuile giòn tạo điểm nhấn về kết cấu, mang lại sự thanh lịch và chiều sâu cho món ăn.

⸻

🥬 Terrine de homard – Terrine tôm hùm và rau củ mùa

Một món entrée lạnh đầy màu sắc, gói ghém tinh hoa kỹ thuật Pháp cổ điển. Lớp lá cải bọc các tầng rau củ và tôm hùm sắp xen kẽ hoàn hảo, tạo nên khối terrine trong suốt và tinh tế. Ăn kèm ba loại sốt: bisque tôm hùm, coulis cà chua, và sốt nâu từ nấm – mỗi loại làm nổi bật một sắc thái khác nhau của vị ngọt hải sản.

⸻

🦆 Terrine de foie gras – Gan ngỗng lạnh

Gan ngỗng được ướp khéo léo, ép lạnh tạo thành khối terrine mịn mượt, béo ngậy mà không ngấy. Phần rượu Sauternes trong quá trình ướp để lại hậu vị ngọt dịu, cân bằng bằng chút muối fleur de sel và mứt figues hoặc gelée vang đỏ đi kèm. Khi ăn cùng bánh brioche nướng bơ — béo, giòn, thơm — cảm giác tan chảy trên đầu lưỡi thật hoàn hảo.

⸻

🐟 Cá bơn nướng vụn bánh mì – Sauce Albert

Món “signature” của Chez Inno. Cá bơn được phủ lớp vụn bánh mì vàng giòn, bên trong vẫn giữ được độ ẩm mượt. Sốt Albert cổ điển – làm từ xương cá, beurre blanc và rượu trắng – mang hương vị đậm đà, tinh tế, hoàn toàn “old-school French” theo đúng nghĩa.

⸻

🥩 “Maria Callas” – Bò Wellington với gan ngỗng và truffle

Một món kinh điển thể hiện kỹ thuật hoàn hảo. Lớp pâte feuilletée vàng giòn bao bọc phần fillet de bœuf hồng mềm, nhân gan ngỗng và nấm truffle ở giữa tạo độ sang trọng và sâu vị. Sốt rượu vang đỏ sánh đậm làm nền cho tất cả, tạo nên món ăn vừa cổ điển vừa quyến rũ – đúng như tên gọi đầy kịch tính “Maria Callas”.

⸻

🍰 Dessert – Xe bánh tráng miệng cổ điển

Kết thúc bữa ăn bằng nghi thức service au chariot, chiếc xe bánh được đẩy ra bàn — một biểu tượng của fine dining cổ điển Pháp. Từ flan caramel, gâteau au chocolat, đến mille-feuille hay gâteau aux fraises, mỗi món đều mang phong vị retro, gợi nhớ Paris thập niên 1970.

Phần rượu:

Champagne Mansard Brut

 • Xuất xứ: Champagne, Pháp

 • Phong cách: Brut (khô, sủi nhẹ)

Chablis Premier Cru “Montmains” 2021 – Domaine Chanson

 • Xuất xứ: Burgundy, Pháp

 • Giống nho: 100% Chardonnay

 • Gợi hương: chanh vàng, cam quýt, vỏ sò và chút bơ mịn từ oak nhẹ.

Arbois “Grand Élevage” Vieilles Vignes 2019 – Rijckaert

 • Xuất xứ: Jura, Pháp

 • Giống nho: Savagnin (cổ điển vùng Jura)

 • Phong cách: oxidative nhẹ, hương hạt dẻ, bơ nâu, mật ong và hoa khô.

 • Pairing: Cá bơn nướng vụn bánh mì với sốt Albert

→ Rượu đậm hương đất, vị sâu, giúp tôn vị umami của sauce Albert.

Marsannay “Les Longeroies” 2022 – Hervé Charlopin

Château Filhot 2008 – Sauternes, Bordeaux

 • Xuất xứ: Sauternes, Bordeaux, Pháp

 • Giống nho: Sémillon, Sauvignon Blanc, Muscadelle

 • Gợi hương: mật ong, quả mơ chín, caramel, cam thảo.","40",,,,"36","4",,,"3"
"2","🌿 La Marre — Khi vị biển và núi gặp nhau trong một bản giao hưởng mùa thu
🥄 Amuse – Amanaga mousse với Shōnan shirasu

Một khởi đầu đầy tươi mát. Vị béo nhẹ của mousse ớt ngọt amanaga quyện cùng vị mặn dịu và hương biển tinh tế của shirasu vùng Shōnan. Cấu trúc lạnh, mịn và thoáng — mở ra khẩu vị cho bữa ăn một cách tự nhiên và thanh khiết.

⸻

🦐 Amaebi lạnh với nashi salsa (梨サールサ)

Sự kết hợp bất ngờ giữa tôm ngọt amaebi và lê Nhật tạo nên cảm giác vừa ngọt vừa mát. Vị trái cây làm nổi bật độ tươi của hải sản, trong khi hương thảo mộc nhẹ nhàng gợi cảm giác đầu thu. Một món lạnh nhưng tràn đầy năng lượng.

⸻

🌶️ Shishito nóng với Aoriika & BBQ sauce

Món ăn tưởng đơn giản nhưng lại ẩn chứa kỹ thuật và sự tinh tế. Ớt shishito được chiên giòn bọc nhân mực aoriika, phủ sốt BBQ vị umami sâu đậm — vừa nồng nàn, vừa đậm hương khói. Một cú chuyển nhẹ từ thanh sang đậm giữa hành trình vị giác.

⸻

🦪 Uni tart với nấm cục

Một món “signature” mang đậm dấu ấn La Marre: tart nhỏ nhân nhum biển và nấm cục, vừa béo, vừa thơm, với hậu vị đất và biển hòa quyện. Sự sang trọng nằm ở độ cân bằng — không một nguyên liệu nào lấn át, mà cùng nhau hát nên hương vị của mùa.

⸻

🐟 Sazae & Amadai – Vin blanc sốt vị Tom Yum

Sự táo bạo tuyệt vời. Sazae (ốc tù) và amadai (cá đầu đỏ) được nấu với sốt vin blanc kiểu Pháp nhưng thêm twist Tom Yum — chua cay dịu, thơm lá chanh và lemongrass. Một món fusion được tiết chế khéo léo, mang tính cá nhân rất rõ của đầu bếp.

⸻

🐑 Thịt cừu với nấm

Miếng cừu nướng hồng đẹp mắt, thơm nhẹ mùi thảo mộc và mỡ chảy như tan trên lưỡi. Ăn cùng nấm rừng xào và nước jus đậm đà, đây là cái kết hoàn hảo – vừa mạnh mẽ, vừa tinh tế – cho hành trình ẩm thực trọn vẹn.","17",,,,"15","2",,,"0"
"11","[HN] WONG CHI MING @JWMARRIOTTHN
Lâu không đi, lúc book bàn không biết search tên nhà hàng là gì, vẫn cứ nhớ là John Anthony :)))

Nhà hàng vẫn giữ phong độ như cũ, chắc chắn vẫn là nơi có dim sum cao cấp ngon nhất HN không đối thủ. Khi nào lười đi xa thì THW Liễu Giai còn muốn indulge hẳn thì vượt phố ra đây là 100% satisfaction! 

Nay đi 5pax tính thử suckling pig (heo sữa quay) nhưng nhà hàng hết mất bùn ghê. Peking duck thì phải book trước 2 tiếng nên thui, vì cứ đinh ninh nay sẽ ăn heo sữa huhu. Honey glazed iberico ngon, crispy pork belly chấm sốt mustard ngon. 

Đặc sắc nhất là truffle xiao long bao, braised pork belly bao bun và phải kể đến canh rau 3 loại trứng chân ái luôn luôn phải gọi!!! 

Nên đi gia đình hoặc nhóm bạn có đàn ông để ăn được nhiều món :))) không recommend đi date!

Bill hôm nay tầm 2tr/ người, ăn vừa đủ no thừa vài thìa cơm. 

#diningreview #diningreview_hn #wongchiming #jwmarriotthanoi","133",,"4",,"114","15",,,"10"
"5","Menya Noichi Uji
Menya Inoichi, một nhà hàng ramen nổi tiếng tại Kyoto đã được chọn là ""Michelin Bib Gourmand"" trong chín năm liên tiếp. 20/12/2024 mở thêm chi nhánh o Uji.sử dụng kiến trúc nhà cổ theo phong cách Nhật.

Nhà hàng có một xưởng làm mì được xây dựng để phục vụ mì tươi, cũng như một khu vườn nơi du khách có thể tận hưởng bầu không khí theo mùa.Thực đơn được chế biến từ nước dùng dashi 100% hải sản, tượng trưng cho ""Menya Inoichi"", kết hợp hài hòa với các nguyên liệu theo mùa từ Kyoto, tạo nên một món ăn đậm đà hương vị, hương thơm và mang đậm dấu ấn mùa. Ngoài ra, nhà hàng còn có thực đơn đặc biệt đầy sáng tạo, chỉ có tại đây.

Em đã ăn khá nhiều quán mì ramen, đa phần la mặn đến rất mặn? O đây em thấy vị mặn vừa phải, chua bao gio ăn mì ramen e có thể húp hết cả nước như o đây 

Quán mì rất ngon cho mọi người ghé đến nếu như ko có thời gian ở lại đây, nếu o qua đêm o lại uji mọi người có thể đi onsen buổi tối cũng rất thích ạ( Uji natural hot spring Genji - no - Yu) sau ăn tối o Uji chắc chỉ có đi onsen thôi ạ

Em thích vùng nông thông, thị trấn nhỏ o Nhật.đến đây mới cảm nhận dc cuộc sống của người Nhật

MENYA INOICHI 

160-6 Uji Myoraku, Uji City, Kyoto

5 min. walk from South Exit (east side) of JR ""Uji"" Station

#Dinningreview

#uji

#Ramen","48",,,,"45","3",,,"6"
"21","Hanawarabimochi 
Nếu là fan của Mochi có dịp đến Kyoto thì nhất định ghé Rokujuan thuong thuc mochi đac biet nay nhe ạ

Nhà hàng truoc đây là Dinh thự của Gia đình Kubo (Dinh thự Imao Keinen), một di sản văn hóa hữu hình đã được bảo tồn trong hơn 100 năm.vừa thưởng thức món ngon truyền thống trong ngôi nhà cổ","126",,,,"115","10","1",,"21"
"27","Minami shinshu một thị trấn nhỏ o vùng matsukawa tỉnh Nagano
Nơi đây là 1 trong những vùng trồng trái cây lớn nhất ở Nhật.không chỉ dừng lại ở những vườn táo, lê, hay đào, nho.họ còn có những trại nghiệm như camping, đạp xe quanh thung lũng, đặc biệt hơn hết là tận hưởng ẩm thực ngay dưới những tán cây trĩu quả, trước khi vào bữa chính, ông chủ vườn táo sẽ dẫn m đi tham quan, giới thiệu về giai đoạn thừ khi qua táo ra hoa, rồi chăm sóc, cắt tỉa , như thế nào ….. , những loại táo có trong vườn, kết thúc sẽ là 1 ly nước táo hoặc nước táo lên men để chuẩn bị vào bữa chính với những món ăn dc chế biến từ nguyên liệu tự nhiên ở vùng đó ( cá hồi suối, thịt lợn nuôi bằng rau củ quả “ lợn heo thì “ 🤭🤭, …. )","114",,,,"97","16",,"1","12"
"21","Review quán nhật mới Kengo Fusion
84 Đào Tấn , Hà nội.

20.10 em có đi ăn thử ở đây do đang được free trang trí bàn đến hết tháng 10.

Lúc bạn nhân viên bê đĩa sashimi ra em đã bị hết hồn nhẹ vì miếng bụng cá ngừ trông đông đá dã man, ăn vào thì đúng như đôi mắt tinh tường của mình đã dự đoán🥲. Sau đó em có thử Tôm và Sò điệp sashimi thì ăn ổn (2 cái này mà k ngon nữa thì thôi đấy).

Tiếp theo là miếng uni tanh nhất em từng được ăn là ở đây luôn, không biết là do bảo quản hay chất lượng uni vốn k tốt nhưng với đứa vác mỏ đi ăn đồ Nhật nhiều như em thì em chê nha.

Xong nhân viên có ra hỏi em thấy sao, em có góp ý xong bạn ấy cũng vâng cho qua chuyện. Về thấy nhân viên trực page lại hỏi mình có góp ý tương tự lúc ở quán. Không biết quán có thực sự ghi nhận ý kiến khách hàng không nữa.

Nói tóm lại nếu ăn ở đây các bạn chỉ có thể trông chờ vào 1 chiếc bàn xinh xắn và nên gọi những món hết sức bình dân khó mà dở như tôm, sò điệp...chứ đừng dại thử mấy loại cá hay có trong omakase như mình.

#diningreview #hanoi","73",,,"1","71","1",,,"2"
"5","Toronto - ON fine dining 🥢

Lần đầu đăng bài có gì sai sót mong mọi người thông cảm. Mình sẽ tổng hợp lại một số quán fine dining mình đã từng được trải nghiệm — sau nhớ thêm quán nào nữa mình sẽ lên post khác ạ. Vì là list tổng hợp nên mình sẽ review ngắn, không chi tiết từng điểm của mỗi quán được, mn thông cảm nhé 🫶🏻

• 1. Aburi Hana ⭐️
102 Yorkville Ave, Unit 4 Lower Level, Toronto, ON M5R 1B9, Canada

Đồ ăn: 3.5/5 
Service: 4.5/5 
Không gian: 4.5/5 
Lần đầu trải nghiệm quán mình thật sự rất ấn tượng. Đồ ăn, trang trí, phục vụ chỉnh chu, đẹp mắt. Chất lượng đồ ăn ở trên mức ổn, tuy nhiên chưa phải là quá xuất sắc. Quán có 2 mô hình: private room & chef encounter, đặc biệt private room không hề tính thêm fee; khá khác biệt so với các quán khác ở Toronto. Phù hợp các dịp lễ kỉ niệm. 
100% sẽ quay lại. 

• 2. Kaiseki Yuzen Hashimoto ⭐️
6 Sakura Way, North York, ON M3C 1Z5, Canada

Đồ ăn: 4/5 
Service: 4.5/5 
Không gian: 5/5 

Một trong những quán duy nhất làm mình phải wow khi được trải nghiệm. Tất cả mọi thứ chỉnh chu không 1 điểm gì chê được. Mỗi reservation sẽ dc ngồi private room khác nhau. May mắn hôm mình book được xếp vào phòng to nhất, rất rất mãn nhãn. Đồ ăn tỉ mỉ từng chi tiết nhỏ nhất, chất lượng đồ ăn ở mức tốt. Mình cảm thấy quán xứng đáng với 2 sao Micheline hơn là 1 sao. Quán này là must-try, không hiểu sao không nổi tiếng lắm ở cộng đồng người Việt ở Toronto.      100% sẽ quay lại. 

• 3. Akin ⭐️
51 Colborne St, Toronto, ON M5E 1E3, Canada

Đồ ăn: 4/5 
Service: 3.5/5 
Không gian: 3/5 

Quán mới mở từ giữa 2024. Năm nay đã được 1 sao — mình cũng đoán được sau lần trải nghiệm đầu. Từng course của menu sẽ được lấy cảm hứng từ nền ẩm thực Châu Á — đặc biệt là Trung Quốc. Founded by đầu bếp 3 sao Alvin Leung và chef Eric Chong — người chiến thắng đầu tiên của MasterChef Canada, cũng là main chef tại quán. Mỗi món được quán bài trí như một tác phẩm nghệ thuật, đặc biệt là món trang miệng hoạ tiết marble rất đẹp mắt. Menu đầu tiên mình ăn khá ngon với khẩu vị mình, nhưng menu thứ 2 không ấn tượng như thế. Tuy nhiên, mình vẫn thích và sẽ quay lại để thử các menu mới. 

• 4. Don Alfonso 1890 ⭐️
1 Harbour Square 38th Floor, Toronto, ON M5J 1A6, Canada

Đồ ăn: 2/5 
Service: 2.5/5 
Không gian: 3/5 

Quán có sao Michelin tệ nhất ở Toronto mình từng thử. Đồ ăn rất tệ, và khá khó ăn — rất nhiều bạn bè mình có cảm nhận tương tự. Cách phục vụ hời hợt, và có phần thiếu thân thiện. Được mỗi cái view trên cao nhìn thành phố là ghi điểm. 
100% sẽ không quay lại. 

• 5. Enigma Yorkville ⭐️
23 St Thomas St, Toronto, ON M5S 3E7, Canada

Đồ ăn: 4/5 
Service: 4/5 
Không gian: 4/5 

Đây là quán mình khá thích, nhưng quán lại có rất nhiều ý kiến trái chiều. Đồ ăn bản thân mình cảm nhận là tốt, service chuyên nghiệp — tuy nhiên, cũng có khá nhiều khách hàng complained là chef khá rude (?). Mỗi món được bài trí đẹp mắt và dễ ăn với mình. 
100% sẽ quay lại. 

• 6. Restaurant Pearl Morissette ⭐️⭐️
3953 Jordan Rd, Jordan Station, ON L0R 1S0, Canada (hơn 1 tiếng lái xe từ Toronto) 

Đồ ăn: 3.5/5 
Service: 4/5 
Không gian: 4/5 

Nhìn chung quán ổn, nhưng không có gì quá đặc biệt trong khâu đồ ăn. Quán vừa được lên 2 sao năm 2025 này. Tuy nhiên, mình cảm thấy không xứng đáng (ykr). Đa số nguyên liệu đều là Farm To Table, quán nằm trong 1 cái farm luôn, và quán có chia sẻ nguyên liệu đa số đều fresh lấy từ farm này. 
Không chắc sẽ quay lại

• 7. ALO ⭐️
163 Spadina Ave., Toronto, ON M5V 2L6, Canada 

Đồ ăn: 3/5 
Service: 4/5
Không gian: 3.5/5

Mình đã rất háo hức khi booked reservation của quán vì đọc rất nhiều reviews tốt. Nhưng, đồ ăn thật sự quá bình thường, không có gì đặc biệt theo mình nghĩ. Add-ons ngon hơn main courses 🥲. Khâu phục vụ, bài trí khá chuyên nghiệp, mình nghĩ đây là 1 điểm cộng lớn cho cái 1 sao Michelin của quán. 
50/50 sẽ quay lại hoặc không. 

• 8. Danico ⭐️
440 College St, Toronto, ON M5T 1T3, Canada

Đồ ăn: 3.5/5 
Service: 4.5/5
Không gian: 4/5

Dù cùng owner với Don Alfonso 1890, nhưng Danico làm tốt hơn rất nhiều. Chef hiện tại là chef cũ từ DA 1890 qua, đồ ăn ổn, dễ ăn và có liên kết chặt chẽ từng course với nhau. Service rất đáng yêu, và khá extra — mình thích kiểu này hehe. Không phải một quán xuất sắc nhưng cũng gần như không có điểm gì để chê trách.
100% sẽ quay lại. 

• 9. Langdon Hall (Micheline Guide) 
1 Langdon Dr, Cambridge, ON N3H 4R8, Canada (cách Toronto tầm 1 tiếng rưỡi lái xe) 

Đồ ăn: 3/5 
Service: 3.5/5
Không gian: 4/5

Một nhà hàng fine dining nằm trong khách sạn 4 sao ở vùng ngoại ô Toronto. Đồ ăn với mình ở mức trung bình, nhiều món còn không ngon. Quán được biết đến với món khai vị được trang trí bằng hoa tươi đúng với vibe quán và khách sạn. Là một nơi thích hợp cho 1 ngày get away khỏi sự xô bồ của thành phố. Như đã nói mình không đánh giá cao chất lượng món ăn, đi để trải nghiệm, hoà mình với thiên nhiên thì được hihi. 
50/50 sẽ quay lại hoặc không. 

• 10. The Pine ⭐️
7535 County Rd 9, Creemore, ON L0M 1G0, Canada (cách Trt gần 2 tiếng lái xe)

Đồ ăn: 4-4.5/5 (tuỳ menu)
Service: 4
Không gian: 3.5/5

Đã từng là quán yêu thích nhất của mình. Đồ ăn lần đầu tiên mình thử phải nói là ăn đến đâu wow đến đấy. Tuy nhiên ở lần thử menu mới gần nhất, mình thấy không còn ngon như lần đầu. Đồ ăn trang trí rất đẹp, lạ, tất cả hoa trang trí đều được lấy từ vườn phía sau của quán luôn. Đồ ăn được lấy cảm hứng từ nền ẩm thực Châu Á. Quán có  1 course rấttt tuyệt vời: Carrot Dumpling, nghe đơn giản chứ nó cho vị giác của mình đi 9 tầng mây luôn 👏🏻.  Service rất ổn, đội ngũ staff thân thiện, phục vụ nhiệt tình, cảm thấy rất gần gũ 🫶🏻
100% sẽ quay lại để thử những menu tiếp theo. 

• 11. Hexagon ⭐️
210 Lakeshore Rd E, Oakville, ON L6M 3R7, Canada (cách Trt tầm 1 tiếng lái xe) 

Đồ ăn: 3.5/5
Service: 3/5
Không gian: 3.5/5

Lại 1 quán được sao Michelin làm mình hơi bỡ ngỡ (?). Đồ ăn theo quan điểm mình ở mức tạm ổn — partner mình lại khá thích. Phục vụ thật sự rất rất chậm, đồ ăn chờ lâu, dù hôm mình đi không đông lắm. Từ không gian tới bài trí món quá bình thường. Đến giờ mình vẫn chưa hiểu cách phân bổ Michelin star ở Trt lắm. Khá thất vọng với Hexagon.
50/50 sẽ hoặc không quay lại. 

Hôm nay bài review đến đây thui, hẹn cả nhà post sau tiếp các quán khác. Quan điểm trên đây chỉ là của riêng cá nhân mình, mỗi người một khẩu vị khác nhau 🫶🏻 
Thật sự mình không đánh giá cao fine dining của Toronto lắm 🥲

Thank you admin và mọi người.

#diningreviews #torontofinedining","32",,"1",,"24","4",,"3","0"
"4","[GIỚI THIỆU NHÀ HÀNG]
🌸 Villa Des Fleurs – 95 Quán Thánh, Ba Đình, Hà Nội 🌸

Xin chào các anh(chị) thành viên của group Dining Review,

Em xin tự giới thiệu, em là Ngọc và đang là đại diện của Villa Des Fleurs. Trước tiên, em xin gửi lời cảm ơn chân thành đến Ban quản trị cùng toàn thể anh (chị ) thành viên đã xây dựng nên một cộng đồng ẩm thực chất lượng, cũng như dành cho Villa những chia sẻ và góp ý quý báu trong thời gian qua.

Sau quá trình cải thiện và đổi mới, Villa Des Fleurs hân hoan giới thiệu mô hình mới – Ẩm thực Pháp (French Cuisine) được đồng sáng tạo cùng Chef Sakal. Trước đây, Chef Sakal từng đảm nhiệm vị trí Bếp trưởng điều hành Sofitel Saigon Plaza, ghi dấu ấn mạnh mẽ trong giới ẩm thực.

Sự hợp tác giữa Villa Des Fleurs và Chef Sakal mở ra một chương mới – mang đến trải nghiệm ẩm thực Pháp chính thống, được thể hiện qua tư duy hiện đại nhưng vẫn giữ trọn tinh thần nghệ thuật Á Đông trong từng chi tiết.

✨ Nhân dịp Reopening vào ngày 29/10, Villa Des Fleurs trân trọng gửi tặng các thành viên của Dining Review :

 • Ưu đãi 10% trên tổng hóa đơn, áp dụng đến 30/11/2025.

Em rất mong được đón tiếp anh/chị tại Villa Des Fleurs – nơi không gian biệt thự cổ giao hòa cùng hương vị ẩm thực tinh tế và rượu vang thượng hạng. 🍷

📍 Địa chỉ: 95 Quán Thánh, Ba Đình, Hà Nội

🕰 Giờ hoạt động:

• 11:00 – 14:00: Lunch

• 14:00 – 17:00: Afternoon Tea

• 17:30 – 22:00: Dinner

• Từ Thứ Ba đến Chủ Nhật

📞 Hotline: 033 9666 895 | 091 9270 865

#gioithieunhahang

#diningreview

#Frenchrestaurant

#Dining&wine","41",,,"1","39","1",,,"1"
"51","Menu #omakase tại nhà hàng #KIEN ở #Uji (Nhật Bản) gồm các món dưới đây mình ăn có giá là 11.000¥ = 1.900k/ng. So sánh với VN mình thấy giá = 1/3 so với phân khúc heheeeee. Menu tối giản nhưng trọng tâm, các món đều đậm đà, potion vừa phải và ngon khó cưỡng. Nhà hàng do đầu bếp đã từng học tập tại các ryōtei (nhà hàng kiểu truyền thống Kyoto) mở tại quê hương ở Uji với mục tiêu “khai sinh” – làm Uji sôi động hơn. Chứ 4-5h đóng cửa hết trơn, suýt nữa thì nhà mình nhịn đói đi ngụ vì bếp của ksan mình ở đóng cửa lúc 5h, khách lưu trú mà ko đặt thì cũng từ chối phục vụ luôn! Hừ! Bọn mình đi mua trà lúc hơn 4h mà thấy cảnh sát vào cửa hàng nhắc đóng cửa đi, hết giờ bán hàng rồi 😅... chả bù VN: còn khách là còn tiếp hihi....

Về đồ ăn:

• Tinh hoàn cá tuyết mình chưa ăn ở đâu ngon đến như vậy. Nó umami mà nó bùng nổ trong khoang miệng, vị đậm sâu ngây ngất lun. 

• Cơm trứng cá hồi nấu nồi đất: ngon bá cháy bọ chét. Gạo nhật vốn đã ngon nhưng mà cơm ở đây ăn ngon nhức cái néc! Mềnh kiêng tinh bột nhưng mà làm 2 bát như hình, bát thứ 2 chef cho tí cháy, chắc ý là tao vét hết nồi cho chúng mày rồi chúng mày đừng có xin nữa vì tao thấy mặt chúng mày vẫn thòm thèm lắm! 😆

• Món lươn với trứng là món đặc trưng của nhà hàng thì có phần lươn đc băm nhẹ, xong tẩm bột rán nhìn như cá tẩm bột rán vậy. Vị rất fresh và ngọt ngào.

• Điểm trừ duy nhất là ko có tráng miệng. À có 1 ly hojicha nóng 😆

Nếu đi Nhật, thay vì đến các thành phố lớn, mọi người hãy đi các tỉnh đi, các tỉnh mới đẹp và hay ho chứ ở thành phố đông đúc chật chội bỏ xừ. Fan của trà xanh và matcha chắc sẽ đi Uji, mọi người nên ở Uji tầm 2 đêm đi lang thang khám phá cho thích, đừng đi lướt ko cảm nhận đc gì mấy. Mình thấy mọi người toàn đi day trip tạt té hơi phí. 

#diningreview
#nhungpoza","137",,"1",,"119","15",,"2","3"
"55","Một tiệm bánh Pháp khá ít người biết nhưng có macaron rất ngon!
[HN] La Parisienne

Đi qua đoạn Trích Sài/ Nhật Chiêu nhiều chắc mọi người có để ý một hàng bánh màu xanh lá nhỏ xinh có mô hình croissant siêu to đáng yêu ở ngoài. Mình chưa thấy ad của quán trên social bao giờ mà ấn tượng cái mô hình croi yêu quá nên lên FB tìm info. Định order hoặc qua quán thử mấy lần mà cứ lười. Hôm qua thấy quán đăng post về các vị macaron mùa thu mới hay quá nên quyết định mua thử. 

Và 9h sáng nhận bánh xong tẻm luôn một lúc 6 chiếc macaron không ngại ngần! 

Macaron ngon nha mấy ní! Vị nào ra rõ vị của vị đó! Kết cấu chuẩn, vỏ giòn vừa không giòn vỡ cũng không quá chewy. 

• 𝗖𝗵𝗮𝗻𝗵 𝘅𝗮𝗻𝗵 𝗯𝗮̣𝗰 𝗵𝗮̀

• Đ𝗮̣̂𝘂 𝘅𝗮𝗻𝗵 𝗰𝗼̂́𝘁 𝗱𝘂̛̀𝗮

• 𝗩𝗶𝗲̣̂𝘁 𝗾𝘂𝗮̂́𝘁 𝗽𝗵𝗼𝗺𝗮𝗶

• 𝗠𝗼̛ 𝗴𝘂̛̀𝗻𝗴

• B52

• 𝗛𝗼𝗮 𝗻𝗵𝗮̀𝗶

Cá nhân mình thích nhất việt quất và mơ gừng, dù lúc mua thì mong chờ chanh bạc hà và hoa nhài nhất. Nhưng vị nào vị đó đều ấn tượng và rất ngon! Không ngoa nhưng chắc chắn ngon hơn macaron ở Metropole, JW, Laduree. 

#diningreview #diningreview_hn #macaronhanoi","234",,,,"200","34",,,"37"
"32","Tạm biệt Công Tăng Bistro. Tphcm.
Đã từng ăn ở đây 1 lần. Nay nghe quán sắp đóng phải chạy qua ăn lần cuối.

Pizza ăn ngon.Đế bánh lớp vỏ mỏng ở giữa và viền bánh  dày, phồng, xốp, nhẹ và có các vết cháy xém đặc trưng của Pizza Napoli. 

Rất thích món mỳ Thợ Săn. Xốt đẫm kem nhưng ăn không hề ngán ăn kèm má heo chiên giòn,nắm mỡ và xúc xích Ý. Sốt bám vào sợi mỳ. 

Món mỳ Carbonara chuẩn kiểu Ý nấu bằng Phomai Parmesan không mặn lắm như kiểu thuần Ý để mọi người có thể dễ ăn.

Tiramisu mềm mịn tươi béo nhưng ko gây ngấy rất đậm mùi cafe vs rượu.

Tóm lại các món ở đây ko thua kém bất cứ nhà hàng Ý nổi tiếng nào ở Sài Gòn. Nhưng giá rất mềm. Không có thuế và service charge.

Không gian tuy nhỏ nhưng decor hài hòa tạo cảm giác thoải mái dễ chịu. 

Quán sẽ mở đến cuối tháng 10 sau đó sẽ phục vụ theo hình thức mang đi chứ không phục vụ tại chỗ nữa.

Chúc Công Tăng luôn thành công trong tương lai!

Địa chỉ: 83 Trần Quang Khải. Q1. Tphcm.

#diningreview

#tphcm

#pizza

#pasta

#tiramisu.","128",,,"1","102","24","1",,"11"
"7","Có dịp tới @ishidaya k mong chờ lắm mà k ngờ bốc trúng sít rịt  ..Món nào cũng ngon đều nhưng điểm đặc biệt là hnay có ""uni tasting "" sắp hết mùa nên có thể đây là chuyến cuối - nên lúc ăn càng thấy ngon hơn đẫm lệ má ưi 🥹 
Kỹ thuật thái mực của chef đỉnh chóp ăn miếng mực nó dày nó khum biết tả mà nó ngonnn . Kết bài có pudding 💯 điểmmmm nhưng ăn chung v kem bí ngô thì k hợp lắm và Điểm trừ duy nhất hoặc do khẩu vị thì e khum thích otoro nhuyễn với hành tí nào .
Sẽ quay lại khi đổi menu mùa mới hẹ hẹ 😋 

#omakasehanoi #reviewomakase #ISHIDAYA #diningreview","83",,,,"79","4",,,"3"
"2","Kappou Nishiyama
📍144/1 Pasteur, Bến Nghé, Quận 1, Tp HCM

Nép trong con hẻm nhỏ Pasteur, Kappou Nishiyama chỉ có đúng hai người: anh đầu bếp người Nhật và vợ anh.
Không chia ca, không khung giờ cố định đến lúc nào cũng được, kể cả đi một mình.

Bữa Omakase 13 món giá 2 triệu++/người, phần nhiều đến mức mình phải từ chối khi anh bếp hỏi có muốn thêm sushi không.
Món nào cũng làm cẩn thận, vị rõ. Có món hợp, có món hơi lạ, nhưng đều mang tinh thần Nhật đúng nghĩa: tôn trọng nguyên liệu và sự chậm rãi.

Nhớ nhất là miếng otoro béo tan trong miệng, cá nướng da giòn thơm muối, và miếng mochi cuối bữa mềm, lạnh, núng nính, ngọt nhẹ vừa đủ.

Cả quán nhỏ, mà không khí ấm. Khách ngồi quầy nói chuyện với nhau.

Tổng hóa đơn 5.5 triệu/2 người (có đồ uống) 

🌸 Đánh giá nhanh
 • Không gian: 8.5/10 – nhỏ, ấm, thân mật.
 • Món ăn: 8.5/10 – phần ăn hào phóng, trình bày tinh tế, vị rõ.
 • Phục vụ: 9/10 – nhẹ nhàng, tỉ mỉ, đúng tinh thần Nhật.
 • Trải nghiệm tổng thể: 8.7/10 

Một quán omakase nhỏ, tinh tế và rất đáng để quay lại.

#DiningReview #SaigonOmakase","64",,"1",,"58","5",,,"4"
"3","Maii Bistro. 
#Dinningreview

https://maps.app.goo.gl/6bzK3hJJ9QLpfy5w9?g_st=ipc

Concept hiện đại cho món việt, giá cả gấc ok, đồ ăn ngon, lạ mà quen. 

Mình gọi 1 lươn xào, 1 nấm chiên giòn, 1 ốc bulot tomyum, tất cả đều ngon vữ vội.

Recommend. 

Ngắn gọn dễ hiểu dễ trúng thửn kk","43",,,,"43",,,,"2"
"2","THE MARKET- SHERATON HANOI WEST - 36 Lê Đức Thọ 
Xin chào các anh chị trong nhóm. Em là Hằng– Chuyên viên kinh doanh mảng F&B của Khách sạn Sheraton HN West. Hôm nay em muốn giới thiệu với các cả nhà về chương trình buffet đặc biệt của nhà hàng THE MARKET của khách sạn, để các anh chị có thêm 1 lựa chọn ăn uống cho dịp 20/10. 

𝐁𝐥𝐨𝐨𝐦 & 𝐁𝐫𝐮𝐧𝐜𝐡 💐 |

. 12:00PM - 3:30PM

. The Market | Tầng 1, KS Sheraton Hanoi West

✨ Trải nghiệm ẩm thực đỉnh cao:

🦞 1/2 TÔM HÙM cho mỗi khách

🍣 Sashimi tươi ngon | BBQ & Carving station hấp dẫn

🥂 Free- flow sparkling wine, mocktail, soft drink, trà & cà phê

🌸 Chương trình đặc biệt dành riêng cho phái đẹp:

🎁 Tặng quà xinh yêu

📸 Photo booth + chụp & in ảnh lấy ngay

🌷 Workshop cắm hoa nghệ thuật

🎨 Khu tô màu cho bé yêu và khu bể bơi

🎶 Trình diễn đàn tranh sống động

Bên em xin gửi tặng nhóm mình ƯU ĐÃI 15%, áp dụng cho Special Buffet ngày 19/10/2025

Mọi người có thể inbox hoặc gọi trực tiếp cho em qua số 0969 088 442 để em hỗ trợ đặt bàn nhé ạ.

The Market rất mong sẽ có nhiều lượt ghé thăm và trải nghiẹm của cộng đồng mình để có nhiều người hơn nữa biết đến THE MARKET như 1 địa điểm ăn uống lý tưởng ở phía Tây thành phố . Em cảm ơn cộng đồng và các anh chị admin ạ!!","11",,,,"9","2",,,"2"
"10","Sunday Brunch The Hudson rooms.
Sắp cuối tuần rồi. Gợi ý cho mọi người một điểm ăn Sunday Brunch quen thuộc.
Menu Sunday Brunch mới của nhà hàng The Hudson Rooms, Capella Hà Nội có sự thay đổi với menu cũ.
- Giảm giá 25% cho đồ ăn với member.
- Giảm 15% nếu dùng thêm đồ có cồn.
- Phần Caviar ko còn đính tặng kèm nữa.
Đồ ăn chất lượng. Đặc biệt là hải sản, đa phần chúng được sử dụng bởi nguồn nguyên liệu địa phương như Quảng Ninh, Nha Trang,... Vì thế đồ rất tươi, ngon. Tôm hùm là món gây ấn tượng với mình vì điều đó.
Kính hội!
#diningreview #thehudsonrooms #CapellaHanoi","71",,"1",,"67","3",,,"2"
"2","Ở Hà Nội, muốn ăn cơm truyền thống Bắc Bộ “chuẩn vị mẹ nấu"" thì ăn ở đâu???

Nhà hàng Cơm Lệ xin chào anh chị,

Cơm Lệ là chuỗi nhà hàng mang tới thực khách những món ăn của nếp cơm nhà rất dân dã như thịt rang cháy cạnh, cá kho tộ, thịt kho tàu, canh cua, cà muối, dưa chua…

Cơm Lệ là nơi lưu giữ những nét văn hóa truyền thống giữa dòng chảy đương đại thông qua những mâm cơm chuẩn vị Bắc Bộ.

Nhà hàng xin gửi tới các anh chị trong cộng đồng Dining Review ưu đãi 15% trên tổng hóa đơn khi sử dụng mã “FBCLDR15” khi tới thưởng thức trực tiếp tại 5 cơ sở của Cơm Lệ tại Hà Nội.  

**Áp dụng đến ngày 18/11/2025

(Không áp dụng cho ngày 20/10/2025, không áp dụng cho set 1 người và đơn mang về)

Cơm Lệ rất mong được đón tiếp anh chị tại các cơ sở.

>>Cs 135 Triệu Việt Vương, Hai Bà Trưng, Hà Nội

Đặt bàn : 0963.84.3435

>>Cs 34 Nguyễn Trường Tộ, Ba Đình, Hà Nội

Đặt bàn: 0849.43.3339

>>Cs 164 Vũ Phạm Hàm, Cầu Giấy , Hà Nội

Đặt bàn: 0981.97.3435

>>Cs 111 Triệu Việt Vương, Hai Bà Trưng, Hà Nội

Đặt bàn: 0965.840.799

>>Cs 255 Tô Hiệu, Cầu Giấy, Hà Nội

Đặt bàn: 0816.223.435

**#ComLe**** ****#nhahangComLe**** ****#comnha**** ****#cơm****  ****#Hanoi**** ****#amthucHaNoi**** ****#monngonHaNoi**** ****#gioithieunhahang**** ****#diningreview**** ****#hanoi**","27",,,,"24","3",,,"2"
"6","💌 Lời chào từ Cloud Nine Hà Nội 🍂
Cloud Nine - 27 Hàng Bè trân trọng gửi đến các anh chị trong cộng đồng Dining Review món quà nhỏ – ưu đãi 10% trên tổng hóa đơn thay lời cảm ơn chân thành đến từ trái tim.

Nhà hàng chúng em rất hân hạnh được chào đón anh chị trong không gian ẩm thực tinh tế, nơi mỗi món ăn là một câu chuyện được kể bằng hương vị và cảm xúc.

⏰ Áp dụng đến 30/11/2025

(Không áp dụng cho ngày 20 & 31/10/2025)

📞 Đặt bàn: 0975 186 427

Cloud Nine – Nơi bữa ăn không chỉ là ẩm thực, mà là khoảnh khắc đáng nhớ.

#CloudNine #Lasiestagroup #EHG #DiningReview #FineDiningHanoi #UuDaiDacBiet #TronViThuong #gioithieunhahang","26",,"1",,"19","6",,,"0"
"0","🌴 The St. Regis Bali Bar, Nusa Dua
Quán bar nằm trong The St. Regis Bali Resort ở Nusa Dua. Ấn tượng đầu tiên là không gian sang trọng, âm nhạc sống hay và tinh tế. Nhân viên phục vụ nhẹ nhàng, chuyên nghiệp, khiến cảm giác ở đây đúng kiểu “resort 5 sao quốc tế”.

Em gọi hai món:

 • Dry-aged Wagyu Beef – giá 270.000 IDR (~430k VND), thịt bò thơm, béo vừa phải, trang trí đẹp mắt. Vị sốt cà chua hơi chua nhẹ, đúng kiểu ẩm thực châu Âu hiện đại.

 • Spring Rolls – giá 230.000 IDR (~370k VND), phần này hơi dầu, chiên chưa ráo lắm nên ăn hơi ngấy.

Ngoài thực đơn chính, quán còn có đồ ăn vặt miễn phí như ô-liu, đậu phộng chiên và bánh phồng kiểu Bali — vừa nhâm nhi vừa nghe nhạc sống.

Em có gọi thêm nước ép dứa (115.000 IDR) và một ly cocktail (275.000 IDR).

Tổng quan: không gian đẹp, nhạc sống chất lượng, phục vụ tốt, đồ uống ngon. Tuy nhiên, món ăn hơi thiên vị vị Tây, nên nếu ai quen khẩu vị châu Á thì có thể thấy hơi lạ miệng. Còn nếu ghé để uống rượu, thưởng nhạc, và tận hưởng không khí sang trọng của Bali thì đây là một lựa chọn rất đáng để trải nghiệm 💫

#diningreview #Bali","20",,,,"17","3",,,"1"
"1","🇻🇳 Ngành khách sạn Việt Nam bước sang trang mới: 13 cái tên đầu tiên được vinh danh bởi Michelin Key 🏅
Lần đầu tiên, cẩm nang danh giá Michelin – biểu tượng của đẳng cấp và tinh hoa ẩm thực toàn cầu – đã chính thức mở rộng sang lĩnh vực lưu trú với hệ thống xếp hạng toàn cầu Michelin Key 🔑.

Và Việt Nam đã không đứng ngoài cuộc chơi, ghi dấu ấn mạnh mẽ với 13 khách sạn và khu nghỉ dưỡng được gọi tên ngay trong lần công bố đầu tiên.

🌟 Đây không chỉ là một danh hiệu, mà còn là sự khẳng định vị thế đang lên của du lịch hạng sang Việt Nam trên bản đồ thế giới.

💡 MICHELIN KEY LÀ GÌ?
Được ví như “Ngôi sao Michelin của ngành khách sạn”, Michelin Key ra đời để định hình chuẩn mực toàn cầu mới về nghệ thuật hiếu khách – The Art of Hospitality.
Thay vì chỉ tập trung vào tiện nghi, hệ thống này đánh giá dựa trên 5 tiêu chí khắt khe, hướng tới trải nghiệm toàn diện của khách hàng:
1️⃣ Kiến trúc & thiết kế nội thất xuất sắc.
2️⃣ Chất lượng và tính nhất quán trong dịch vụ.
3️⃣ Bản sắc riêng, phản chiếu cá tính độc đáo.
4️⃣ Sự tương xứng giữa trải nghiệm và mức giá.
5️⃣ Trở thành một điểm đến đáng khám phá.

🏆 HAI ĐỈNH CAO XUẤT SẮC CỦA VIỆT NAM – 3 MICHELIN KEY
🇻🇳 Việt Nam vinh dự có 2 đại diện đạt hạng mục cao nhất – “Trải nghiệm lưu trú xuất sắc”, mỗi nơi mang một sắc thái riêng nhưng đều chạm đến đỉnh cao của sự xa hoa:
✨ Capella Hanoi – Viên ngọc kiến trúc của Bill Bensley, tái hiện không gian lộng lẫy của các nhà hát opera thập niên 1920 ngay giữa lòng thủ đô.
✨ Amanoi (Ninh Thuận) – Ẩn mình trong Vườn quốc gia Núi Chúa, nơi sang trọng tuyệt đối hòa quyện cùng thiên nhiên hùng vĩ, mang đến trải nghiệm tĩnh tại, biệt lập và đẳng cấp.

🔑 DANH SÁCH VINH DANH ĐẦY ĐỦ
Cùng chúc mừng 11 đại diện xuất sắc khác đã góp phần làm rạng danh ngành hospitality Việt Nam 🇻🇳
🔑 2 Keys – “Trải nghiệm lưu trú tuyệt vời”
🏝️ Four Seasons Resort The Nam Hai (Quảng Nam)
🌿 Banyan Tree Lăng Cô (Thừa Thiên Huế)
🌊 Zannier Hotels Bãi San Hô (Phú Yên)

🔑 1 Key – “Trải nghiệm lưu trú đặc biệt”
🌅 Azerai Kê Gà Bay (Bình Thuận)
⛵ Legacy Cruises Mekong (Cần Thơ)
🌴 Six Senses Côn Đảo (Bà Rịa - Vũng Tàu)
🏰 Sofitel Legend Metropole Hanoi (Hà Nội)
🌇 Park Hyatt Saigon (TP.HCM)
🏝️ Six Senses Ninh Van Bay (Khánh Hòa)
🌤️ Regent Phu Quoc (Kiên Giang)
⛰️ Hotel de la Coupole – MGallery (Lào Cai)

🚀 “CUỘC ĐUA CHẤT LƯỢNG” MỚI CHỈ VỪA BẮT ĐẦU
Con số 13 chỉ là khởi đầu đầy hứa hẹn 🌠.
Sự công nhận từ thương hiệu toàn cầu Michelin không chỉ tôn vinh thành tựu của những cái tên được vinh danh, mà còn thúc đẩy cả ngành lưu trú Việt Nam cùng nâng tầm chất lượng – từ dịch vụ, trải nghiệm, đến bản sắc thương hiệu.
----------------------
#MichelinKey #MichelinGuide #VietnamHospitality #LuxuryHotel #VietnamTravel #DuLichVietNam #KhachSanHangSang #HospitalityNews","174",,"1","3","158","12",,,"14"
"1","Xin chào các anh chị trong nhóm.
Em là Dzung, quản lý nhà hàng Red Bean Central – 21 Hàng Thùng – Hoàn Kiếm . Nhà hàng Red Bean Central đã nhận được nhiều lượt ghé thăm và quan tâm của anh chị & các bạn, góp phần giúp cho được nhiều người biết đến hơn nữa. Red Bean Central gửi lời cảm ơn cộng đồng cùng các anh chị admin.

Red Bean Central  xin được gửi tặng nhóm mình ưu đãi 10% áp dụng cho toàn bộ thực đơn đồ ăn từ nay đến 31/11/2025 (không áp dụng cho ngày lễ 20&31/10/2025)

Mọi người có thể inbox trực tiếp với em qua số 0936.656699 để nhận được hỗ trợ nhé.

Trân trọng cảm ơn.

#gioithieunhahang #diningreview","28",,,,"24","4",,,"2"
"6","#Iris Expedition Dining #rosendalsträdgård #salmoneye 

Chia sẻ thêm cho hội một trải nghiệm ẩm thực khác khá là ấn tượng ở Na Uy. Đó là nhà hàng Iris ở ngay bảo tàng Mắt Cá Hồi, Na Uy. Bảo tàng này được thiết kết và xây dựng bởi tổng tài Sondre Eide, CEO đời thứ 3 của Eide Fjordbruk. Chi phí xây dựng cái bảo tàng be bé giữa biển này tầm 93 triệu mĩ kim với trần nhà 100% dát bạc để khi đèn chiếu vào lóng lánh như nước biển ( anh phục vụ chém thế chứ mình cũng chưa cảm nhận được độ lung linh). Các bác có thể google thêm thông tin về project Salmon eye này, thú vị và rất visionary của tổng tài Old Money.

Quay lại Iris, trải nghiệm mình book kéo dài 6 tiếng. Bắt đầu đi ra đảo nhà chef lúc 2h chiều và ăn xong lúc 8h tối. Tổng cộng 15 món. Thức ăn thiên về đồ biển và concept food sustainability..nôm na là những đồ ai cũng chê hay vứt đi không ăn đều có thể là thức ăn ngon. It is about  your mindset!
Bữa ăn bắt đầu bằng 3 món khai vị ở boat house nhà chef với cider pairing của bạn của chef cực là sự khởi đầu hoàn hảo của trải nghiệm. Vì ít món nên mình chụp được tất cả ảnh và note món ăn từng ảnh nha. 
Have fun cả nhà!","38",,,,"29","9",,,"0"
"22","#Alchemist #copenhagen 
Rất may mắn khi qua Đan Mạch chơi có mấy ngày mà lấy được bàn đi ăn ở Alchemist. Bữa tối bắt đầu từ 6h tối và xong lúc 12h đêm. Từ đầu đến cuối gọi là mãn nhãn từ khẩu giác đến thị giác. Các bạn phục vụ tỉ mỉ, chu đáo, hiểu biết. Nghe các bạn giới thiệu món ăn và chăm sóc khách là biết các bạn yêu nghề và tự hào về nhà hàng đến mức nào. 
Cảm nhận về thức ăn thì mình thích nhất các món dessert vì nó ngọt lại mặn. Thích nhì là cái mì làm từ mực và soup kiểu nhật bản. Không ấn tượng và hơi lệch kênh là món laska mà mình có feedback với các bạn là mình ở Singapore nên món laska của ở đây nếm như Tom yum soup.
Mình là người ăn ít nhưng bữa tối 6 tiếng ăn liên tục này không làm mình bị đầy hay ứ. Mình nghĩ là do chef Rasmus pace out các món ăn với visual aid tinh tế. Lúc ăn xong các bạn cho đi thăm kitchen cho tiêu cơm thì thấy nhà hàng high tech dã man. Lúc ăn mình cũng đã phục lăn team audio and visual của nhà hàng này rồi. Cả trải nghiệm phải nói là eye opening dining experience và anh Rasmus xứng đáng với danh hiệu best chef năm 2024 và 2025!
Ps: hình như 50 courses mà mình chỉ chụp có lúc đầu..về sau quên mất haha","116",,,,"87","28",,"1","8"
"15","Review các nhà hàng vịt quay ở Bắc Kinh
Vừa rồi mình có 1 tuần ở BK, và do đam mê món vịt quay từ nhỏ nên m đã tìm hiểu và ăn thử ở các quán nổi tiếng lâu đời ở Bắc Kinh. Điểm chung của vịt quay BK ngon là da giòn nhưng ko ngấy mỡ, thịt mềm, ngọt, thơm. Cho dù gọi 1 con hay nửa con thì nhân viên luôn mang 1 con vịt ra thái thịt trước mặt khách. 

Ngoại trừ Liqun, các quán khác đều có nhiều chi nhánh khắp Bắc Kinh, nên mn cứ lên Baidu map gõ xem quán nào gần nhất thì đến.

Quán thích nhất xếp đầu tiên nha. 

🦆 大鸭梨 Dayali Đại Áp Lê: da giòn, thịt mềm tan trong miệng, giá cả phải chăng, nửa con tầm 450k.

🦆 便宜坊 BianyifangTiện Nghi Phường: theo như quảng cáo thì chỗ này đã kinh doanh vịt quay từ tận 600 năm trước. Nhà hàng rộng rãi, phục vụ chu đáo, và tất nhiên vịt rất ngon. Nửa con khoảng 700k

🦆 利群 Liqun Lợi Quần: quán này chỉ có 1 cơ sở duy nhất nằm trong 1 con hẻm yên tĩnh gần Thiên An Môn, do Trương Lợi Quần, đầu bếp chính của Quanjude ra mở quán riêng cách đây 30 năm. So với các quán kia thì quán này da vịt ít giòn hơn cả, có lẽ do họ không có hệ thống tủ hút ẩm hiện đại như các chuỗi nhà hàng, nhưng bù lại thịt vịt mềm ngọt thơm ngon hơn cả. Thịt vịt ăn thừa m để đến hôm sau nấu mì gói lên ăn vẫn mềm. Nhiều khách là ng nổi tiếng và giới ngoại giao. 1 con giá khoảng 900k

🦆 全聚德 Quanjude Toàn Tụ Đức. Thành lập cách đây 200 năm, nhắc đến vịt quay BK ko thể bỏ qua Quanjude. Đây là quán m mong đợi nhất nhưng hơi bị thất vọng. Vịt vẫn ngon so với mặt bằng chung nhưng thịt hơi khô. 

🦆 大懂 Dadong Đại Đổng: Giá chỗ này đắt gấp đôi những chỗ còn lại, bù lại vị trí đẹp, không gian sang trọng, phục vụ nhiệt tình. Thịt vịt hơi khô 1 chút.

Ngoài ra còn những quán khác cũng dc dân TQ khen ngon mà m ko có tgian đi. M note lại đây để mn có dịp thì đi thử.

京味斋 

晟永兴。

花家怡园

北平楼 

四季民福 Sijiminfu

璟雅轩 Jingyaxuan Cảnh Nhã Hiên

#diningreview

#beijing

#peking","86",,,,"81","5",,,"19"
"10","📍Koki Capella Hà Nội
Hình như chưa ai review set sushi ở Koki nên nay em vượt lười lên bài🥰
Đây không phải là Omakase, set Chidori này mới được bán từ tháng 6.2025 thì phải và chỉ bán buổi tối. Hôm em đi ăn không đặt trước, thật may mắn là chef vẫn chuẩn bị kịp và em có thể ăn trưa tại Sushi counter luôn.
Em đánh giá là khá ưng với trải nghiệm lần này, em ăn lâu lâu rồi nên k nhớ chính xác nhưng có 3 loại sashimi và 8 miếng Nigiri, cộng thêm món khai vị, món cơm và dessert nên ăn siêu no. Lúc nào em cũng phải dặn chef là nặn ít cơm nhưng ăn đến miếng 5-6 nigiri là đã no lặc lè rồi, được cái là có mấy loại cá em thích nên ưng cái bụng, cứ có Uni vs chutoro là em vui lắm 🤣 một điểm khen nữa là gạo rất ngon nhé, chắc 1 bữa ở đây = số lượng cơm trắng em ăn trong cả tháng mất, bình thường em k dám ăn nhiều sợ mập🥲
Tổng thiệt hình như hơn 3tr 1 set đã gồm thuế phí phục vụ em không nhớ chính xác lắm. Em thấy đáng trải nghiệm ạ🥰
#diningreview
#hanoi","68",,,,"66","2",,,"2"
"21","Ăn Caviar, không ăn UAV
Nhà hàng BELUGA 1 ⭐️ Michelin - Moscow

Giao tranh vẫn ác liệt ở vùng chiến sự, nhưng trong lòng Moscow nhịp sống bình yên như vốn là. Michelin ngừng xếp hạng tại Nga từ 2022, nhưng nhà hàng vẫn nhiều và xuất sắc kinh khủng. Khách khứa đi ăn dập dìu chen kín, gái Nga đẹp và mặc lộng lẫy thôi rồi.

Thật với các bác, caviar ăn hương ăn hoa 30gr, 50gr, 100gr thôi, mở cái hộp bé tí cùng nhau khêu khêu nó vừa nghèo nghèo lại vừa thắm tình đồng đội. Caviar mà đơn vị tính bằng cân thì dù ngồi giữa nhà hàng sao Michelin nổi tiếng thế giới về caviar, ăn nó cũng ko còn thích nữa đâu. Cảm giác vài miếng đầu tiên công nhận ngon và choáng ngợp, sau đó trạng thái chuyển dần sang chán, ngán, cuối cùng là oán thán.

Nhà hàng nằm trong khách sạn National - khách sạn lịch sử của Moscow, nhìn sang đường là thẳng điện Kremlin, đẹp và sang trọng vô cùng. Phục vụ toàn cao mét tám mét chín, tóc vàng như râu ngô Tây Bắc, mắt xanh hơn nước hồ Baikal, chuyên nghiệp, lịch sự và tuyệt đối cưng chiều khách nữ. Đồ ăn rất ngon, trình bày đẹp, nhưng em ko quay lại nữa đâu các bác ạ. Đời em kể từ giây phút này có thể ngán caviar đến 2041.

À nhà vệ sinh đẹp như cung điện ấy các bác ạ, em quên ko chụp ảnh khoe các bác. Nga mà, khen sự vương giả của Nga quá bằng khen Hà Nội nhiều bụi mịn.

Bác nào gu ăn caviar bằng bát, bằng tô, thậm chí bằng chậu thì đến thử nhé.

#diningreview","293",,,"81","199","11","1","1","10"
"0","Bữa trưa ở nhà hàng Cafe Cardinal- Reverie Saigon.

Thường các nhà hàng có bữa trưa chỉ là set lunch nhưng bữa trưa ở đây có cả 1 quầy buffet nhỏ + chọn 1 món main course trong menu. 

Quầy buffet đa dạng các món từ Soup,Salad,Phomai,thịt nguội và quầy Dessert.

 Main course mình chọn Cơm gà Hải Nam theo gợi ý của các bạn phục vụ. Cơm gà ngon tuyệt thơm nhẹ mùi lá dứa. Có thể đây là 1 trong các chỗ nấu cơm gà Hải Nam ngon nhất ở Sài gòn.

Pasta với sốt kem nắm Truffle chưa được béo lắm. 

Tôm sú hấp trên quầy buffet tươi ngọt thịt. Bếp hỗ trợ khách lột vỏ tôm luôn nên ăn cũng khỏe không lo dơ tay.

Dessert các loại bánh làm ngon. Đặc biệt bánh Tiramiusu ngon.

Nước uống bao gồm phần trà hoặc Cafe trong gói luôn. Mình chọn trà đỏ Rooibos Châu Phi hương Vanilla uống thơm nhẹ.

Giá 588k Net/ Khách quá rẻ.

#diningreview
#lunch
#tphcm
#reveriesaigon","41",,,,"35","6",,,"8"
"24","📍Tỏi ớt - nhậu lai rai 
Menu cũng k nhiều món, món ngon món k nhưng mình thích những mô hình nhậu ntnay. K ồn ào, k nặng về uống quá, có vỉa hè ngồi tán phét với bạn, có chỗ điều hoà ngồi mát . Location ở 48 Nguyễn Công Trứ , view cạnh vườn hoa, tối k đông đúc mà thoáng đãng

Mình ăn các món bên dưới + 1 bia blanc + 2 nước quýt 1 nước đậu đen bill 789k 

Hy vọng quán thêm nhiều món hơn, mình sẽ tả chi tiết các món qua từng ảnh để mọi ng tham khảo 

#Diningreview
#TỏiỚt","92",,,,"85","7",,,"19"
"9","Group ko duyệt seeding nhưng các nhà hàng nếu có deal cho member thì có thể post bài giới thiệu kèm theo deal thoải mái nhé mọi người. 🥰 Admin team cố gắng giữ group công bằng và trong sạch nhất có thể. Nhà hàng nào mà nhiệt tình hay có chương trình hay cho member tham gia thì chúng mình cũng sẵn sàng ủng hộ và seeding miễn phí miễn là có lợi cho member. Các bên muốn seeding ăn tiền khỏi inbox admin hỏi làm gì. 😀

Team admin được cái quan hệ rộng nên có một số người đồn thổi là team admin có đội ngũ truyền thông bẩn và ăn tiền này kia để dập phốt thì tự soi gương xem ai thèm tiền nha các bạn. Ăn uống nó phải vui vẻ đúng ko ạ? 😊 

#Admin 
#diningreview","99",,"1","1","84","13",,,"3"
"4","HCMC - nhà hàng One River mới khai trương ngay Lý Tự Trọng, đi lại rất tiện. Đồ ăn ngon, thú vị, lạ miệng. Các món ăn nấu gia vị cân bằng, điều chỉnh vừa miệng, không bị nồng.
- rau luộc chấm mắm prahok Campuchia, mắm cá, chưng với thịt băm, cùi dừa non, ngon béo, không bị nồng. Chấm rau hay ăn với cơm đều ngon, rất thích món này
- Larb vịt, gia vị cay, thơm nồng, cuộn xà lách, chua cay đậm đà
- cari cá, thịt cá xay nhuyễn nấu cari kiểu Thái, nước cốt dừa béo, ăn với rau rất ngon. Chứ đầu tiên là rất ghét cà ri vì tưởng giống đồ Ấn
Xôi xoài ngon, đậu xanh rang đúng kiểu, xoài ngọt, nước dừa tự nấu không bị có bột béo
Chủ nhà hàng là chị Oanh xinh đẹp, chủ chuỗi Wrap&Roll ngà xưa nên nhân viên nhanh nhẹn, hiểu việc, ưng ý
#MekongFood
#saigon
#diningreview","40",,,,"32","8",,,"1"
"5","Ăn sáng ở Park Hyatt Sài Gòn.

Ngoài quầy buffet thì bữa sáng ở đây còn có thực đơn gọi món. Các món trên quầy Buffet cũng giống như Buffet sáng ở các ks 5 sao cao cấp khác. Tuy nhiên mình rất thích chất lượng về các loại bánh. Bánh thơm mùi bơ cực. Riêng cái bánh trứng ngập ngụa phomai,ăn mà tưởng đang ăn cheese cake.

Lâu lâu có Bếp mang mang khay bánh Croissant đi từng bàn mời khách-cũng dễ thương.

Bên cạnh đó có quầy mật ong gồm nhiều loại mật ở các vùng miền trên cả nước như Tuyên Quang,Hà Giang,Gia Lai,Tiền Giang,Bến Tre...

Có quầy nước Dừa tươi và Sparkling Wine uống thoải mái.

 Mình thích các món trong thực đơn gọi món hơn.
Trong menu gọi món mình thấy Phở và Bún Bò nấu ngon. Ngọt xương không dùng bột ngọt. Bún bò không nồng mùi ruốc thoang thoảng mùi xả.Sate bếp tự làm thơm. Phở nấu theo vị Bắc nước trong ngọt xương.Thịt bò được bếp sử dụng là thịt bò Úc nên rất mềm.

Mỳ Quảng nước nhiều mỡ ăn bị ngấy.

Mỳ hoành thánh chưa ưng. Nước hầm nhiều tôm khô nghe mùi tanh khó ăn. Sợi mỳ Tàu nghe mùi hơi khai khai. 

Còn các món ngọt trong menu gọi món nên gọi Coconut Bowl có dừa non,trái cây và Yaourt.
Ricotta Pancake và French Toast nên gọi.

Phục vụ: dù khách buổi sáng khá đông nhưng các bạn nhân viên cũng vui vẻ chu đáo. Khách hỏi gì dù chưa biết cũng vào trong hỏi lại và đưa feedback cho khách. Mình thấy các bạn đi vào lâu tưởng quên nhưng 1 hồi thấy ra trả lời đàng hoàng.
Nhớ tên khách hàng và gọi tên khách thường xuyên là cái mình rất quý.

Giá buffet sáng cho khách bên ngoài không ở khách sạn 990k++/ khách.

Nên gọi trước để đặt bàn vì nhiều ngày khách đông Park Hyatt ưu tiên khách in house.

#parkhyattsaigon
#tphcm
#buffet
#breakfast
#diningreview","107",,"1",,"99","6",,"1","8"
"1","Cơm quê dượng bầu 
#saigon #dinningreview 

Chung cư,4th floor 40E Ngô Đức Kế, Bến Nghé, Quận 1, Hồ Chí Minh

Location ngay trung tâm quận 1, rất tiện tiếp khách, hẹn ăn cơm. 

Overall nấu ngon,giá hợp lý, khẩu phần nhiều. Rất nhiều món trong menu. 

Recommend :))","17",,,,"16","1",,,"1"
"15","Pizza 4P’s – Hoàng Thành Tower, 114 Mai Hắc Đế, Hai Bà Trưng, Hà Nội

Hôm qua mình ghé Pizza 4P’s Hoàng cho bữa trưa. Đồ ăn thì vẫn ngon như mong đợi, nhưng trải nghiệm dịch vụ lần này khiến mình khá hụt hẫng.

Mình đã dặn rõ thứ tự món: salad trước, rồi đến pasta và bò, cuối cùng mới gọi pizza (vì pizza cần ăn nóng). Nhân viên cũng xác nhận: pasta/bò mất khoảng 20–25 phút, pizza 15 phút, sẽ làm theo thứ tự như vậy. Nhưng thực tế thì pasta và bò lại được mang ra trước, salad đến sau với lý do “làm bị hỏng phải làm lại” nhưng điều này không được báo trước cho khách.

Trong lúc ăn, pizza mình gọi sau cùng thì lại hơi cháy. Bàn thì khá nhỏ, nhân viên đề xuất đổi mì sang bát cho gọn nhưng mình không thấy hợp lý. Điểm trừ nữa là hôm đó quán không mang iPad ra để khách đánh giá như mọi lần và cũng không có nhân viên ra hỏi câu nào trong suốt cả bữa ăn. 

Điều làm mình ngạc nhiên là dịch vụ ở các chi nhánh 4P’s khác mình từng ăn (như Lotte Mall Tây Hồ, Tràng Tiền…) đều rất tốt: nhân viên quan tâm, hỏi han khách trong bữa ăn, bàn ghế bố trí hợp lý hơn. Lần này thì cảm giác như mình bị “bỏ rơi”, không được để ý.

Mình vẫn thích hương vị đồ ăn ở 4P’s, nhưng mong dịch vụ tại chi nhánh này sẽ đồng đều hơn so với các cơ sở khác. Vì với một thương hiệu lớn và uy tín như 4P’s, trải nghiệm dịch vụ chính là điều giữ chân khách hàng.

#diningreview #pizza4ps #reviewnhahang #amthucHanoi #trainghiemthat","72",,"2",,"69",,,"1","3"
"12","Sushi Umi no Hana - 70 Phan Kế Bính . Nơi tôi luôn quay lại mỗi khi thèm omakase chuẩn Nhật

Là một người yêu sushi và đã trải nghiệm nhiều nơi tại Hà Nội, Sushi Umi no Hana luôn nằm trong danh sách những nhà hàng tôi quay lại nhiều nhất.
Đây không phải là lần đầu tôi ăn ở đây, nhưng hôm nay tôi muốn viết một bài review chi tiết, như một lời gợi ý dành cho những ai đang tìm kiếm trải nghiệm omakase đỉnh cao – nơi mà từng món ăn không chỉ là hương vị mà còn là một hành trình cảm xúc.

1. Cảm giác mỗi lần quay lại – Vẫn nguyên sự trọn vẹn  
Không gian ở đây tối giản, ấm cúng, lấy gỗ sáng màu làm chủ đạo. Mọi thứ được sắp đặt có chủ đích: ánh sáng dịu nhẹ, quầy sushi sạch bóng, từng chiếc đĩa gốm thủ công khác nhau – như thể mỗi vị khách đều được chuẩn bị một sân khấu riêng.

Điều khiến tôi thích nhất là đầu bếp và nhân viên luôn nhớ khách quen, đôi khi chỉ một nụ cười hay câu hỏi thăm nhỏ cũng đủ thấy sự tinh tế. Ngồi ở quầy, tôi có thể vừa nhìn thấy sự khéo léo trong từng đường dao, vừa nghe đầu bếp kể chuyện về nguyên liệu hôm nay – cảm giác rất đặc biệt.

2. Thực đơn hôm nay – 17 món trọn vẹn

Mặc dù đã ăn ở đây nhiều lần, nhưng mỗi lần quay lại tôi đều thấy có một chút mới mẻ. Thực đơn hôm nay là sự kết hợp giữa những món quen thuộc và vài điểm nhấn bất ngờ.

Sushi Umi no Hana xứng đáng là một trong những nhà hàng omakase hàng đầu Hà Nội
Dành cho những ai yêu thích trải nghiệm sushi truyền thống.

Điểm đặc biệt: Không phô trương trình diễn, tập trung vào chất lượng nguyên liệu và sự tinh tế trong từng món ăn.

Nếu bạn muốn một bữa ăn để khám phá sự tinh túy của sushi Nhật với phong cách nguyên bản, Umi no Hana là nơi đáng thử ít nhất một lần.
#diningreview #omakase #hanoi","96",,,,"85","11",,,"13"
"8","Đầu tiên, mình xin phép dành lời khen cho team Social media của Chapter vì các bạn đã làm quá tốt. Từ hình ảnh, thuyết minh và cách các bạn truyền tải về món ăn đến người xem rất hấp dẫn. Nhưng trải nghiệm thực tế của mình lại không được như kỳ vọng. 
Sau đây là một số review chân thực về trải nghiệm của mình tại Chapter với menu “ Bội Thu”. 
Tổng quan về menu không có gì đặc sắc và khiến mình cảm thấy “wow” cả. 
Có lẽ là do mình đã kỳ vọng nên cũng có nhiều phần thất vọng đặc biệt là 3 món : Bánh cuốn, bánh mì pate và dừa dầm kiểu Hải Phòng. Những món ăn street food đó vốn đã nổi tiếng và ngon sẵn rồi. Vậy nên, việc các bạn đưa những món đó vào để sử dụng cho menu dining là một thách thức khá lớn vì khách hàng sẽ chờ đợi một sự mới mẻ và đột phá hơn. 
Về phần đồ uống paring với đồ ăn mình cũng không quá ấn tượng. Minh đi 3 người và chọn đủ 3 phần paring khác nhau. Và với menu Bội thu và cái bill dưới đây thì thành thật mà nói mình thấy không đáng tiền lắm.","104",,,"2","95","3","4",,"4"
"8","Ăn chơi Đà Nẵng rất ngon và giá siêu hợp lý. Có bị mưa làm cản trở đi lang thang nhưng vì lần này ở ngay trung tâm nên cũng tiện lợi.
1. Bánh Huế Trần thị, 23 Nguyễn Hữu Cảnh, rất rất ngon, ít món thôi nhưng chất lượng. Đặc biệt bánh canh Nam Phổ ở đây ngon, nấu với tôm, ăn kèm mắm ớt cay trào nước mắt. Hàng bé xinh và rất sạch
2. Hải sản lặn A5, bình dân, ngay cảng. Nhìn nhỏ mà đồ ngon và tươi, chế biến hợp miệng, nhum to đùng, béo, ăn đã miệng. Sò bum béo mọng, nướng mỡ hành ăn rất thích
3. Bánh tráng thịt luộc Mỳ Quảng Quê xưa, thịt nóng, ẩm và juicy. Rau ngập tràn, sạch. Mắm nêm ở đây pha ngon, ai thấy ngọt có thể thêm chanh. Đặc biệt mỳ Quảng ở đây cũng rất ưng, tiện 1 hàng ăn luôn 2 món
4. Ai muốn ăn cơm nhà thì có Bếp của Ngoại, nấu khá ngon đúng kiểu cơm gia đình, nhiều chi nhánh. Sạch sẽ
5. Bún bò Đà Nẵng không đậm mùi ruốc và váng mỡ béo như trong Sg, ăn với hành tím ngâm chua ngon, thịt mềm ngọt, không có rau. Bún bò bà Đào 233 Trưng Nữ Vương
#daânngfoodtour
#diningreview","51",,,,"42","9",,,"9"
"2","Danang - nhà hàng Si Si Dining lần này quay lại bất ngờ vì mọi người vẫn nhận ra mình. Đồ ăn rất ngon, giữ vững phong độ như 2 năm trước. Pizza cực kỳ ngon, là loại nhồi nhân: rocket, ham, mozzarella, pesto sauce. Ăn kèm tương ớt home-made ngon ấn tượng: ớt tươi lên men nướng, cùng với mẻ, cay và thơm đáng nhớ. Salad củ dền ăn với sauce chanh dây thơm ngon. Sashimi cá cam ăn với sauce citrus cũng ngon.
Tráng miệng: ngon nhất là tiramisu, chẹp chẹp. Cannoli vỏ mỏng và giòn, kem béo ngậy. 
Nhưng trên hết là sự nồng hậu của các em phục vụ, chuyên nghiệp và tận tâm, chu đáo từng chi tiết nhỏ. 
Hôm nay cũng không phải cao điểm du lịch nhưng nhà hàng gần như full 2 tầng nên mình vui lây
#italianfood
#danang
#diningreview","43",,,,"34","9",,,"2"
"0","Cumulus Inc. 
📍45 Flinders Lane, Melbourne
Nhà hàng all-day dining có tiếng ở Melbourne với open bar và open kitchen, giá không rẻ nhưng các món ăn mình thấy đều tay, vừa vặn. Không gian thoáng đãng nên dù đông cũng không bị ồn hoặc do mình hên không bị ồn =)) khách cũng rất lịch sự. 
Hàu siêu ngon. Tuna tartare vị tươi, cá mềm, kem ngậy. 
Main course ăn ở mức ổn, ngon đều. 
Một lựa chọn an toàn ở Mel, giá khoảng 100AUD/pax 
#diningreview
#melbourne
#australia","55",,"1",,"43","11",,,"5"
"18","ZAO - Vietnamese Rooted Eatery
📍4 Ngõ Huế, Hai Bà Trưng, HN
Nhân tiện review tiếp 1 địa điểm phù hợp ăn uống chill chill casual với bạn bè là Zao Eatery. 
Zao dạo này đông quá full bàn liên tục nên sẽ phù hợp khi đi ăn đã có plan từ trước 😂
Bù lại đồ ăn ngon, các món đều tay, mình thích món cánh gà, pate nhum. Salad ăn như món palate cleanser mát lạnh, chua chua mát mát cũng ngon. 
Portion vừa đủ, trong ảnh là vừa đủ 2 người ăn no, riêng mình thì thấy hơi no quá :)) 
Service ở mức ổn, nhân viên nhiệt tình nhưng nhà hàng thật sự là đông nên nhiều lúc cũng không thể quan sát hết. 
Giá cả vừa phải, hợp đi ăn bạn bè uống rượu 🥰🥰
#diningreview
#hanoi","93",,"1",,"82","10",,,"11"
"1","Tib- Nhà hàng Huế ở Trung Tâm Sài Gòn.

Nhà hành này lúc trước do em gái của cố Nhạc Sỹ Trịnh Công Sơn nay đã chuyển cho cty khác nhưng chất lượng các món ăn vẫn được giữ nguyên.

🏡Không gian đẹp mang 1 chút cổ kính của xứ Huế.

Các món ăn nhìn chung là chuẩn chất Huế. Bột bánh cuốn,bánh bèo và bột lộc chuẩn. Nước chấm gan béo nhẹ thơm đặc trưng.

Ốc bươu nhồi thịt làm cũng ngon.

Bún bò không đặc sắc.

Chè nhãn hạt sen thanh mát thơm thoang thoảng mùi hoa Nhài. 

Hương vị mình thấy ở đây cũng same như bên nhà hàng OMA(nhà hàng này cũng do em của cố nhạc sỹ Trịnh Công Sơn thành lập và đang điều hành) mà lúc trước mình từng Review. OMA giá mềm hơn. Tuy nhiên không gian bên OMA hơi nhỏ hơn bên Tib. Nếu tiếp khách thì nên chọn Tib không gian rộng rãi đẹp hơn.

⭐Những điểm chưa ưng:
-Nhân viên khi bưng món mới ra thấy chén đũa dơ không biết thay chén mới cho khách.
-Với món Bún Bò Huế nhân viên khi lấy order không biết hỏi khách nên dùng rau sống hay rau chín mà khi bưng ra mới hỏi làm khách phải ngồi đợi 1 lát rau ra mới ăn được.

Tóm lại Tib cũng là nhà hàng Huế đáng trải nghiệm khi thèm ăn món Huế.

Địa chỉ: Nhà hàng Tib
187 Hai Bà Trưng . Phường 6. Quận 3. Tphcm.

#monhue
#diningreview
#tphcm","22",,,,"21","1",,,"3"
"35","RUN=FUN Eating Room
📍126 Triệu Việt Vương, Hai Bà Trưng, HN
Không hiểu sao run=fun ăn ổn, vibe nhẹ nhàng vui vẻ, giá cả hợp lý nhưng lại không thấy ai review mấy 😄
Món ăn trình bày xinh xắn dễ thương, portion nhiều. Mình đi 2 người mà trót gọi hết các món đánh dấu sao trong menu starter nên no luôn không còn bụng ăn món main. Ấn tượng món khoai trông giản dị nhưng cách làm rất thú vị.
Nhân viên nhẹ nhàng, take care nhiệt tình. Nhà hàng hơi đông nên nhiều lúc thấy các bạn chạy không kịp. 
Vibe nhà hàng kiểu casual, phù hợp đi với bạn bè, vừa ăn vừa uống chill chill. List nhạc hay, kiểu hơi old school, có chuyển mood upbeat hơn chút khi muộn muộn.
Lần sau sẽ quay lại ăn main course hihi
#diningreview
#hanoi","179",,"1",,"164","13",,"1","22"
"9","Review Upstairs tasting room 
36 Nguyễn Bá Huân - Thảo Điền 

Đến nơi rồi mới biết là nó là tầng 2 của Little bear. 
- Đồ ăn: khá ngon, mọi thứ vừa vặn, không quá xuất sắc nhưng cũng không có gì chê. Mình thích nhất mấy món cá. Dessert trà đào ngon.

- Mình gọi wine pairing không cồn. Dễ uống vì thập cẩm các loại nước hoa quả mix. Còn không thấy nó pairing lắm với đồ ăn 

- Có cái vịt mang ra trông đẹp, nhưng đương nhiên không được ăn cả con đó. +1 đ cho trải nghiệm 😂

- Phục vụ thì vẫn gọi dạ bảo vâng ngoan hiền 10đ 😆

- Không gian ấm cúng, đơn giản. Không biết có chỗ riêng tư không nhưng hôm mình ngồi gần bếp thì thấy các bàn khá gần nhau. Bàn bên cạnh blah bloh gì nghe thấy hết 😂. Quán có chỗ riêng không thì không biết

- Món bò kho gọi thêm không ngon lắm, không recommend ạ

Tổng thể mình thấy đáng để trải nghiệm, nhưng đề xuất không gọi thêm bò kho và không gọi pairing nước hoa quả 😆

Bill để comment. Còn ai đắn đo giữa Litte bear và Upstairs thì mình thấy Little bear ổn hơn
#diningreview 
#thaodien
#saigon","55",,,,"53","2",,,"8"
"14","🍴Viên Dining
📍 3 Ngõ Bà Triệu, Lê Đại Hành, Hai Bà Trưng, Hà Nội

Cuối tuần rồi, mình lần đầu đến Viên Dining để thử set lunch “Viên Trọn” thực đơn vừa ra mắt từ 16/9. Không gian ấm áp với tông nâu trầm, bếp mở hiện đại nhưng vẫn gần gũi. Hôm đó có cả khách Việt lẫn khách Hàn, cảm giác nơi đây được tin tưởng bởi nhiều nhóm thực khách khác nhau.

Ấn tượng đầu tiên là dịch vụ: vừa bước vào, nhân viên đã gọi đúng tên mình, một sự thân thiện hiếm thấy. Trước đó, khi đặt bàn, nhà hàng còn nhắn Zalo riêng, hỏi kỹ về dị ứng thực phẩm, gửi menu để chọn trước. Nhờ vậy, khi tới nơi, món ăn được phục vụ ngay, không phải chờ đợi.

Set “Viên Trọn” gồm amuse, 2 starter, 1 main và 2 món tráng miệng:
 • Amuse cua bể – bí ngòi – chanh: thanh mát, mở vị.
 • Lưỡi bò – dưa chuột Đà Lạt – sốt ổi hồng: sáng tạo, lạ mà vẫn rất Việt.
 • Ngô – tôm sú – tép giòn: béo ngọt, giòn tan.
 • Main: chim câu sốt mắc mật hạt dẻ độc đáo, cơm rang Wagyu MB6 ST25 lá é thì tròn vị, dễ ăn.
 • Dessert: chè lam – gừng – mắc ca, cùng một phần tráng miệng tặng kèm rất tinh tế.

Xen kẽ từng món, mình chọn cocktail pairing, mỗi ly đều có câu chuyện và hương vị riêng, rất thú vị. Thêm vài ly Pinot Noir, vang đỏ nhẹ và thanh kết hợp khéo léo, làm hương vị món ăn thăng hoa hơn. Đây là điểm cộng lớn cho việc chọn rượu trong menu rất tinh tế và hợp gu.

Điều mình thích nhất: cách trình bày, mỗi đĩa đều tinh tế, phối màu hài hòa, vừa hiện đại vừa gợi nét Việt. Không chỉ ngon miệng mà còn thực sự đã mắt.

Giá set lunch: 990k++/người (chưa gồm đồ uống). Tổng hóa đơn hôm đó của mình hơn 4 triệu cho 2 người (bao gồm cocktail và vang). Với chất lượng món ăn, dịch vụ và trải nghiệm, mình thấy hoàn toàn xứng đáng.

Không ngạc nhiên khi Viên Dining được Michelin Selected 2025. Rõ ràng, chủ và bếp trưởng đã đặt rất nhiều tâm huyết và sáng tạo vào từng chi tiết.

Mình chắc chắn sẽ quay lại buổi tối để thử menu trọn vẹn hơn. Nếu muốn trải nghiệm fine dining mang hồn Việt, bữa trưa ở đây là một lựa chọn rất đáng thử.

#VienDining
#FineDiningHanoi
#MichelinSelected
#VietnameseCuisine
#DiningReview","103",,"1",,"91","11",,,"7"
"18","HCMC - nhà hàng đồ Tứ Xuyên bình dân, nhỏ nhưng nấu khá ngon. Các món khai vị như lưỡi vịt, lòng vịt phá lấu làm ngon, giòn đậm đà. Dưa chuột đập cũng rất ngon, nhưng cay nên ai ăn kém cay tốt nhất không ăn thử làm gì. Chân giò hầm ngon, canh nhiệt rất vừa không nát, da dẻo đúng độ, xốt ngon, thơm. Lẩu rất ưng ý, món mới là lẩu lòng bò, nước 2 vị vay và không cay, tuỳ ý khách, ăn kèm rau gồm bắp cải, hẹ, củ cải. Hoá ra bắp cải cứng đờ mà vào lẩu rất hợp. Lòng bò tươi. Trang trí kiểu nhà hàng Hongkong, nhạc Hoa ì xèo 
#sichuanfood
#saigon
#diningreview","42",,,,"36","6",,,"2"
"1","Villa Des Fleurs 📍 95 Quán Thánh . 
Nhà mình đi ăn tối, nên ngoài gọi 2 set menu ra thì có gọi thêm 3 món lẻ bên ngoài nữa vì đi 5 người lại có trẻ con
Tổng quan là ăn cũng tạm ổn, những gì k vừa ý mình cũng đã góp ý với nhà hàng để chỉnh lại. 
Set menu này hình như 750k++ k đắt k rẻ. Nhưng sau bữa nay có lẽ lần sau nếu quay lại mình sẽ gọi alacarte chứ k thích set cho lắm. Các món alc lại ok hơn đặc biệt khen món vịt ủ khô. Chef kĩ thuật làm món này rất okla ! Mọi ng có thể xem cái tủ ủ vịt ở ngay cầu thang đi lên tầng 2 

Món lẻ 8/10, set menu 6/10 
Service :9/10. Các em pvu rất niềm nở. 
Khôg gian : các bàn khác k biết có chụp ảnh món k, chứ bàn mình ngồi giữa phòng chụp ảnh món tối mù như bên dưới. T7 có nghệ sĩ đánh đàn piano cũng vui tai. Là 1 villa nhỏ ở QT, trước la hang trà cafe hay j đó mình ngồi lâu r k nhớ nhưng hôm ăn tối này là ở tầng 2 

Chi tiết món mình review ở từng ảnh cho mọi ng đọc nhé. 

#Diningreview
#VillaDesfleurs","31",,,,"27","4",,,"3"
"46","CUA LÔNG THƯỢNG HẢI. 

Lần này mình đặt đc bàn ở mỗi nhà hàng Cheng Long Hang 1 sao michelin từ 2019 đến nay thì phải. Cũng là 1 trong các nhà hàng nổi tiếng về cua lông ở Thượng Hải và còn có cả trang trại cua riêng. Tuy nhiên tháng 9 này chưa phải mùa cua nên ngon ở mức vừa, tháng 11 chính vụ chắc sẽ ngon hơn. Giá cả ở đây thấy mọi ng đánh giá là cao hơn mặt bằng chung. Mình ăn lần đầu ko bít hihi. Mà ở đây là phải gọi điện đặt chỗ ấy, ko đặt online được. 

À mấy món cua này ăn hơi bứ bứ thì mọi ng nhớ cho giấm vào là trôi tuột nhé. Cho đến mức mình thấy ổn là đc. Khác hẳn đó. Giấm ở đây chắc cũng đc ủ lâu năm vì mình thấy ngọt và thơm lắm. 

Món ngon nhất là cơm cua, nhì là mì cua, các món còn lại mọi ng gọi búa xua lên thử đi ạ! 😅

Nghe đồn lựa chọn số 1 của dân địa phương là XINGUANG JIU JIA cơ. Mọi người đi thì thử đặt nhà hàng này trước nhé. 

#diningreview
#thượnghải
#cualong
#chenglonghang #shanghai
#nhungpoza","113",,,,"102","11",,,"7"
"0","Nhà hàng Hàn Quốc Chảo Đá Ma Dang-kios 5B CT5 Trần Văn Lai , Khu đô thị Mỹ Đình Sông Đà. 

Hôm qua mình có dịp ghé Chảo Đá Ma Dang và có một trải nghiệm rất thú vị.
 • Không gian: Quán có rất nhiều khách Hàn Quốc nên không khí khá nhộn nhịp, mang đúng vibe như một quán nướng tại Hàn Quốc. Điểm cộng là quán có phòng riêng, rất phù hợp nếu bạn muốn không gian yên tĩnh và riêng tư hơn.
 • Điểm nhấn đặc biệt: Mình cực kỳ ấn tượng với chảo đá to để nướng – giữ nhiệt lâu, giúp thịt chín đều, thơm, và giữ trọn vị ngọt tự nhiên mà không bị cháy xém.
 • Món ăn:
 • Mình thường chọn thịt bò khi đến đây, và phải nói thịt bò luôn tươi, mềm, vị tự nhiên đậm đà.
 • Hôm qua mình thử đổi vị với thịt lợn. Thịt lợn ở đây không tẩm ướp, giữ nguyên vị tự nhiên, nên bạn có thể cảm nhận rõ độ tươi và chất lượng của thịt, kết hợp với nước chấm chuẩn Hàn để tăng hương vị.
 • Các món ăn kèm như kim chi, salad, và các loại rau cuốn đều chuẩn vị, cân bằng và hài hòa.
 • Phục vụ: Nhân viên nhanh nhẹn, lịch sự và nhiệt tình.
 • Giá cả: Mức giá hợp lý so với chất lượng nguyên liệu và trải nghiệm tổng thể.

Tổng kết: Đây là một địa điểm tuyệt vời cho những ai yêu thích ẩm thực Hàn Quốc chuẩn vị. Thịt bò ngon, thịt lợn tươi và đặc biệt là trải nghiệm nướng trên chảo đá lớn rất đáng thử. Không gian có phần nhộn nhịp, nhưng bạn vẫn có thể chọn phòng riêng nếu muốn sự yên tĩnh.
#diningreview #koreanfood","6",,,,"6",,,,"3"
"56","[HN] Canele mua random trên ig nhưng ngon! 
IG @softstudiovn

Ai theo đạo canele vỏ giòn trong mềm và có nhân kem sẽ thích hàng này. Rất vừa phải, rất ưng! Kem thơm chuẩn vị! Style này giống Tần Mần nhưng menu ở đây đa dạng nhân kem hơn và mình thấy chỉnh chu hơn Tần Mần một xút.
Ai theo đạo canele mềm thì vẫn nên trung thành với Lạc Êm Coffee (Thái Hà) hoặc Breadmilli Mỹ Đình.

Một vài nơi bán canele nên né (controversial) là: Mama Bakery (từ ngày làm với GGG chất lượng kém hẳn), Butterman, cafe raaw, briefly on earth cafe.","248",,"1",,"220","27",,,"51"
"42","🫣 3 WARE HOUSE | Shanghai - Thượng Hải

Một nhà hàng concept vũ trụ lạc lối blink blink #instagramable nhất #thượnghải thời gian gần đây, là địa điểm check in siêu hot nên chúng mình có ghé qua ăn thử. Xếp hàng mất 2 tiếng. Đến nơi rồi thì thấy cũng bình thường, đồ ăn thì dở ẹc. Thế nên bài review này của mình chỉ để cảnh báo các bạn là ko cần đến ăn đâu, còn mún check in thì cũng đc nhưng nó cũng chẳng sang chảnh hay gì đâu. Quá là bt lun. Ăn xong thất vọng tràn trề. 

#diningreview
#nhungpoza
 #3warehouse #shanghai","82",,,"13","67","1","1",,"4"
"57","⚠️ SHANGHAI TANG 

Sắp đến mùa cua lông nên chắc nhóm mình sẽ có nhiều người đi Thượng Hải đúng ko ạ? Vậy thì ngoài cua lông ra, mình CỰC KÌ CỰC KÌ recommend mọi người phải đến nhà hàng này ăn, và PHẢI ĂN MÓN CHIM QUAY Ở ĐÂY, ở chính nhà hàng này nhé mọi người ơi!!!!! 

Chim ở đây họ chế biến vô cùng đặc sắc, lớp da được làm giòn tan, mỏng dính, căng phồng, căng đến mức mất hết cả lỗ chân lông lun!!!! Xong họ ủ đẫm trong hỗn hợp bột tiêu đỏ trộn với hạt tê (sichuan peppers). Nó ám mùi vào thịt tạo thành một cái vị vô cùng đặc sắc. Xé miếng thịt ra thì nước thịt bên trong tứa ra đẫm lệ và ngọt ngào thơm phức. Thịt siêu mềm siêu juicy ngấm đẫm mùi vị cay tê bùng nổ trong khoang miệng, vừa ăn vừa suýt xoa ôi sao có thể ngon đến như thế này huhuhu suýt khóc vì sung sướng!!!! 😆

Tiếp ạ, món thứ 2 là món ốc tắm sốt sichuan. Ốc đc làm sạch kĩ càng, chắc phải đc thả vào nước lạnh sau khi bỏ vỏ nên giòn tan, thả vào sốt sichuan cùng vài miếng hạt óc chó. Nó cũng rất là hợp lý và lạ miệng. Must try nhưng chỉ đứng hạng 2!!! 

Mọi người có thể gọi thêm nhiều món ở đây xem sao. Họ nấu món Thượng Hải fusion thật sự là rất tinh tế và đặc sắc!!!! Ko thể bỏ qua nhé mọi người ơi!!!! 

Nhà hàng này nằm ở khu #Xintiandi - khu phố đi bộ có tổ hợp nhà hàng/bar và mua sắm shopping sang xịn của giới trẻ Thượng Hải. Nhà hàng Polux nằm trong khu này có món french toast cực đỉnh nhá!!!!! 

Cám ơn Phuong Krystine Nguyen đã giới thiệu nhà hàng Shanghai Tang nhá hihi iu quá!!!!

#diningreview
#thượnghải
#nhungpoza","158",,"1",,"142","15",,,"25"
"0","RICO Seafood & Grill
56 Trần Quốc Toản, Hà Nội

Nhiều bài review RICO Steakhouse rồi nhưng mình chưa thấy bài review RICO Seafood, thật là thiếu sót trong nhóm. Bữa ăn này mình ăn đc một vài tháng rồi nhưng nay lướt thấy menu vẫn vậy nên cứ post cho mọi người tham khảo. Nếu RICO Steak được giới ẩm thực khen ngợi thì RICO Seafood cũng nên đc vào top các nhà hàng hải sản xuất sắc 👍

Mình ăn bữa trưa, dù nhà hàng có set menu dành riêng buổi trưa rất hợp lý, nhưng hôm ấy mình muốn ăn lobster nên gọi món lẻ. Cảm nhận chung:

- Đồ ăn: Hải sản vote best: tươi, ngon, đẹp mắt. Nên gọi: Tôm hùm, hàu sống, vẹm, các loại ốc… tóm lại hải sản mình ko thấy chê điểm gì. Tuy nhiên 1 số loại sốt chấm lại ko vừa miệng mình lắm. Và cũng chỉ recommend hải sản thôi, chứ thịt bò ko ổn tí nào. Mình tưởng cùng hệ thống nên hí hửng gọi thêm 1 phần thăn bò wagyu nhưng rất tệ, thịt dai, khô, ko có vị bò. Các món ăn mình đính kèm ảnh. À còn 1 món đáng khen nữa là mì Ý. Mình thực sự khuyên các bạn khi vào 1 nhà hàng phong cách Địa Trung Hải thì ít nhất nên gọi 1 món mì (và trong các loại mì Ý thì nên nhất là Ravioli - mì Ý nhân nhồi, ăn nhẹ bụng, ngon, đẹp, chất). Hôm đấy mình ăn lobster ravioli, ko có điểm nào để chê cả.

- Không gian: đẹp và sang. Nhà hàng là 1 biệt thự Pháp cổ, có cơi nới thêm một chút phía gần vườn. Tuy biệt thự sân vườn nhưng ko hề có muỗi hay ẩm thấp. Chỗ đỗ xe ô tô thoải mái free. Cũng có nhiều loại bàn: quầy bar, view vườn, ban công, ngoài sân…

- Dịch vụ: Tương đối chu đáo: từ nhân viên chạy bàn đến chăm sóc KH. Tuy nhiên lưu ý rằng Facebook RICO Seafood tương tác khá kém, trả lời chậm, nên liên hệ qua zalo thì nhanh hơn. Hôm ấy mình đi ăn sinh nhật và nhà hàng cũng làm 1 chiếc bánh nhỏ + trang trí bàn đẹp và lịch sự. 

- Ưu đãi: Nhà hàng nằm trong list ưu đãi Đặc quyền ẩm thực của chủ thẻ visa nên cũng đc giảm giá khá nhiều nếu đặt bàn trước qua Aspire

#rico #seafood #finedining #hanoi","48",,"1",,"43","4",,,"9"
"8","Ishidaya Omakase 8A Hàng cháo – Trải nghiệm hôm qua

Không gian:
Quán có thiết kế chuẩn phong cách Nhật, quầy bar sạch sẽ và gọn gàng. Không gian ấm cúng, đủ riêng tư để thưởng thức omakase nhưng chưa mang lại cảm giác thật sự đặc biệt hay khác biệt so với nhiều nhà hàng Nhật khác.

Dịch vụ:
Nhân viên phục vụ thân thiện, lịch sự. Đầu bếp giới thiệu món ăn đầy đủ. Mọi thứ diễn ra đúng chuẩn nhưng hơi “an toàn” và thiếu điểm nhấn.

Thực đơn – Giao thoa mùa hè và mùa thu:
Hôm qua thực đơn được giới thiệu là sự kết hợp giữa mùa hè và mùa thu. Ý tưởng này khá hay nhưng phần thể hiện chưa thực sự nổi bật:
 • Khai vị & sashimi: Cá tươi, trình bày đẹp mắt nhưng hương vị chỉ ở mức ổn, chưa có sự sáng tạo hay đặc trưng riêng.
 • Món chín: Lươn nướng, súp và các món phụ khác đều nêm nếm vừa miệng nhưng thiếu sự đột phá.
 • Nigiri sushi: Cơm và cá cân bằng nhưng không có loại nào khiến thực khách thật sự ấn tượng.
 • Tráng miệng: Nhẹ nhàng, kết thúc bữa ăn ở mức ổn, không tạo cảm giác nhớ lâu.

Cảm nhận tổng thể:
Bữa tối hôm qua khá bình thường, từ không gian, dịch vụ cho đến món ăn đều ở mức tròn vai nhưng không có sự khác biệt. Với mức giá omakase, kỳ vọng sẽ có ít nhất một vài món làm khách “wow”, nhưng mọi thứ khá an toàn, không đọng lại ấn tượng đặc biệt.

Đánh giá:
⭐️⭐️⭐️☆☆ (3/5)
Phù hợp nếu muốn một bữa ăn Nhật Bản chỉn chu và yên tĩnh, nhưng nếu tìm kiếm sự sáng tạo hay trải nghiệm mới lạ thì đây chưa phải lựa chọn đáng nhớ.
#diningreview #omakase","32",,,,"30","2",,,"1"
"5","Review Chapter dining and grill - 12 Chân Cầm, hà nội

Trải nghiệm về dịch vụ thì Ok, nhưng đồ ăn mình chưa ưng lắm. Giá set ở trên tờ menu.

Comment từng món để từng ảnh ạ

1 số comment khác: 
- lúc giới thiệu món có mấy tờ giới thiệu artwork xinh phết, có con cà cuống trông giống con gián 🤣🤣
- nhân viên giới thiệu món nhiệt tình, tiếng anh tốt. 
- Khách xung quanh đa phần khách Hàn, hôm mình đi full bàn luôn, rất đông 
- Chef chăm chỉ đi vòng quanh nói chuyện hỏi han khách 

Vẫn đề xuất nên đi ăn thử cho biết ạ 😂

#diningreview 
#hanoi","75",,,,"68","7",,,"3"
"9","📍 Sheraton Hanoi West Hotel – 36 Lê Đức Thọ, Hà Nội

Hôm trước, mình tham gia một workshop làm bánh Trung thu tại nhà hàng The Market khách sạn Sheraton. Đây là lần đầu tiên mình tự tay làm bánh, từ cân đo bột, nắn nhân cho đến đóng khuôn. Bất ngờ là hai dì cháu lại làm được tận 9 chiếc bánh dẻo mang về chia cho cả nhà. Khi ăn, bột gạo dẻo thơm (lấy từ làng Xuân Đỉnh), chỉ hơi ngọt một chút thôi.

Ngoài phần bánh tự làm, khách sạn còn tặng thêm mỗi người một chiếc bánh nướng, mình chọn vị Ô long than tre trứng muối. Workshop kèm luôn trà chiều với bánh ngọt, trà, cà phê nên vừa học vừa thưởng thức, khá vui. Buổi kéo dài khoảng 2 tiếng, sau đó mình tranh thủ thử bể bơi, jacuzzi, sauna và phòng tập ở tầng 4 khu spa có hương thơm dễ chịu, rất thư giãn.

Điều mình ấn tượng nhất là các chị bếp trưởng bánh hướng dẫn rất nhiệt tình, nhân viên chu đáo và linh hoạt trong sắp xếp, thậm chí còn giúp chụp, quay lại nhiều ảnh đẹp cho khách. Chỉ có một điều là vị trí khách sạn hơi xa, nhưng so với trải nghiệm nhận được thì mình thấy rất xứng đáng để đi.

Giá cho 2 người là 590k, nếu là hội viên Marriott thì giảm 30%, còn khoảng 413k. Với mức giá này, mình thấy hợp lý cho một buổi chiều vừa học vừa chơi. Cháu mình còn bảo: “Thích nhất là phần tự tay làm bánh”.

Mình nghe nói khách sạn sẽ tổ chức thêm một buổi nữa vào ngày 5/10 (trước Trung thu một ngày). Nếu ai muốn thử cảm giác tự làm bánh thì có thể hẹn dịp này nhé.

#diningreview #trungthu2025 #workshophanoi #sheratonhanoi","59",,"2",,"48","8",,"1","7"
"2","Mì gà cá Hà Ký 
#saigon #dinningreview

Overrall ngon từ cọng mi, nước lèo tới gà/cá. Cọng mì giòn sựt sựt, trụng chuẩn, nước lèo ngọt sâu, gà xé chắc thịt. Sáng có bán bánh pateso rắc ngon. 

Có quẩy giòn ăn cũng dính lắm. 

Bán từ sáng tới tối k ngừng nghỉ đếm ngân lượng.","25",,,"1","24",,,,"1"
"3","Nhà hàng The Gate Wine-Dining tại số 17 Thảo Điền, Quận 2, thật sự là một địa điểm lý tưởng cho những buổi tiếp đối tác. Với phong cách Ý và Âu fusion, thực đơn của nhà hàng mang đến nhiều món ăn hấp dẫn và hợp khẩu vị. 

Một số món nổi bật mà bạn nên thử gồm:

- **Mực nướng với rau củ hầm kiểu Ý**: Hương vị đậm đà và cách chế biến tinh tế.
- **Mỳ Ý nấm Porcini**: Sự kết hợp tuyệt vời giữa mỳ tươi và nấm thơm ngon.
- **Apple Pie và kem vanilla**: Món tráng miệng ngọt ngào, hoàn hảo để kết thúc bữa ăn.

Không gian nhà hàng cũng rất thoải mái, tạo cảm giác thư giãn cho các buổi gặp gỡ. Nếu có dịp, bạn nên ghé thăm để trải nghiệm!
#diningreview
#hcm","28",,"1",,"25","2",,,"3"
"0","Nhà hàng Me&An Vegetarian - 61 phố Hàm Long Hà nội.

☘️Một quán ăn chay mình đánh giá rất vừa vặn: từ thiết kế, set up, phòng ốc, decor và món ăn. Đi ăn cùng gia đình có không gian riêng, tiếp khách cũng phù hợp hay cặp đôi ngồi bên cửa sổ cũng đẹp. 

Biển hiệu ở ngoài cửa nhìn đơn giản, nhưng vào phía trong nhà hàng mọi thứ khá chỉn chu và decor vừa mắt. 
Ở đây chắc món signature là lẩu chăng, vì thấy bàn nào cũng có sẵn bếp âm fix trên bàn. Ăn lẩu thì thấy ok la thật ☺️ 
Mình đã gọi vài món Âu, gần như đều rất ưng: Lasagna ngon ngậy và thơm y chang loại nhân bò. Bánh mỳ nướng hơi kiểu tapas. Món nấm om ko có gì đặc biệt. Nem chiên vừa miệng.
Món lẩu mình thích, vị thanh ngọt, rau nấm tươi nồi lẩu cũng rất đẹp.

♥️ Điểm + của nhà hàng: bát đĩa khá đồng tone, mầu xanh lá già; nồi lẩu đẹp.
Muối tiêu họ làm cũng rất kỳ công và ngon, muối & gia vị được rang lên nên ăn chất lượng. 
Nhân viên nhiệt tình, tư vấn cũng khá kỹ. 

🖤Điểm - bữa ăn đó: bạn fun runner khi bê khay để 1 bạn phục vụ set up thì có smell. Điều tối kỵ trong ngành dịch vụ. 

Còn lại mọi thứ mình hài lòng. 

Tổng bill 1,2tr: 4 món, 1 lẩu & 3 đồ uống.
Sẽ quay lại nơi này 👍

#Dinning
#vegetarianfood","36",,,,"33","3",,,"6"
"0","Bữa trưa ở Nhà Hàng Chay Cela- Tphcm.

Cùng hệ thống với Tales. Nếu Tales thuộc phân khúc Fine Ding thì Cela thuộc phân khúc Casual  với giá mềm hơn dễ tiếp cận với đa số người hơn. Nhưng cả 2 đều hướng đến ẩm thực thuần thực vật và khai thác trọn vẹn các thành phần của rau củ. Nhà hàng có nông trại riêng ở Đà lạt nên hầu hết các thành phần rau củ ở đây đều lấy trực tiếp từ nông trại đến thẳng bàn ăn của khách hàng.

🏡Không gian rộng rãi thoáng thiết kế kiểu trẻ trung hiện đại,năng động.

Hôm nay mình ăn set lunch với mức giá 725k++ cho 2 khách. 

🌻Mở đầu với rau Salad với sốt cam vs chanh dây  thanh mát cùng ricotta cheese béo nhẹ nhưng không ngán.

🌻Kế đến là món đậu hủ non với lòng trắng trứng với nước súp thảo mộc được ninh với các loại nấm ngọt thanh.

🌻Có lẽ món ngon nhất trong set lunch là món sushi Taco thay vì sử dụng bột bánh Taco truyền thống thì Bếp dùng rong biển chiên giòn theo kiểu Tempura với các loại nắm nướng nắm chiên Karaage với sốt Mayo+ wasabi cay nhẹ Sự kết hợp này mang lại cảm giác kích thích vị giác.

🌻Cũng độc đáo không kém là món bánh mỳ Poee của Ấn Độ ăn với đậu hủ non nghiền với chao và các loại nắm xào xốt XO. Bánh mỳ Poee của quán làm rất ngon. Texture mềm xốp có chút khác biệt với bánh mỳ Sourdough và không có vị chua nhẹ như bánh mỳ Sourdough. Khi ăn phết 1 lớp đậu hủ non với chao lên bánh Poee thì đúng là tuyệt.

🌻Món nắm nướng với sốt Satay cũng ngon

🌻Món mỳ Ramen xào rau củ ở đây mình thích lắm. Mỳ Ramen hơi sượn theo kiểu Al Dante  nghe mùi chảo cháy ăn rất cuốn hút.

🍨Kết thúc là món bánh Mochi với kem chuối mát lạnh. Tuy nhiên Texture của bánh Mochi của quán mình thấy chưa chuẩn như bánh Mochi của Nhật. Thấy texture giống bánh Trôi nước hơn.

Phục vụ: Nhiệt tình vui vẻ giải thích kỹ thành phần món ăn cho khách.

🌸Tóm lại đây là 1 nhà hàng chay rất đáng trải nghiệm từ không gian đến các món ăn với nguyên liệu organic sạch tươi và cách chế biến ngon cũng như cung cách phục vụ tận tình.

⭐Những điểm mình chưa ưng ở Nhà Hàng.

- Nhà hàng nên thay hoa thật thay vì dùng hoa giả trên bàn ăn để tạo cảm giác gần gũi với thiên nhiên hơn.
- Nhà hàng dùng thìa kim loại to ăn với chén súp đậu hủ non ninh với thảo mộc mình thấy không hợp. Nên dùng thìa sứ cho súp sẽ trang nhã và hợp hơn.
🏠
Địa chỉ: Nhà Hàng Cela và Tales
10 Ng Thành Ý. Đa Kao. Q1. Tphcm

#tphcm
#amthucchay
#diningreview","23",,,,"21","2",,,"6"
"7","Amano Pizza (HCMC) - Lô cồ pizza & pasta with a little twist. Quán này cần được biết đến nhiều hơn!
Disclaimer: Không phải authentic Italian
1. Ấn tượng: phối hợp tưởng không hợp mà lại hợp không tưởng
- Pizza canh chua hải sản: bùng nổ vị giác, chua cay ngọt như canh chua 🤷🏻‍♀️ món này làm mình bất ngờ vì vị không bị kỳ quặc như mấy món pizza cải biên (đa số để làm PR) kiểu chả cá của 4P’s
- Salad hoa quả với cách chế biến nướng hoa quả làm rút nước và tạo mùi khói, sauce có mật ong, sữa chua và mù tạt (thì phải?) rất thú vị
- Pizza 3Ps: chính là prosciutto e rucola pizza với twist ở nguyên liệu bí mật lê ngào đường 🤷🏻‍♀️ mấy anh Ý mà biết có bị shock như pizza dứa không chứ em thấy hợp nha
2. Điểm yếu:
- Không gian nhỏ và hơi ám mùi, với mình thì không sao ấm cúng lô cồ nhưng ai lên đồ đẹp đi dating thì nên cân nhắc 
- Meatball trong mỳ hơi khô mất cảm giác juicy, vị thì rất ổn nha, có thể đó là cách xử lý riêng của tiệm 🤷🏻‍♀️ 
Sẽ quay lại để thử pizza vịt
Địa chỉ: 39/1 Nguyễn Trãi, Phường Bến Thành, Quận 1, Hồ Chí Minh
#diningreview","60",,,,"58","1",,"1","4"
"5","📍 Nhà hàng Nhân Duyên – Chân giò Hàn Quốc
Số 103 TT3 Hoàng Trọng Mậu – KĐT Mỹ Đình, Hà Nội

Hà Nội chiều mưa, chẳng gì ấm lòng hơn một nồi canh kim chi nóng hổi và đĩa chân giò cuốn rau đúng vị Hàn.

Mình ăn ở Nhân Duyên nhiều năm rồi, thử qua nhiều quán khác nhưng vẫn có thể khẳng định đây là quán chân giò Hàn đáng ăn nhất ở Hà Nội. Quán nằm ngay khu Mỹ Đình gần The Manor, khách quen đa phần là người Hàn nên hương vị rất chuẩn.

🥩 Chân giò cắt lát dày, phần da giòn sần sật, thịt mềm ngọt, ăn cuốn cùng rau xanh và chấm sốt ssamjang thì đúng chuẩn vị Hàn, không hề ngấy.
🍲 Canh kim chi nóng hổi, cay chua vừa phải, có thịt ba chỉ và đậu phụ mềm béo.
🍜 Canh bò ninh kỹ, nước trong ngọt thanh, ăn cùng mì sợi rất hợp.

🥗 Panchan: linh hồn bữa ăn Hàn: khoai lang tẩm mật ong, trứng cút kho xì dầu, cá cơm rang, kim chi cải thảo/củ cải/giá đỗ, hành tây chua ngọt, salad trứng. Tất cả đều vừa miệng, đổi món theo ngày nên lần nào đến cũng có cảm giác mới.

✨ Nhân viên phục vụ nhanh, nhiệt tình, có phòng riêng cho nhóm nên khá thoải mái. Nếu đi 2–3 người thì chỉ cần gọi 0,5kg chân giò là đủ no, hôm mình đi 6 người thì gọi 1kg kèm thêm canh bò và kim chi, tổng hóa đơn gần 1 triệu, mà ai cũng ăn no căng.

Tóm lại, Nhân Duyên là lựa chọn an toàn và đáng thử nếu bạn muốn ăn chân giò Hàn chuẩn vị, nhiều rau, giá hợp lý. Thực đơn đa dạng, phục vụ nhanh, khách quen chủ yếu là người Hàn, tất cả những điều đó đủ để mình tin tưởng và quay lại nhiều lần.

#diningreview #nhahanghanquoc  #reviewnhahang","22",,"1",,"20","1",,,"4"
"3","🥂 Samwon Garden – Korean BBQ tinh tế, từng được mệnh danh là đắt nhất Hà Nội
Địa chỉ: Tầng 4, Somerset West Point, số 2 Tây Hồ, phường Quảng An, quận Tây Hồ, Hà Nội. 

Phân khúc giá: khoảng 180.000 VND – 1.800.000 VND/người tùy món + set menu tại đây. 

Em gọi phần sườn bò tẩm ướp truyền thống Samwon giá 800k, được giảm 20% còn 620k — sườn mềm, thơm, rất ngon. Nạc mỡ đan xen nhưng em ăn một mình hơi ngấy nên không hết.
Panchan đi kèm đa dạng, nhiều món để giải ngấy rất hợp.
Tiếp là canh sườn bò cay: nhìn đỏ rực nhưng vị cay nhẹ, có nấm kim châm, nấm hải sản, miến, phần bò hầm mềm, phần nạc – gân – mỡ rất vừa miệng; có phần cơm nhỏ đi cùng.
Nhân viên hỗ trợ tận tình: nướng thịt, cắt chia phần, lọc thịt – mọi thứ đều được chăm chu đáo, nhẹ nhàng. Thỉnh thoảng có anh chị qua hỏi khẩu vị, cần thêm gì anh chị sẽ phục vụ.
Trà miễn phí được châm thường xuyên.
Không gian sang trọng, view hồ bơi của khách sạn, thích hợp cho buổi tối thư giãn.
Em đi 1 mình, tổng bill hơn 1 triệu nhưng suất này phải 2 người ăn. Chia ra thì quá phù hợp vs tụ tập bạn bè.
Mọi người tham khảo nhé ạ.
#diningreview #samwongarden #hanoi","30",,"2",,"25","3",,,"5"
"15","|Nephele| 
1. Món ấn tượng: 
- Bồ câu 10/10 điểm, juicy, 1 chút crunchy, thơm hương mận, làm mình nhớ cảnh ngồi vỉa hè Tạ Hiện gặm chim gọi với hàng rong cho 20k mận xóc muối.
-  Mật ong cà phê - nhãn (ở vườn nhà chef) thơm cực kỳ thơm, ngọt dịu, rất quện với truffle butter, lại khiến mình nhớ kaya toast signature breakfast của Sing 🤷🏻‍♀️
- Tôm hùm chanh vàng, foam chanh vàng thanh mát sảng khoái dày vị ấn tượng 
- Quýt cúc vạn thọ, vâng món này em phải hỏi mấy không phải ăn chậu cây cảnh đúng không 🤷🏻‍♀️
- Gạo Caviar thêm chút nước mắm, món này nghe hơi dị mà vị ấn tượng, tưởng không hợp mà hợp không tưởng
- Cá thu đao xử lý khử tanh ấn tượng 
- Ấn tượng nhất: tất cả các loại sauce trong các món, đều rất hài hoà, không lấn át hương vị nguyên liệu mà vị dày dặn, đặc biệt hậu vị của sauce đều rất “pleasant”, chef cân nhắc thêm mảng bán sauce nhé 
2. Món đi lạc:
- Cừu hàu: món này (với cá nhân mình) như chú cừu Tây đi lạc giữa vườn cây trái quê nhà. Bản thân món ăn không có vấn đề gì, sauce rất thơm, mùi cừu hơi nồng chút, nhưng đưa vào menu khiến đường dây vị giác di chuyển hơi lượn sóng. 
- Coffee mousse (với cá nhân mình) mong vị cà phê êm dịu hơn và có thể kết hợp thêm 1 xíu chua của mơ chẳng hạn 🤷🏻‍♀️ 

Tổng thể ấn tượng dễ chịu, plating xinh xắn, sẽ quay lại vì được chef tặng hẳn 2 chiếc canele!
#diningreview","107",,,,"97","10",,,"7"
"16","2 quán omakasé yêu thích của mình ở Hà Nội 
Ishidaya - the 3rd Generation Hàng Cháo và Azabu - Hotel du parc

Nếu như ở Azabu( với nhà hàng đầu tiên mở ở Newyork được nhận sao michelin), nguyên liệu cao là ưu tiên hàng đầu với 100% là cá Nhật, uni, hải sản thửa riêng, chế biến tươi hoặc rất đơn giản để giữ trọn vẹn hương vị nguyên bản của nguyên liệu theo mùa. Thì ở Ishidaya, các kỹ thuật cũng như nguyên liệu sử dụng mở rộng hơn, đa dạng hơn, có những miếng rau củ hay tôm tempura với lớp bột mỏng tang, giòn tanh tách, hương vị cũng phong phú và đa dạng trải nghiệm với cách sắp xếp deco từng course đều khác biệt. Mỗi chef 1 vẻ, 1 phong cách riêng nhưng đều cho ra những trải nghiệm ẩm thực trọn vẹn.

Phong cách thiết kế của 2 nhà hàng cũng rất phù hợp với style đồ ăn của các chef. Azabu, quầy bar gần như tối giản( nếu không muốn nói là hơi buồn), nhưng bởi vậy nên tất cả điểm nhìn của thực khách sẽ tập trung vào những lát cắt cá đều tăm tắp, tươi roi rói hay nhưng chiếc cuộn cơm bụng cá ngừ to bự, hấp dẫn. Ishidaya thì ngược lại, kỹ lưỡng, kiểu cách hơn với từng chiếc bát khảm khắc vẽ hoạ tiết chất liệu cầu kỳ, hay khu trần ốp gỗ được đặt riêng từ Nhật, bác Ishida nói chuyện cũng nhiều hơn chút và dễ nghe hơn với mình.

Cả Azabu và Ishidaya đều là 2 trong số các quán Nhật mà 2 vợ chồng mình rất yêu mến và cân nhắc mỗi khi định đi trốn con đi date ^^

#Hanoidining #omakase #japanesecuisine","103",,,,"86","17",,,"7"
"6","[Locavore]
📍 Ubud, Bali, Indonesia 

* No.42 Asia's 50 Best Restaurants 2019
* The Best Restaurant in Indonesia 2019

Locavore đã chuyển về địa điểm mới, xa trung tâm hơn và rộng rãi, đẹp hơn nhiều lần so với hồi trong phố. Đẹp như resort 5-6 sao với kiến trúc  độc đáo (Đoạt giải Best design của Tatler Indonesia). 

Locavore thì trung thành với những tiêu chí: 100% nguyên liệu local, không đồ nhập khẩu, không sử dụng các sản phẩm có nguồn gốc từ bơ sữa, sử dụng năng lượng sạch, thân thiện với môi trường. 

Menu: các món ăn đều xuyên suốt theo theme local, sử dụng các loại gia vị bản địa, hơi nhiều các loại spices đậm vị (quế, hồi…). Đồ ăn ok nhưng thực sự là mình chưa thấy wow lắm, trình bày đẹp, nhà hàng giàu, có hầm nuôi đến gần 100 loại nấm, có thư viện điện tử với wikipedia về tất cả các loại nguyên vật liệu, tự trồng đến gần 500 loại rau củ quả trên gác mái. 

Đồ uống, thì lại gọi là suất sắc! 100/10. Cứ tưởng tượng món ăn mình cảm thấy thiêu thiếu gì đó, chưa ổn ở đâu đó thì chỉ cần một ngụm đồ uống pairing vào thì nó hoàn thiện luôn! Mình chọn set đồ không cồn, gồm các loại kombucha, trà, nước ép…đỉnh không thể tả nổi. 
Đối với mình, vì mình nghiện đồ bơ sữa nên với tiêu chí no-dairy của nhà hàng là một cái mình tính là điểm trừ, họ sáng tạo một số món ăn “giả” bơ sữa khiến mình lúc nào cũng chỉ ước: ước gì nó là đồ thật thì tuyệt vời biết bao 😆😆😆 

Bill bữa này: bill bữa này hết tổng 3.200k Rupiah, khoảng 5tr2 tiền Việt. Cũng rất đáng để trải nghiệm khi đến Ubud.

#diningreview #bali #locavore  #ubud","63",,,,"52","11",,,"6"
"2","Tàu ngầm ở hội cũng một thời gian, hôm nay mạnh dạn chia sẻ chút cẩm nang kết hợp rượu vang với món Việt (vì đồ Âu chắc mọi người đã quá quen rồi). Cả nhà góp ý thêm nhé! Gạch đá xin nhận 🥂

- Gewurztraminer
Hương hoa hồng, vải thiều cùng vị ngọt nhẹ hợp với các món xào sả ớt hoặc xào sa tế cay.

- Sauvignon Blanc
Hương chanh, táo (Pháp) hay đào, chanh leo (New Zealand) tươi mát, giúp tôn lên các món nộm và gỏi cũng như hải sản chế biến đơn giản.

- Chardonnay (có thể là Champagne)
Notes bơ, men bánh mỳ và vanilla tôn lên độ ngậy của xốt bơ tỏi, các món chiên giòn, nướng phô mai.

Ảnh minh hoạ:
Sauvignon Blanc của Pháp với Tôm rim mắm và Bordeaux Red Blend cùng Bò kho từ Khẩn Thức Restaurant","47",,,,"40","7",,,"1"
"24","Tình cờ được giới thiệu City High trong Đà Nẵng. Sau khi nghiên cứu, xem hình ảnh trên mạng thì mình quyết định qua. Và kết quả là hoàn toàn thoả mãn.

Nhà hàng Pháp/Âu, nhỏ, ấm cúng. Nằm trong ngõ nhỏ phố Ngô Gia Tự, đúng kiểu hidden gem. 

Món ăn kiểu khá truyền thống, theo ý kiến mình, nhưng rất chỉn chu. Từ cách nấu, trình bày và phục vụ. 

Các món bánh mì khai vị rất ngon. Nhất là cái brioche mềm, xốp, ẩm.

Trứng xốt hollandaise, một dạng egg benedict nhưng có khoai tây, dùng chorizo hoặc iberico rất ngon.

Sồ điệp xốt romesco cuốn hút, ngọt và tươi. Beef tartare rất chuẩn.

Hàu mình không thích, vì thiếu độ lạnh do xếp trên khay không có đá.

Foie gras độ chín chuẩn, creamy béo ngậy. Các món chính ăn đều ưng mồm.

Điểm trừ là menu không có món rau, không có salad. Dẫn các bạn gái và dẫn vợ con đi đều bị mắng do chưa làm chị em thoả mãn, không có rau. Menu rượu cũng hơi ít lựa chọn, nhưng mấy chai uống khá ổn.

Khi mà ở biển, no và chán hải sản, thì nơi này là một lựa chọn không tồi tí nào. Highly recommended.

#diningreview #cityhigh #danang","157",,"4",,"135","18",,,"22"
"13","[HN] Thử menu mới của Masu Lý Thường Kiệt

Lâu lắm mới quay lại Masu, thấy quán khá vắng. Trưa chủ nhật 12h mà có mỗi nhà mình ăn.
Menu mới nhiều wagyu, uni, truffle và mặt bằng giá cao hơn menu cũ. 
Nhìn chung bữa ăn ngon, fresh, tròn vị, không quá trầm trồ cũng không có gì quá đáng chê. Tuy nhiên giá hơi khó tiếp cận (bill 1.5tr/ng ăn vừa no và hết sạch món không bỏ thừa gì, đắt nhất unagi roll gần 1tr và khay beef tartare tầm 900k). 
Ảnh chụp thiếu mấy món chiên và mỳ soba. Mỳ soba có cái trứng tempura nếu chiên được mà vẫn onsen thì đỉnh. 
Có cái chê là gelato của Brio không ngon lắm. 150k/ hộp 85g, hộp giấy đơn sơ (hơi xấu), kem matcha không đậm vị và ngọt quá, kem mơ đào thì là sorbet mà 150k thì cắt cổ quá khum (kem giá này bán trên đỉnh Fansipan có khi vẫn bị chê đắt ý).

Giữa vô vàn quán Nhật mới mọc lên liên tục, mong Masu vẫn thở đều để thi thoảng có người bao thì mình tới ạ! Vì đối với mình Masu là kiểu nhà hàng dành cho gia đình hơn là bạn bè hoặc đi date. Với tầm giá này khó quay lại liên tục, mình sẽ muốn spend để trải nghiệm gì đó mới lạ hơn. 

#diningreview #diningreview_hn #masu #masuhanoi","104",,,,"96","8",,,"11"
"20","Nhà mình vừa đi ăn bữa tối 4 hands dinner kết hợp giữa chef Chi Joon Hyuk của nhà hàng #Onvit – và chef Yew Eng Tong của nhà hàng Alma ở Singapore.

Hôm nay tất cả các món với mình là đều ngon, nhưng món ngôi sao là Fish cold curry của chef Tong haha sorry chef Joon. Món này chef nên học theo Gaggan cho liếm đĩa luôn cho đỡ phí sauce ạ :-))). 

Cháo bào ngư với lớp sốt đậm vị béo mịn, umami ngon quá là ngon. 

Bò Hanwoo xách tay từ bển về (mình đoán thế vì cấm xuất khẩu mờ) nấu sous vide 55 độ hoàn hảo với medium rare cho ra miếng thịt rất là juicy mềm mọng ngọt nước, lại ko quá béo nên ko ngấy như wagyu. 

Tráng miệng ko bị ngọt và mình đã ăn hết sạch, kể cả petit four. Bt mình toàn bỏ lại. 

Giá 3.100++/ng đã bao gồm 5 ly rượu pair rất hợp với món ăn đến từ nhà #CelliersDasie.

#diningreview
#hanoi
#nhungpoza","145",,,,"124","21",,,"4"
"21","24H Trải nghiệm Thẻ Hội Viên tại Park Hyatt Saigon 

Hello mọi người, đợt rồi mình có đăng ký hội viên chương trình Dine at the Park và được tặng kèm 1 Đêm ở tại khách sạn. Ngoài ra còn được tặng : 
- 1 buổi trà chiều ( dùng tại nhà hàng Opera ) 
- 1 buổi massage 60p tại Xuân Spa 
- 1 bữa ăn tối tặng kèm rượu vang 
- 1 bánh sinh nhật 
Và điều mình thích nhất là mình được thiết kế lịch trịch riêng để trải nghiệm tất cả cùng trong 1 ngày. À chỉ đi được 2 người thôi nha.
 
Trước khi checkin thì mình có đi uống trà chiều. Set trà chiều tại Park Hyatt thì quá nổi tiếng rồi. Hầu như loại bánh nào mình cũng thích. Đặc biệt là Scone 🥰 bây giờ viết review mà mình vẫn thèm. 

Sau đó mình sẽ đi bơi và ghé buổi massage tại Xuân Spa. Ở đây mọi người sẽ được chọn tinh dầu theo sở thích. Mình chọn mùa Quế khá là thơm. Đi 2 người nên được vào phòng couple. 2 chị kỹ thuật viên rất nhẹ nhàng và hỏi rất kỹ trước khi massage. Sau khi làm spa còn tặng ấm trà nóng

Với buổi tối thì có 2 set menu là Việt và Pháp
Set Menu mình trải nghiệm là Pháp. 
Bao gồm 2 món khai vị : Súp Hành Tây và Salad Caesar ( mìnb quên chụp ) 
1 món chính : Bò Wellington , khoai tây nghiền
và 1 tráng miệng. 
Và chai rượu vang được tặng kèm 
Súp hành tây phải nói là ngon, dễ ăn. Còn món mình ấn tượng nhất là Bò mềm, vỏ bên ngoài khá giòn. Ăn kèm với khoai tây nghiền siêu dính. 
Hàu và Beef tartare là mình gọi a la carte không có trong set menu. Hàu Ngon Béo Ngậy tuyệt đối. Mình khuyến khích thử Hàu nha.

Chiếc bánh sinh nhật mình chọn là Elderflower Strawbery. Trời ơi cái bánh nó ngon điên 🥺 Ko quá ngọt nên dễ ăn lắm. Mà bánh này siêu to nha. Mình ăn không hết nên có nhờ đóng hộp mang về. 

Thực ra có kèm ăn sáng nữa nhưng do chai vang được tặng làm mình say quá nên ko dậy kịp để ăn 😂 

Thế là chốt lại 24h của mình được trải nghiệm từ a - z tại Park Hyatt. Thực ra quyền lợi lớn nhất là mình được Tích 25% khi chi tiêu tại tất cả outlet tại Park Hyatt và đổi qua phiếu tiền mặt để được giảm giá khi dùng các dịch vụ tại khách sạn. 

Chốt lại mình thấy rất là hời so với mức giá. Nên đi cùng người ấy nhe hẹ hẹ.

Bạn nào có nhu cầu liên hệ chương trình Dine at The Park thì mình sẽ để thông tin liên lạc dưới cmt nhé. 
Cảm ơn các bạn đã đọc ❤️

#diningreview
#DineatThePark
#parkhyattsaigon","87",,,,"76","11",,,"10"
"3","Som in Thai – Ẩm thực Thái chuẩn vị. Tầng 3- Lottle mall Tây Hồ

Hôm nay là lần thứ 3 mình ghé Som in Thai – một nhà hàng chuyên ẩm thực Thái. Lần nào đến cũng khá hài lòng về hương vị món ăn.
 • Không gian: Nhà hàng hơi nhỏ, phù hợp đi nhóm nhỏ hoặc gia đình từ 2–4 người.
 • Lưu ý: Quán luôn đông khách, đặc biệt vào cuối tuần. Nếu không đặt bàn trước rất dễ phải đợi lâu.
 • Hương vị: Món ăn đậm chất Thái, gia vị hài hòa. Tuy nhiên, vẫn có một số món cần cải thiện để đạt độ hoàn hảo hơn.

Các món đã thử

1. Rau muống xào tỏi
 • Rau giòn, xanh, vị tươi mát.
 • Thơm mùi áp chảo, gia vị vừa miệng, đậm chất Thái nhưng dễ ăn.
→ Đánh giá: Xuất sắc, nhất định nên gọi.

2. Thịt heo xiên nướng ăn kèm xôi
 • Thịt heo: Ngọt, mềm, thơm, đậm đà, nướng vừa tới nên rất dậy mùi.
 • Xôi: Hôm nay chưa đạt chuẩn như mọi lần, hạt gạo hơi cứng, chưa thật dẻo.
→ Đánh giá: Thịt heo rất ngon, xôi cần cải thiện.

3. Cá chẽm chiên sốt tiêu đen
 • Cá chiên giòn bên ngoài, thịt bên trong mềm ngọt, không bị khô.
 • Sốt tiêu đen: Cân bằng, không quá mặn. Hành tây ngọt vừa chín tới, kết hợp cùng tiêu tươi đúng chuẩn Thái.
→ Đánh giá: Đậm đà, hài hòa, rất đáng thử.

4. Rau cải xào thịt heo chiên giòn
 • Rau hôm nay hơi già, xào chưa tới nên có cảm giác hơi sống, chưa dậy mùi áp chảo.
 • Điểm cộng: Thịt heo chiên giòn ngon, ngọt, đậm vị, giúp món không bị nhạt nhòa.
→ Đánh giá: Rau chưa đạt, thịt heo rất ngon.

Trải nghiệm tổng thể
 • Không gian:
 • Thiết kế hiện đại, ấm cúng.
 • Hơi nhỏ, phù hợp đi nhóm 2–4 người.
 • Cuối tuần thường đông khách, nên đặt bàn trước để tránh phải đợi lâu.
 • Phục vụ:
 • Nhân viên nhanh nhẹn, nhiệt tình, chuyên nghiệp.

Kết luận

Som in Thai là lựa chọn tuyệt vời cho những ai yêu thích ẩm thực Thái chuẩn vị.
 • Món ấn tượng nhất: Rau muống xào tỏi , cá chẽm chiên sốt tiêu đen và thịt heo xiên nướng. 
 • Món cần cải thiện: Xôi và rau cải.

Đây là nơi mình sẵn sàng quay lại, đặc biệt nếu muốn thưởng thức bữa ăn Thái chất lượng trong không gian ấm cúng.
Lời khuyên: Nếu đi cuối tuần, nhớ đặt bàn trước để không mất thời gian chờ đợi.
#dinningreview
#Sominthai","3",,,,"3",,,,"1"
"8","Nhà Hàng Chay Vị Lai - 177 Bùi Thị Xuân, Hà Nội

Cảm giác đầu tiên khi vào nhà hàng Chay Vị Lai lại như đi vào một nhà hàng mang âm hưởng Bắc Âu gợi cảm giác khám phá pha chút huyền bí.
 
☘️Nhà hàng với diện tích khá rộng, 2 tầng, nhưng set up từng khu vực riêng rất vừa vặn và xinh xắn, mang lại cảm giác không bị loãng, nếu có vắng khách, mọi người tới ăn cũng không thấy quán vắng vẻ, đó là điểm cộng của nhà hàng.
☘️Nhà hàng chạy song song cả menu alc và buffet, một nét mới lạ trong kd.

Đồ ăn bài trí ưa mắt, vị cân bằng, không có gì nổi bật. Món chiên hơi bị ngấm dầu ăn. Món lẩu ok ok. Sốt chấm là món để lại ấn tượng hơn cả. 
* Đồ ăn: Bình ổn và vị ko có gì ngạc nhiên.
* Đồ uống: phong phú, đẹp mắt, ngon.
* Không gian: Set up và decor nhà hàng khá ổn, thích hợp cho nhóm khách hoặc đi đôi.
* Dịch vụ: Nhân viên tốt, nói năng rõ ràng rành mạch, tác phong nhanh nhẹn. 
* Giá: Hoá đơn 1,700tr / 3 người. ( 6 món + 1 nồi lẩu + 4 đồ uống ) 

#DiningReview
#NhahangChay
#Hanoi","32",,,,"31","1",,,"5"
"4","Bữa sáng tại Cafe Cardinal-The Reverie Saigon.

Ngoài quầy line buffet  thì Buffet sáng ở đây còn có thực đơn gọi món. 

Riêng mình thích gọi món trong Menu riêng hơn vì đồ ăn đem ra nóng hổi trình bày đẹp từ các món như Phở,Cơm Tấm,Mỳ Hoành Thánh,Bánh mỳ Việt Nam, Bún Bò Huế... Món Phở ở đây nấu theo khẩu vị người miền Nam. Bún bò Huế hương vị mùi nhẹ nhàng. Đặc biệt mỳ Hoành thánh ngon lắm từ sợi mỳ đến lớp vỏ hoành thánh. Nước dùng ở đây ngọt thanh không dùng bột ngọt.

Món Egg Benedict ở đây có Gan ngỗng và Nắm truffle,khác lạ so với buffet ở các khách sạn khác.

Quầy bánh mình thấy có bánh trứng ở đây Bếp làm cực ngon. Với phần kem trứng béo ngậy thơm bơ mềm mịn.

Các món nóng trên quầy Buffet ăn cũng ổn thôi. Chưa để lại nhiều ấn tượng.

Trên quầy line buffet có Dừa tươi và rượu Sparkling Wine. 

🌼Đồ uống ở đây mình thích nhất là Trà Ô- Long hương vải dễ chịu.

🌼Phục vụ: Tuy là buffet nhưng các bạn phục vụ tận tình. 

💰Giá Buffet cuối tuần là 688k ++. Giá buffet ngày thường là 988k++. .Khách sạn đang chạy chương trình Promotion nên Buffet cuối tuần có giá tốt hơn.

#diningreview
#tphcm
#thereveriesaigon","24",,,,"23","1",,,"4"
"5","Bữa trưa ở nhà hàng Opera- Park Hyatt Sài Gòn.

Nay mình dùng Set lunch với 3 món giá 910k++ bao gồm Khai vị+ Pasta+Main course(không có dessert)

🌼Mở đầu với món Soup Gazpacho dưa hấu mát lạnh với dưa leo giòn thanh mát kết hợp với Phô mai Stracciatella tạo độ béo ngậy, mượt mà, cân bằng lại vị tươi của Cá Ngừ vây Vàng sống của Nhật. 

🌼Tiếp theo là món mỳ Linguine cua Cà Mau với phomai Parmigiano Reggiano cực ngon. Mình thấy ở Park Hyatt nấu món này ngon hơn mỳ Cua của 4P nhiều.

🌼Main course với món heo quay kiểu Ý và khoai tây nghiền béo ngậy với da heo chiên giòn. Thịt quay mềm thơm mùi thảo mộc với sauce nâu mù tạt cay nồng nhẹ. Rất hợp.
(Món này dùng với khoai đút lò nhưng mình thích khoai tây nghiền hơn nên có nhờ Bếp đổi)

🍰Dessert mình order thêm Tiramisu được chế biến ngay tại bàn.Bánh được làm theo công thức truyền thống, với sự kết hợp hài hòa giữa vị béo ngậy của phô mai mascarpone vùng Venice và vị đắng nhẹ của cà phê.Bánh có kết cấu mềm, mịn và tan ngay trong miệng, tạo cảm giác rất dễ chịu khi thưởng thức.

🍫Hôm nay khám phá thêm Shop bán Chocolate tươi làm bằng tay thủ công của nhà Park Hyatt nằm khuất bên hông nhà hàng Opera. Mình thử hộp 9 viên với các hương vị Chocolate rất Việt Nam với Sầu riêng, Dừa cafe, Raspberry với Tiêu Phú Quốc, Trà Đen với Đào, Chanh Yuzu với Mè Đen, Rượu Whiskey Maccalan... Rất độc đáo.

Phục vụ siêu tận tình.Đi nhiều lần được các bạn Phục vụ nhớ tên mình và gọi tên khách bằng tên như người trong gia đình tạo cho khách có cảm giác ấm áp.

Chưa bao giờ thất vọng về Park Hyatt Sài Gòn!

#parkhyattsaigon
#tphcm
#opera
#diningreview","75",,,,"67","8",,,"12"
"10","Hi admin nice to meet you all folks 

🌮✨ Weekend is here – time to fiesta! 🎉
Gather your friends, sip on an ice-cold beer 🍺, and enjoy the bold flavors of Mexico 🇲🇽 right here at Mexicanos.

MEXICANOS 
🔥 Tacos, Burritos, Nachos & more – everything made fresh for your weekend cravings!
📍 Sky Garden 2, District 7
🕙 Open till 11PM

👉 Come hungry, leave happy – let’s vibe the Mexican way this weekend! 💃🌵

🇻🇳MEXICANOS 
🌮✨ Cuối tuần đã đến – cùng nhau Fiesta nào! 🎉
Hãy rủ bạn bè, nâng ly bia mát lạnh 🍺 và thưởng thức hương vị Mexico đậm đà 🇲🇽 ngay tại Mexicanos.

🔥 Tacos, Burritos, Nachos & nhiều món khác – tất cả đều tươi ngon cho cơn thèm cuối tuần!
📍 Sky Garden 2, Quận 7
🕙 Mở cửa đến 11 giờ tối

👉 Đến với chiếc bụng đói, về với nụ cười vui – cuối tuần này hãy chill kiểu Mexico nhé! 💃🌵
#mexicanos  #diningreview","14",,,,"10","4",,,"0"
"16","Review Dragon Cello  201 P. Vệ Hồ, Xuân La, Tây Hồ, Hà Nội 

Trải nghiệm nhiều lần và vẫn muốn quay lại

Đây là lần đầu tiên mình viết review trong group dù đã theo dõi rất lâu. Mình muốn chia sẻ cảm nhận về Dragon Cello, một nhà hàng mình đã ghé nhiều lần và hầu như lần nào cũng hài lòng.
 • Không gian: Sang trọng nhưng vẫn ấm cúng, phù hợp cho cả gia đình, bạn bè hoặc tiếp khách.
 • Phục vụ: Nhân viên chuyên nghiệp, chu đáo và nhanh nhẹn.

Các món ăn hôm qua:
 1. Langhe Nascetta – Vang trắng Ý, vị nhẹ, thanh mát, rất hợp khi ăn kèm hải sản và thịt nguội.
 2. Bruschetta Pomodoro – Bánh mì cà chua. Hôm qua món này hơi nhạt, chưa đậm vị, thiếu một chút mùi tỏi xát dối nên chưa thật sự bùng nổ.
 3. Prosciutto San Daniele D – Thịt nguội loại mặn, hợp với người thích vị đậm đà, đặc biệt là khẩu vị nam giới. Ăn kèm bánh mì rất hài hòa.
 4. Porchetta – Món đặc biệt và xuất sắc nhất hôm qua. Thịt thơm, mềm, vị tiêu vừa phải. Đây là sản phẩm nhà hàng tự làm, nhất định nên thử! Ăn cùng rau củ muối thì hương vị rất tròn trịa.
 5. Branzino Vino Bianco – Cá chẽm áp chảo sốt vang trắng. Mình gọi 1 phần chia đôi vì gia đình thường ăn ít. Cá tươi, thịt mềm ngọt, áp chảo thơm và giữ được độ mọng. Tuy nhiên, phần rau ăn kèm hôm qua gồm đậu đũa và bắp cải chưa thật sự hợp lý, chưa làm nổi bật hương vị của món cá. Cá nhân mình thấy ăn kèm cải bó xôi sẽ hài hòa và hợp vị hơn.

Đánh giá tổng thể (thang điểm 10):
 • Chất lượng món ăn: 8.5/10 – Các món thịt nguội và Porchetta rất xuất sắc, một số món hôm qua hơi nhạt so với kỳ vọng.
 • Không gian & decor: 9/10 – Ấm cúng, sang trọng, phù hợp nhiều dịp.
 • Phục vụ: 9.5/10 – Nhân viên nhiệt tình, nhanh nhẹn và chu đáo.
 • Trải nghiệm tổng thể: 9/10 – Nhà hàng đáng để quay lại, đặc biệt là các món thịt nguội và Porchetta.
#Dragoncello
#hanoi
#dinningreview","61",,"1",,"57","3",,,"12"
"1","Xin chào anh chị group Dining Review!

Mình là quản lý thương hiệu nhà hàng KISEKI-ro tại 53 Hàng Chuối, Phạm Đình Hổ, Hà Nội.

KISEKI-ro cảm ơn các anh chị admin và thành viên của group Dining Review đã ghé thăm, trải nghiệm tại nhà hàng và đưa ra những góp ý để KISEKI-ro cải thiện về chất lượng.

Vào tối thứ Sáu, ngày 12.09.2025 tại KISEKI-ro sẽ diễn ra sự kiện 𝐑𝐞𝐟𝐢𝐧𝐞𝐝 𝐒𝐡𝐚𝐝𝐞𝐬 𝐨𝐟 𝐀𝐮𝐭𝐮𝐦𝐧 với menu được thiết kế bởi 𝐖𝐚𝐠𝐲𝐮 𝐌𝐚𝐬𝐭𝐞𝐫 𝐌𝐚𝐤𝐨𝐭𝐨 𝐓𝐚𝐤𝐚𝐧𝐨, mở ra hành trình khám phá tinh hoa sắc vị mùa thu Nhật Bản với thực đơn 11 món, tinh chọn từ các sản vật quý hiếm của mùa vụ, kết hợp cùng thịt bò Wagyu A5 tươi cao cấp. 

Trên hành trình ẩm thực, thực khách sẽ giao lưu trực tiếp cùng Chef Makoto Takano và thưởng thức một sáng tạo Wagyu độc quyền, do chính tay Wagyu Master Takano chế biến, chỉ xuất hiện trong đêm tiệc. 

Đặc biệt, KISEKI-ro xin dành tặng các anh chị trong nhóm Dining Review trải nghiệm thưởng rượu Sake, pairing cùng món độc quyền từ Chef khi anh chị đặt bàn trước ạ. 

KISEKI-ro xin phép gửi anh chị thông tin sự kiện cụ thể dưới đây, rất mong được đón tiếp anh chị tại sự kiện ạ. Nếu anh chị cần tư vấn thêm về sự kiện hay đặt bàn, trước vui lòng liên hệ fanpage của nhà hàng KISEKI-ro ạ: m.me/kiseki.ro

⏺︎ 𝐓𝐡𝐨̛̀𝐢 𝐠𝐢𝐚𝐧: 18:00 - 12/09/2025

⏺︎ 𝐍𝐨̛𝐢 𝐭𝐨̂̉ 𝐜𝐡𝐮̛́𝐜: KISEKI-ro, 53 Hàng Chuối, Phạm Đình Hổ, Hai Bà Trưng, Hà Nội

#gioithieunhahang #diningreview","7",,,,"6","1",,,"0"
"21","HN
Oshima yakiniku 
Nhà hàng wagyu mới mở ở Kim mã thượng hôm qua em mới khám phá ra 1 cách tình cờ, đang được km SO nhé mọi người.
Nhân viên khá nhiều người Nhật nên phải có 1 bạn người Việt phiên dịch từng bàn, được cái là service rất tốt và nhiệt tình, em còn được bác chủ nhà hàng nướng thịt cho. Cá nhân em thấy rất ngon, tan trong miệng nhaa. Em thích nhất là Sukiyaki ở đây 🥰
Menu cac món tinh bột thì chưa được đa dạng như Yazawa hay Ushino(vì đi ăn đồ Nhật em k thích ăn cơm bibimbap kiểu Hàn cho lắm, đây là lựa chọn cơm duy nhất hiện tại ngoài cơm trắng) nhưng nhà hàng nói sẽ cố gắng thay đổi trong thời gian tới. Bonus thêm quả mặt tiền siêu yêu ạ, ncl rất đáng trải nghiệm.

#diningreview
#hanoi
#yakiniku","85",,,,"78","6",,"1","18"
"15","[ HN] - Onvit - Trần duy hưng- Korean modern fine- dining restaurant. 

Lướt điện thoại tự dưng thấy ảnh chụp hồi tuần khai trương onvit, lại thấy thèm thèm món cháo bào ngư và thăn bò hàn quốc. Onvit chắc là nhà hàng phục vụ chuẩn fine dining nhứt Hà Nội ( trừ koki em chưa được đi ăn thử nên ko dám phát biểu ạ). Các món bê ra đặt xuống cùng lúc đều tăm tắp, không gian kê bàn rộng( chính ra lại hơi thưa quá, nên thêm các bình hoa hoặc deco tạo điểm nhìn thêm chút) view ăn trưa thoáng đãng, dễ chịu. Đồ ăn trình bày chỉ chu, xinh đẹp, vị cũng vừa vặn, giá menu trưa có thêm 1-2 món nữa thì tốt :”). 

Bữa em đi mới khai trương, không biết có thêm update gì về menu hoặc deco không nữa, nhà hàng đáng trải nghiệm ạ.

#hanoidining #koreancuisine #finedining","175",,,,"160","15",,,"19"
"7","Ăn lại đồ Ấn sau 12 năm.

Hồi mới sang Úc, mình ở cùng nhà với một gia đình người Ấn, thường được họ mời ăn tối cùng, và đó là những trải nghiệm đầu tiên về ẩm thực Ấn Độ.

Bẵng đi 12 năm, tình cờ trong một lần được bạn rủ đi ăn tối cuối tuần, sau khi đã chán chê với pizza, sushi, BBQ Hàn... bạn sực nhớ ra và hỏi Mày có ăn được đồ Ấn không? Mình gật đầu. Kết quả là 2 đứa có mặt ở Dalcheeni.

Nghe bạn mình giới thiệu, thì Dalcheeni chi nhánh ngoài Hà Nội mở đã được 10 năm rồi, khá nổi tiếng trong cộng đồng người Ấn Độ và những người yêu thích ẩm thực của xứ sở gia vị. Còn chi nhánh ở Ngô Văn Năm trong Sài Gòn thì cũng đã mở được 5 năm.

Điểm đặc sắc của Dalcheeni nằm ở những chiếc tandoor (lò đất sét nung bằng than) có nguồn gốc từ Hy Lạp, và phương pháp chế biến đồ ăn bằng than nướng, vốn rất phổ biến ở vùng Bắc Ấn.

Menu của Dalcheeni rất đa dạng, các loại protein từ tôm, cá, gà, cừu cho tới rau củ / đồ chay, bánh mì hay cơm (biryani) đều có đủ cả, nên có lẽ sẽ đáp ứng được nhu cầu của với bất cứ ai ""dám thử sức"" với hương vị mạnh mẽ của ẩm thực Ấn.

Giá các món ăn dao dộng từ hơn 100K cho tới mắc nhất là 400K (chưa bao gồm VAT và SC), theo mình là tương đối mềm cho vị trí ở trung tâm thành phố và không gian fine casual dining rất đặc trưng Ấn.

Về các món tụi mình đã ăn, mình ấn tượng nhất là 2 món Tandoori lamb chops và Murgh makhni.

Dẻ sườn cừu ướp với quế và các loại gia vị truyền thống của Ấn, nướng trong lò tandoori. Vắt thêm tí cốt chanh xanh và ăn cùng hành tây sống thái khoanh mỏng hợp kinh khủng.

Murgh makhni bao gồm thịt gà nướng trong lò tandoori, sau đó nấu cùng các gia vị thảo mộc, hành tây, cà chua trong sốt thịt gà xay nhuyễn, ăn với bánh naan thơm bơ.

Điều khiến mình thán phục nhất ở ẩm thực Ấn Độ là các loại protein luôn được nấu tới mức chín mềm nhưng vẫn giữ được độ ẩm và kết cấu rõ ràng của từng loại thịt.

Món fail nhất tụi mình đã gọi là Dessert Trio, nhưng có lẽ không phải tại món ăn dở, mà vì tụi mình không quen ăn vị ngọt đến thế.

Dessert Trio bao gồm 3 món tráng miệng nhỏ, đều là đặc trưng của người Ấn Độ:
* Malai Firni: gạo được nấu mềm trong sữa tươi giống như rice pudding, vì có saffron nên có màu vàng nhạt.
* Ras Malai: bánh xốp sữa phô mai, ngâm trong sữa tươi và nghệ tây, có màu vàng và vị nghệ tây rất mạnh.
* Jamun Khaas: hơi hơi giống bánh trôi nước Việt Nam. Viên bánh được vo nặn từ bột phô mai, sau đó chiên ngập dầu đến khi có màu nâu đặc trưng, rồi đem nấu trong syrup mật ong. Món này chắc là dễ ăn nhất trong 3 món tráng miệng.

Trải nghiệm ở Dalcheeni của tụi mình nói chung khá dễ chịu. Nhân viên tư vấn các món signature có lẽ cũng đã lựa các món dễ ăn với người Việt Nam. Có điều các bạn phục vụ hình như đều còn khá mới, nên khi mang món ra có người thì giới thiệu kỹ, có người đặt món xuống rồi đi luôn không nói gì.

Nhà hàng có không gian dining kết nối với quầy bar và nhìn được vào trong bếp qua lớp tường kính, nên vừa ăn có thể vừa xem các chefs chế biến món bằng lò tandoor. Không gian ở tầng 2 trang trí đậm chất Ấn Độ hơn, bàn ghế cũng nhiều hơn, nhưng có lẽ vì tụi mình đi ăn ngày vắng nên họ không bật đèn và không phục vụ ở trên tầng.

P/S: Bạn nào đi xe máy thì gửi xe ở bãi xe 7A Ngô Văn Năm gần đó, rồi đi bộ qua chắc cỡ 100m thôi.

#diningreview #indiancuisine #dalcheeni","29",,,,"25","2",,"2","5"
"6","Nhà hàng Gia - Hà Nội 

Chủ đề Nước Mắm

Đồ ăn: ý tưởng hay, ăn cũng ngon, nhưng cảm thấy đa số các món chưa có hoàn chỉnh. Có món thì thấy thiếu thiếu. Có món thì thấy dư dư hehe.

Đồ uống: mình chọn Non-alcoholic pairing thì thấy là xuất sắc 💕. Xứng đáng được 3 sao 👍

Phục vụ: còn nhiều hạn chế. Ko biết nhà hàng có bị thiếu người hay ko mà lúc nào cũng thấy các bạn chạy lăng xăng?? Giới thiệu món ăn giống như là trả bài: đem đồ ăn ra, tra bài, xong, bye...Tới phần dessert thì ko có khăn cho khách ??? Ăn mà cảm giác bị hối.","95",,"1","1","89","3",,"1","6"
"10","Trung thu của A Bản 
Xin cảm ơn A Bản đã gửi quà trung thu cho thành viên thân thiết của nhóm cũng như khách hàng thân thiết của A Bản 😍

Bánh chưa ăn trà chưa uống nhưng cứ cảm ơn trước ạ 

#aban #diningreview","29","1",,,"24","4",,,"1"
"32","[HCMC]- Quán Ý style đồ ăn hè phố - Focaccia và porchetta siêu đỉnh -Antico Fornaio  69 Hoàng Văn Thái, Quận 7.

Mình mê focaccia, mình cực mê từ chuyến roadtrip dọc theo miền bắc nước Ý tới Montepulciano. Những chiếc bánh foccacia mộc mạc, nhưng lớp vỏ giòn tan, bên trong nhẹ xốp, được kẹp đẫm nhân, khá khác với vỏ bánh mình được ăn trước đó, tuy nhiều lỗ khí nhưng hơi đặc và vỏ cũng không cần nướng tới giòn tan. Focaccia như một món ăn đơn giản kiểu như bánh mỳ, nhưng gây nghiện tới mức mình luôn đau đáu tìm ăn lại những chiếc bánh này.  May mắn lần rồi vào Sài gòn được bạn ở quận 7 dẫn đi ăn quán ý ruột của bạn, trời ơi, trúng tủ. Menu không quá nhiều món, tập trung vào focaccia, mỳ ý, và porchetta. Porchetta vỏ giòn rụm, thịt mềm tan. Focaccia thì đa dạng vị, vỏ thì khỏi bàn :((, quá là ngon luôn. Must try là vị gì có lê tươi với mật ong truffle ( ăn nhiều nên hơi lẫn vị). 
Mỳ ý cũng rất ngon, đơn giản, truyền thống, và rất vừa miệng. 

Nói chung Antico Fornaio với mình là chân ái, chỉ ước quán sớm mở thêm chi nhánh ở Hà Nội. Hình như quán có 2 chi nhánh bankok trước khi về mở ở SG ^^ 

Nhất định sẽ quay lại ^^

#Saigondining #italiancuisine #quận7","125",,"2",,"100","23",,,"32"
"7","Ngày 9/9 năm nay trở nên thật đặc biệt khi mình nhận được món quà Trung thu từ A Bản, nhà hàng đã gửi tặng đến những thành viên hoạt động tích cực trong cộng đồng Dining Review.

Giỏ quà mộc mạc bằng tre, bên trong là những hương vị rất riêng của núi rừng: bánh trung thu trâu gác bếp, lạp sườn gác bếp mỡ hành, bánh ngàn lớp xoài Yên Châu, bánh ngàn lớp lá dứa cùng trà ống lam gác bếp. Tất cả được gói ghém tinh tế, gần gũi.

Đọc tấm thiệp nhỏ đi kèm, mình cảm nhận rõ sự chân thành như một lời nhắn gửi về tình thân, về ký ức và về sự đoàn viên. Món quà không chỉ đẹp ở hình thức, mà còn khiến người nhận thấy ấm lòng.

Xin gửi lời cảm ơn chân thành đến A Bản, đến các admin của Dining Review đã tạo nên một cộng đồng văn minh, chính thống và đầy cảm hứng nơi mình được chia sẻ trải nghiệm và nhận lại rất nhiều yêu thương. ❤️

Trung thu là mùa đoàn viên và nhờ những tấm lòng tử tế như thế này, niềm vui lại được nhân lên gấp bội.

#DiningReview
#TrungThu2025","29",,"1",,"22","6",,,"1"
"19","Happy 1 year anniversary Sushi Miyago 😍

Địa chỉ: 17B ngõ 67 Tô Ngọc Vân, Hà Nội

Lưu ý: chỉ có 1 lựa chọn về giá 
Phải cọc trước khi ăn - không hoàn huỷ
Phải book khá lâu trước khi ăn - thường trước 5 ngày 
1 ngày giới hạn 6 người - chỉ 1 khung giờ

Review: ai khen vẫn khen, ai chê vẫn chê ạ nên nếu có điều kiện mình nghĩ mọi người nên thử rồi tự đánh giá 

Ở đây không có gì fancy như bong bóng nổ hay xịt vàng để check in cả 😅

1 bữa ăn 3 tiếng+ nên mình nghĩ không phù hợp lắm mang theo trẻ quá nhỏ

#diningreview #omakase #hanoi","118",,,,"108","10",,,"5"
"8","[Room4Dessert] 
📍 Ubud - Bali, Indonesia 

Season 19 - Fight Club 

Lần nào tới Ubud cũng phải ghé Room4Dessert của Chef Will Goldfarb - một tên tuổi phải gọi là “số má” trong làng bánh ngọt của thế giới, một trong những người tiên phong trong việc đem tới trải nghiệm tasting menu mà chỉ hoàn toàn là đồ tráng miệng. 

Nói chung là mình sẽ dành ra 2.5-3 tiếng chỉ để ngồi ăn bánh ngọt! 

Điều ngạc nhiên nhất là vừa bước vào bạn nhân viên đã nhận ra mình! Mặc dù đã qua 2 năm, và đổi menu tới 5 lần, bạn ấy vẫn đọc lại vanh vách các món của menu cũ và nói chuyện với mình rất lâu! Cái này mình rất ấn tượng, vì nhà hàng này cũng rất đông, chắc tại lần nào mình cũng đi một mình nên bạn ấy nhớ lâu 😝 

Quay lại lần này, có một số thay đổi về menu (rút gọn lại còn 15 món, ngày trước là 21 món) do khách feedback lại là quá no, quá mệt! Nhà hàng cải tạo lại thêm khu vực trải nghiệm mới: sân vườn với lửa trại, nhìn thẳng lên trời đầy sao 😝 

Menu về cơ bản cấu trúc giữ nguyên sẽ gồm 3 phần 
- Snacks: 5 món mặn (Tại quầy bar sân sau)
- Dessert (Main): 5 món bánh ngọt chính (Tại nhà hàng chính)
- Petit fours: 5 món tráng miệng nhỏ (Tại sân vườn với lửa trại) 
 
Tổng quan: Nguyên liệu bản địa, sáng tạo rất mới mẻ của chef, decor khá bay, không quá cầu kì, đậm chất rustic, thậm chí có phần khá “xuề xoà” giống chef (ông nào mặc quần short đi dép crocs, đeo tạp dề chạnh quanh nhà hàng thì là Chef đó!). 

Kĩ thuật xử lí nguyên liệu rất đỉnh, hương vị thì mình không bàn nhiều, do khẩu vị là cái mỗi người mỗi khác. Mặc dù rất ngưỡng mộ tài năng của Chef nhưng công tâm mà nói về nguyên liệu (một số loại trái cây sử dụng trong các món ăn) thì thua xa chất lượng trái cây VN về hương vị (xoài, nhãn, dứa…đều không ngon bằng quê mình).

Mình khá ấn tượng với 5 món chính, đỉnh nhất là phần kem gelato vừng đen ăn cùng sốt mâm xôi đỏ. Mình có thể ăn 5 phần như thế nữa cũng được 🥴 
Đồ uống pairing mình chọn lại không cồn, đỉnh. Không thể chê vào đâu. Khen hơn cả đồ ăn 😆😆😆😆😆😆😆 
 
Bill cho bữa này cả thuế thì là khoảng 1.600k Rupiah. Khoảng 2.600k tiền Việt. Mình thấy rất là ok so với trải nghiệm nhận được ở đây.

#diningreview #bali #room4dessert #ubud","62",,"1",,"51","10",,,"5"
"4","[Hcmc] French cuisine - Lupin, thảo điền, quận 2 
Lâu lắm rồi mới có 1 bistro Pháp làm mình thấy dễ chịu tới vậy. Bước chân qua cửa nhà hàng đã cảm nhận không khí của 1 bistro nhỏ, cách kê bàn ghế, trang trí, đơn giản, gần gũi, ấm áp. 

Mình chọn thử những món cơ bản nhất như Beef tartare, Foie gras au torchon, với 1 đĩa coldcut pate nhỏ, ngao nấu rượu và sốt harrisa. Tất cả đều tròn trịa, dễ chịu, ngon và gợi nhớ những bouchon nhỏ xíu ở thành phố Lyon bình yên mà mình đã từng gắn bó suốt thời đi học. 

Nhâm nhi 2 ly vang trắng, chardonay của vùng Mácon cùng pate nhà làm, và ngao cay Manilla; rồi tới chút demi sec vùng Alsace, no say ná thở mà không cần ăn main. Bánh mỳ sourdough, bơ 🧈 nhà làm, lâu lắm mới lau lau quết quết sạch đĩa. 

Chắc chắn sẽ ghé lại thăm nhà hàng ^^","58",,,,"46","12",,,"5"
"0","Tổng hợp Majorca part 1: Khu vực gần Palma và phía tây của Đảo

1. Nhà hàng tapas OMBU (chi nhánh Santa Catalina)
- Đồ ăn các món tròn vị, trình bày đẹp, không gian nhộn nhịp nhưng cũng ko quá ồn ào, quan trọng là lên món rất nhanh, service chuyên nghiệp. 

2. Nhà hàng hải sản Ca n’Eduardo
- Quán lâu đời, rộng rãi, view rất đẹp, hải sản tươi ngon (recommend các loại cá fresh caught và mussels, paella…)

3. Tiệm bánh chuyên pastel de nata đặc sản Portugal Natas D’Ouro

Ngoài ra nếu mọi người thuê ở airbnb thì có thể đi siêu thị Mercadona (nhiều chi nhánh) xong về nhà tự chế biến. Rất nhiều đồ tươi ngon, riêng 1 quầy chuyên iberico, các loại hải sản, bò ,lợn tươi duroc và iberico để chế biến (thịt viên meatballs rất ngon trẻ con rất thích)

Part 2 coming soon 😊

#diningreview #majorca #mallorca","22",,,,"22",,,,"3"
"18","HCMC - nhà hàng Margheri hôm nay rất đông. Mình ăn trong nhà, mát mẻ. Pizza cực ngon, đế sourdough xuất sắc, ăn không thấy bị nặng bột. 6 cheeses ăn cùng mật ong đặc quánh, thơm ngon.  Tráng miệng cũng ngon, đồ ăn lên rất nhanh, không bị chờ. Dịch vụ tốt
#italianfood #pizza
#saigon
#diningreview","99",,"1","3","80","15",,,"20"
"13","Thưởng thức món Nhật ở..trên trời:
Nhà hàng: Japan Airline, máy bay A350-1000, khoang hạng Nhất
Địa điểm: một nơi nào đó ngoài Thái Bình Dương, gần bờ Tây nước Mỹ 

#firstclass","121",,"1","5","102","12",,"1","3"
"11","HCMC - nhà hàng BBQ Hàn chuyên lòng nướng tại quận 1. Lòng nướng ở đây dầy, ngon, và rất sạch không hề có cảm giác mùi, nướng khéo vừa béo vừa giòn. Trứng hấp siêu ngon, núng nính, vừa độ. Mì lạnh cũng ngon. Hàng này khá mới nên phục vụ chu đáo lắm 
#koreanbbq 
#saigon 
#diningreview","31",,,,"29","2",,,"5"
"19","🇫🇷 Loulou Pirate – Menton🍋
Một góc chill out rất nổi tiếng nằm bên bờ biển Liguria của miền Nam Pháp . Đồ ăn ngon, phục vụ rất tốt, view cực đỉnh . Cá tươi, thăn bê chiên giòn  ngon, đặc biệt ở đây su kem đỉnh chóp 10 điểm . 
Nhìn ảnh thôi đã mê r các mình công nhận khum 😍 đến đây cứ mặc sẵn bikini ăn và chill rùi nhẩy xuống biển tuỳ thích. Có phòng thay đồ và tắm tráng lun. Xịn mịn

Ngồi đây mà cảm giác như đi nhầm vào một fashion show của giới giàu có – xung quanh toàn rich vibes, outfit như bước ra từ tạp chí, nó chảnh nó xịnnn ... chicgirls style Paris Hilton hàng hiệu dát từ trên xuống dưới, nước hoa thơm lừng & body bốc lửa,  đi siêu xe rầm rầm đỗ phịch cái 2 valet chạy ra săn đón 😆 Ngắm đã cái nư nhưng thanh toán bill thiếu mỗi nước xin ở lại rửa bát 

#LoulouPirate
#FrenchRiviera
#SouthofFrance
#Diningreview","72",,"2","1","64","5",,,"1"
"6","Nhà hàng view rất đẹp , hải sản vùng biển Địa Trung Hải ăn hương vị khác hẳn biển quê mình . Hàu Pháp k hổ danh giòn mát bậc nhất. 
📍Café de Turin 1908– một quán Hàu & hải sản nổi tiếng nhất ở Nice, mở từ năm 1908. 
Đây là một địa điểm lâu đời chuyên phục vụ hàu tươi sống các grade lun , sò, tôm hùm, và các loại hải sản đặc sản vùng Côte d’Azur.. ngồi ăn và ngắm quảng trường Place Garibaldi – một trong những khu quảng trường cổ kính và nổi bật nhất của Nice.

#Diningreview 
#NiceFrance
#CafedeTurin","49",,,,"47","2",,,"2"
"20","HCMC - nhà hàng Iberico, ăn chi nhánh Thi Sách. Vị trí rất đẹp, trung tâm tiện lợi nhưng khu này lại yên tĩnh, vỉa hè rộng, ngồi bàn ngay cửa rất chill. Đồ ăn ngon, 1 phần to ăn no, tráng miệng cũng rất ngon. Món tôm xốt tỏi đậm đà, chấm bánh mì vô cùng hợp. Thêm bình Sangria truyền thống to đùng đỡ buồn đời. Hôm nay cả nhà hàng tầng dưới có mỗi 2 khách nên cứ gọi là phục vụ tận tâm hết sức
#tapas 
#saigon
#diningreview","50",,,,"44","6",,,"5"
"13","[Din Tai Fung] & [Somtum Der] - con cưng Đài Loan và 1 star Michelin NYC (2016)
----
[Din Tai Fung] - Taipei 101
Đi 2 người có xiaolongbao mướp hương, món mới turnip cake. Bắp cải xào không dầu mỡ nhưng cực thơm mùi wok. Mình nghĩ nhìn chung thì chất lượng đồ ăn Din Tai Fung đã đi xuống, tôm nhân trong món wonton không tươi bằng Crystal Jade Trần Duy Hưng nhưng điểm 10 ở đây là dù đông nhưng service xuất sắc từ việc giữ đồ, rót nước xếp bàn. Tụi mình đi loanh quanh shopping ở trên đến muộn sau khi lấy số (hàng rất dài) họ vẫn sắp xếp 1 bàn cho 2 ng để vào ăn. Nếu đi ăn gia đình mình sẽ quay lại để thử lại nhiều món hơn vì có nhiều món và vị cũng khá chuẩn dù không quá xuất sắc nữa. Đồ ăn xin phép chấm 6/10, service 10/10. 
---
[Somtum Der] - 1 star Michelin năm 2016 tại NYC nhưng ăn ở Taipei Main Station
Dù vinh dự là khách đầu tiên trong ngày dù trong lòng đang cầu mong là đồ ra sớm chứ ra ko kịp là phải bỏ đồ ăn chạy xuống ga 😭. Chưa bao giờ thấy 30ph dài vậy. 
Mình gọi 2 món là Papaya Salad và thịt lợn nướng với tinh bột là xôi nướng. Điểm khá thân thiện với người ăn nói chung ở Đài là mn vào nhiều nhà hàng có mã QR để order nên sẽ ít sợ trở ngại tiếng. 
E thấy là vị khá ổn dù phần thịt hơi mỏng nên khô nhưng chấm nước chấm chua chua. Gỏi đu đủ mới ra giòn, tươi, cực thấm vị ngọt chua cay với lạc bùi vừa đủ ăn mát lạnh cho buổi trưa hè. Giá vừa phải, 500k mà no căng e phải bỏ lại đồ ăn. 
#diningreview #taipei","30",,,,"28","1",,"1","2"
"1","Nhà Hàng Chay Đu Đủ Xanh- Tphcm.

🏠Nằm trên con hẻm nhỏ đường Hai Bà Trưng yên tĩnh. Không gian quán theo kiểu Đông Dương.

Mỗi một món đồ decor trang trí, từ tranh ảnh, ấm trà cho đến hộp đựng hương liệu, bình hoa, … đều được chủ sưu tầm sau những chuyến vi vu đến khắp nơi trên thế giới.

Không gian nhà hàng phảng phất hương thơm của lá trà trắng dịu ngọt, giúp thư giãn tinh thần. Mùi hương này rất dễ chịu. Nhà hàng có máy điều hòa mát lạnh 

Nơi đây cũng được vinh dự đón Tổng Thống Đức đến dùng bữa.

Món ăn:
🌸Ưng nhất món bánh Tart với phomai Brie và nắm Truffle. Có 1 chút dấm Balsamic chua thanh trung hòa vị béo của phomai Brie. Ăn rất dính. Phải thử món này khi đến đây.
🌸Kế đến phải thử món cơm gạo lức với nắm đùi gà nướng và sốt cari. Nắm đùi gà to dai kết hợp với sauce cari hương vị Thailand beo béo nước cốt dừa ăn cuốn lắm.
🌸Hai món còn lại mình gọi là chả nắm mối với lá lốt chấm với nước xả tắc chua cay và món chả giò ăn cũng ổn,bình thường. Không có quá nhiều gia vị nhưng vẫn giữ được hương vị nguyên bản gốc của các thành phần thiên nhiên.

🥤Nước uống: mình có gọi nước tắc xí mụi nhưng chua quá. Không thích lắm.

⭐Phục vụ: nhân viên nhiệt tình ăn nói nhỏ nhẹ như không gian quán.

💰Giá cả: Mình thấy rẻ so với không gian của quán và vị trí trung tâm. Các món ở đây dao động quanh 100k. 2 người ăn 500k no nê.
 
Bên cạnh quán chay là Noir Spa cùng hệ thống với nhà hàng. Các kỹ thuật viên là người khiếm thị. Mình đã thử trải nghiệm và rất hài lòng. Spa có cả dịch vụ ngăm lá Dao Đỏ của vùng Tây Bắc.

Địa chỉ Nhà Hàng Đu Đủ Xanh
178A Hai Bà Trưng. Đakao. Q1. Tphcm.
#Diningreview
#tphcm
#amthucchay","31",,,,"30","1",,,"6"
"2","Ta Dining
15 Nguyễn Thiệp, Bến Nghé, Q1, TP.HCM
—
Review menu mới - 2 year anniversary.

Sau 2 năm hoạt động, chef Thạch Tạ và ta dining có lẽ đã không còn là cái tên xa lạ đối với những người yêu ẩm thực tại TP.HCM. Trong một căn phòng nhỏ sức chứa chỉ 11 ghế, Thạch và team của mình mang đến trải nghiệm ăn uống “communal” độc đáo và ấm cúng, nơi các thực khách - dù quen biết nhau hay không - cũng có thể thoải mái làm quen và trò chuyện bên những món ăn ngon, được chế biến và trình bày ngay trước mắt.

Set menu lần này của ta dining, mới release được 3 ngày, nhằm đúng vào tuần lễ kỷ niệm sinh nhật 2 tuổi của nhà hàng, vẫn giữ được những điểm đặc sắc như mình đã từng review trong bài viết trước đây. Thế mạnh lớn nhất của ta dining (và chef Thạch) là ở các món khai vị, nơi từng tổ hợp hai - hoặc ba - nguyên liệu Âu và Á được kết hợp với nhau một cách rất sáng tạo và khéo léo. Trong đó mình đặc biệt mê món bánh mì hoa cúc & bơ bacon, hương vị ngọt x mặn đậm đà đầy cá tính.

Một điểm mạnh khác của chef Thạch là khả năng khai thác đúng loại rau gia vị ăn kèm, điều có thể dễ dàng cảm nhận xuyên suốt qua nhiều món ăn trong menu: Há cảo sò điệp ngon hơn hẳn khi ăn cùng đọt đậu Hà Lan, gà tre thì có rau răm và rau càng cua, “bò nhúng giấm” thơm ngát với hoa quế ta v..v.

Điều bất ngờ lớn nhất đối với cá nhân mình trong set menu lần này là miếng “ếch lollipop” trong món mì orzo. Nó RẤT LÀ OH WOW cả về kết cấu, kỹ thuật lẫn hương vị, chứ không hề nhàm chán như vẻ bề ngoài dễ gây hiểu lầm, nhưng mình sẽ không miêu tả chi tiết mà để bạn nào tới ăn thì tự cảm nhận nhé 😉

Mặc dù set menu lần này còn một vài điểm nho nhỏ có thể cải thiện thêm, nhưng với mức giá 1tr5++ ở vị trí trung tâm quận 1, ta dining vẫn chứng tỏ mình xứng đáng là một trong những hidden gem được nhiều chefs và người yêu ẩm thực đánh giá cao ở TP.HCM.

#diningreview
#quan1
#tphcm
#saigon
#finedining","44",,,,"41","3",,,"5"
"2","Nhà hàng La Fontaine- Thảo Điền-Tphcm

Nhà hàng thuộc style Bistro nhưng trang trí rất chỉnh chu không gian đẹp cùng hệ thống với nhà hàng Pháp Le Villa của Chef Thierry Mounon.

Hôm nay đến mình gọi một số món signature của nhà hàng. Các món đều ngon.

⭐Gan Ngỗng Terrine với mứt lê: ngon tuyệt. Quán dùng gan ngỗng chất lượng tốt béo ngậy tan chảy khi ăn vị béo nhẹ lưu lại trong miệng.Đây là một trong các nhà hàng Pháp có Terrine Gan Ngỗng tuyệt vời nhất mà mình ăn.

⭐Bò Carpacio với dầu oliu và Parmesan. Thịt bò tươi mềm mại.

⭐ Burger bò wagu: quán dùng thịt bò tự băm nhỏ không độn mỡ nên ko bị ngấy thịt bò mềm. Quán kết hợp 2 loại phomai Raclette và Morbrier nên tạo ra hương vị burger rất riêng.
 
⭐Sò Điệp Hokkaido với sốt nắm bơ và Parsley cùng với hạt pasta ăn rất ngon.

⭐Tráng miệng với bánh và kem vanilla với chocolate sauce. Kem quán tự làm kết cấu mịn nhưng ko quá béo. Vừa vị.

Phục vụ: dễ thương theo kiểu casual thôi.
💰 Giá cả:Tuy là bistro nhưng giá cũng tương đối cao nhưng chất lượng đáng.

Địa chỉ: nằm ở tầng 1 tòa nhà River Garden
170 Ng Văn Hưởng. Thảo Điền Q2. Tphcm

#diningreview
#bistro
#tphcm","37",,,,"32","5",,,"7"
"18","⚠️ Cảnh báo tình trạng ""ăn cắp"" review trên group để post lên Google

Đây là lần thứ 2 (mà mình biết được) là ảnh & bài viết của mình share trên group bị ăn cắp để post lên Google Reviews. L:ần trước là với nhà hàng Olé (Tây Hồ) cách đây tầm một năm. Cả 2 lần đều là rất tình cờ nên mình mới phát hiện ra - mình review nhiều nên khả năng còn rất nhiều lần khác nữa.

Mình không nghĩ các nhà hàng liên quan đến những thể loại này (vì quá lộ liễu), mà đây chỉ là dạng tiểu tốt đi ăn cắp để ""câu điểm"" Google thôi 😆 Và mình chắc chắn không phải nạn nhân duy nhất. Chia sẻ để group cùng biết chứ chắc chẳng có cách nào tránh được.

#googlereviews #trustissues","63","2",,"3","47",,,"11","1"
"31","Nghỉ lễ thì làm gì? => xem phim về ẩm thực đi mọi người ^^

Phim ""Mỹ vị yêu đương"" là câu chuyện về 1 cô gái đã từng làm trong 1 nhà hàng 3 sao ở Nhật, vì ngu ngốc nhận tội hộ nam8 do chế biến cá nóc sai mà bị đuổi nên đã về vùng quê hẻo lánh ở Hàn Quốc để mở nhà hàng. Mặc dù thu ko đủ chi nhưng vẫn chỉ dùng nguyên liệu ngon và chất lượng nhất, cùng 1 loạt tình tiết xảy ra thì nhà hàng đã đạt 3 sao chỉ sau vài tháng. 

Phim vui, nhẹ nhàng, chỉ có 10 tập thui. 

#diningreview","78",,,"5","61","12",,,"10"
"0","Tuần này mình có dịp trải nghiệm Omakase cùng công ty 8 người tại Nishitsugu và thực sự ấn tượng với từng món ăn được chăm chút tỉ mỉ ✨🍣

📖 Omakase course: 
3.500k++ 
4.500k++ 
5.500k++
Ngoài ra còn có set đặt riêng theo mong muốn cá nhân, mang đến sự linh hoạt và trải nghiệm độc đáo cho từng thực khách.

Một vài điểm nhấn khó quên:

🌟Mejimaguro (cá ngừ non) – cực kỳ hiếm, thớ thịt mềm tan, béo ngậy.

Maguro cá ngừ vây xanh – biểu tượng của Omakase, thịt chắc và tan ngay trong miệng.

Botanebi (tôm mẫu đơn) – ngọt lịm, mềm mịn, hậu vị tươi mát.

Sanma & Kamasu – cá theo mùa, béo đậm đà, hương vị rất đặc trưng.

Kinki (cá đỏ cao cấp) – thịt trắng, mềm ngọt, hiếm có.

Mochi tráng miệng – dẻo mềm, ngọt nhẹ, khép lại bữa ăn trọn vẹn.

Đặc biệt, bữa tối lần này mình có gọi thêm một chai Dassai Beyond dòng sake thượng hạng hiếm có. Khi kết hợp cùng Omakase, hương vị bùng nổ, từng món ăn được nâng tầm rõ rệt, đúng chuẩn “ẩm thực & nghệ thuật”.

Toàn bộ bữa ăn được dẫn dắt bởi đầu bếp với hơn 30 năm kinh nghiệm, vừa chế biến vừa chia sẻ chi tiết về từng nguyên liệu – biến buổi tối thành một hành trình ẩm thực khó quên.

📍 Địa chỉ: Nishitsugu Omakase – 108 Pasteur, Bến Nghé, Quận 1
📞 Hotline đặt bàn: 0862 580 800

#omakase #nishitsugu #diningreview #saigon #dassaibeyond","22",,,,"22",,,,"2"
"16","HCMC - chuỗi hải sản Hoàng Gia, mình ăn chi nhánh Lý Tự Trọng, dưới nhà là các quầy hải sản, sàn trải miếng lót cao su thoát nước rất sạch sẽ, khô ráo. Mình sợ nhất ướt và trơn nên đánh giá cao. Tâầng trên là nhà hàng. Giá cũng hợp lý không cao quá. Chế biến ngon, chu đáo, nhấn mạnh là rất sạch, thay đĩa liên tục, có găng tay cho khách để tránh bẩn. Tư vấn rất nhiệt tình, chiều khách. Nhà hàng không bị mùi đồ ăn và gia vị, hợp lý để tiếp khách. Mình tránh Rạn Biển vì vụ mùi và vệ sinh nên ưng cái này hơn 
#seafood
#saigon
#diningreview","47",,"1",,"42","4",,,"1"
"11","[Feliz] & [Kismet x Moira] dạng hidden coffee/ bar 
-----
[Kismet x Moira] - phát hiện nho nhỏ, nhẹ nhàng 
Dưới tầng 1 là shop đồ vintage và tầng 2 là không gian cực chill. 
1 món Signature của quán là Cam Vang gồm nước cam nguyên chất và rượu vang đỏ cô đặc nấu bay hơi cồn. Bạn pv sẽ shake nc cam nguyên chất sau đó có thêm siro đào, đường và đinh hương. Món này dễ uống, vẫn có hậu vị vang. Mình dễ tính nên khá thích món này. 
Món tiếp theo là Atisô cơm cháy gồm cốt trà atiso mix thêm sirup hoa cơm cháy mix thêm đường. Món này thiên vị chua thanh, dễ uống có cảm giác thanh nhiệt giữa thời tiết ẩm ương. 
Không gian m đánh giá cao. Không nhiều chỗ lắm nhưng nhạc chill, volume vừa phải m ngồi nch với bạn gần 2 tiếng buổi chiều vì ghế êm quá. Mình nhất định sẽ quay lại 🙂‍↕️ bạn pv nhẹ nhàng, nhạc dễ nghe.
----
[Feliz] - trải nghiệm vừa đủ, không gây ấn tượng 
Trước đó mình có ghé qua Feliz để ăn trưa. Mình không đánh giá quá cao set brunch hay đồ uống mình gọi ngày hnay. 
Tổng thể thì ăn no được vì sức ăn mình vừa phải nhg gia vị nêm nếm thì không để lại ấn tượng nhiều. Món ngon nhất là Tuna Carpaccio ở đầu set có cá ngừ béo, rong biển giòn ngọt và kem wasabi cay nhẹ. Có món được bạn pv gợi ý nhg thật sự không ấn tượng gì cả. 
Không gian hơi nóng và service có thể cải thiện thêm để tránh lỗi. 
#diningreview #hanoi","27",,,,"24","3",,,"5"
"13","HCMC - Nhà hàng BBQ dạng chuỗi Matchandeul, mình ăn chi nhánh Tôn Thất Tùng, Q.1. Đồ ăn rất ngon, thịt cắt dầy nên nướng vẫn mọng nước, tươi ngon. Canh súp đậm đà, thịt, nấm hào phóng. Pancha ở đây cũng nhiều và bổ sung liên tục, không cần khách hỏi. Trên hết là dịch vụ, lúc gọi mình chọn ngẫu nhiên mấy loại, súp riêng. Xong thấy 1 em khách đọc order xong ra tư vấn nên chọn set cho tiết kiệm (so với gọi lẻ các loại thịt) và nói sẽ chọn trong set đúng loại thịt mình yêu cầu, và set có soup rồi nên không cần phải gọi ngoài. Rất ấn tượng vì họ tự offer cho khách sao cho hợp lý mà không hề chào mời upsale. Trưa nên full bàn, đích thân ông quản lý người Hàn ra nướng bàn mình, rất nhanh nhẹn thuần thục. Mình lỡ gọi phần cơm riêng (loại trộn khoai và bí, không có trong set) nhưng quá no nên họ tự động mang vào bếp lại và không tính tiền khách nhé.
#koreanbbq
#saigon
#diningreview","35",,"1",,"32","2",,,"2"
"3","Quán Bụi | Ngô văn Năm. 
#dinningreview #cơmvietnam

Overall quán nấu ngon, giá cả hợp lý, rẻ so với mặt bằng quận 1. 150-190k/món. Rất nhiều món ăn. 

Mình gọi canh chua cá bớp, chả giò rất ngon, lươn xào xả, khô cá dứa mắm me vs cơm cháy. Cơm dẻo ngon. Ko bị khô.

Tiếp khách rất hợp. Recommend.

Tổng bill 800k +","29",,,,"26","3",,,"2"
"22","Barbak Quảng An Tây Hồ - thích hợp để chill và muốn có sự lựa chọn mới lạ. 
-----
Tính là nếu ăn ít món thì e gộp 2-3 bài thành một 😂 nhg order tnao gần 10 món thì phải lên riêng 1 bài.
Không gian đẹp xuất sắc, trần cao, thoáng và màu sắc ấm áp hài hoà có lúc có ánh nắng tự nhiên. Các bạn pv cực dễ thương và kiên nhẫn vì nhà em đi ăn nói chuyện nhiều mà hnay có người cao tuổi đi cùng nữa nhg vẫn đc giới thiệu menu, giải thích rõ từng thành phần các món ăn. 
Đồ ăn có sự kết hợp độc lạ giữa các thành phần nên sẽ ghi chi tiết từng ảnh. Nhà e mỗi người 1 khẩu vị khác nhau thì mỗi người đều có món ưa thích của mình. Nhìn chung điểm mạnh của menu là các phần thịt nhg cơ bản do không quá thích thịt nên gọi mỗi 1 đĩa nhg em lại khá ưng main course khác. 
Nếu chấm điểm đồ ăn e xin phép cho từ 7,5/10 còn không gian + service thì 9,5/10. Tổng bill hết tầm 2tr8 full phí cho 5 người (nước uống là 2 chai Evian+ 1 lemonade). Hơi xa nên e sẽ cân nhắc để quay lại.
#diningreview #hanoi","33",,,,"27","6",,,"3"
"5","#bếpnhaluctinh #dinningreview 

Bếp nhà lục tỉnh. 

https://maps.app.goo.gl/HtqsMEitZtKViWx17?g_st=ic

Tới ăn vì con cá he kho rệu, kho rệu là kho rục ăn luôn xương vì đặc tính con cá này xương rất nhiều. Vị cá lạ ăn rất béo, như cơm dừa thơm thơm. Đi kèm đĩa rau để chấm nc kho. 

Gọi thêm canh chua để ăn với cá he rất bắt cơm. 

Sườn heo nướng cũng ngon nh khẩu phần nh quá ăn k hết. 

Overall quán ngay trung tâm, giá tb 200-300k/món, để tiếp khách quý ok. Món ăn ok. View đẹp. Bill hình cuối. 

Có chú quản lý lớn tuổi đúng ng miền nam rặc. Accent chú đúng là người trước giải phóng mà có học trường tây. Chú sẽ present từng món nếu bạn có nhu cầu. 

Recommend.","28",,,,"26","2",,,"3"
"9","Lành Dining ẩm thực fusion nhật hiện đại

✨Lành 

Sau một khoảng lặng để lắng nghe và chuẩn bị, Lành quay trở lại với một chương mới đầy cảm hứng.
Ẩm thực, với chúng tôi, không chỉ là món ăn – mà là hành trình kết nối con người và thiên nhiên, là nơi hương vị trở thành ngôn ngữ của sự tinh tế và sáng tạo.
, Lành giới thiệu thực đơn fusion hiện đại, nơi tinh hoa ẩm thực quốc tế gặp gỡ nguồn cảm hứng từ thiên nhiên. Từng món ăn là sự chắt lọc, một “tác phẩm nhỏ” mang đến trải nghiệm bất ngờ, mới mẻ nhưng vẫn gần gũi và hài hòa.

🌿 Lành trở lại, để cùng bạn viết tiếp câu chuyện ẩm thực – câu chuyện của sự cân bằng, sáng tạo và nguồn năng lượng an lành.

____________________________

____________________________
____________________________

🌿𝑳𝒂̀𝒏𝒉 
🏡Address: Số 1 đường 59, Phường Thạnh Mỹ Lợi, Thủ Đức, TP Hồ Chí Minh ( đằng sau 18 Tạ Hiện )

#Restaurant #Nhahang #Lanhdining #thuduc #healthyfood #daokimcuong #quan2 #Fusion
#diningreview","27",,,,"20","7",,,"1"
"11","HCMC - Nhà hàng Ý Truffle&Co. Đây là nhà hàng dạng chuỗi, mình ăn ngay Mạc Thị Bưởi. Set lunch 3 món của họ khoảng 350k gì đó, gồm nước uống là nước suối, trà, cũng không để ý lấm nhưng chai nước suối to, hào phóng chứ không phải loại nhỏ tẹo, cũng không phải nước lọc miễn phí bình thường, ưng. Món nào cũng đỳ đặn, nấu ngon lành. Mình rất ưng món gà xiên nướng vì món này rất nhiều nhà hàng bị khô, nhưng ở đây mềm mọng nước. Risotto truffle (trả thêm 70k) thơm và nấu rất vừa ăn.
Mình thấy với giá này khu siêu trung tâm, rất hợp tiếp khách trong bán kính đi bộ toàn các toà nhà văn phòng. Set cũng phong phú đa dạng không bị chán. Chị chủ niềm nở nhiệt tình hỏi khách (khen mình mấy lần liền nhé)
#italianfood
#saigon
#diningreview","62",,"1",,"44","17",,,"1"
"6","Cẩm thị
#saigon #dinningreview

https://maps.app.goo.gl/xdJwLizXkWg2HesN6?g_st=ic

Thấy trên tóp tóp nên tò mò ăn thử. 

Phù hợp tiếp khách, món ăn ngon vừa miệng. View quán đẹp. 

Gọi 1 phần canh chua cá bông lau, đặc biệt ở đây có măng chua bỏ vô ăn lạ, giòn. 
Ba rọi mắm tép
Cá cơm cát chiên giòn với tỏi ăn cũng lạ miệng.

Chỉ có 16 bàn nên cần book trc. Nhưng hnay lại vắng. 
Món ăn cũng tương đối k nhiều, nhưng thấy chất lượng và tươi, khau phần lớn phù hợp cho đi đông. Giá phù hợp với chất lượng. Mâm trong hình luôn trà, cà phê sáng 520k. 

Trước 10:30 bán cf, sau đó bán cơm tới tối.

Recommend","22",,,,"21","1",,,"1"
"11","Luna d'autunno - ổn định và chất lượng
-----
🧑‍🦯 Nhân 1 ngày trời mưa sập mặt, shopping một chút ở Tràng Tiền thì không thèm gì hơn ngoài pizza mới ra lò. Không có địa điểm nào hợp hơn để quay lại ngoài Luna d'autunno. 
Mình có book lịch 2ng nhg cuối cùng vẫn quá mưa nên chỉ đi 1 mình. Ngoài đồ ăn thì ấn tượng lớn của mình ở quán vẫn là service. Các bạn cực kì dễ thương, thân thiện bắt chuyện với mình và tới lúc ra về vì trời mưa mà mình hơi lỉnh kỉnh đồ đạc còn cẩn thận đề nghị cầm túi ra xe giúp mình dù mình có ô. Không gian nhỏ xinh, hơi tối 1 chút nhg ấm cúng vẫn có điều hoà. 
Pizza vẫn là đặc trưng của nhà hàng và thể hiện sự ổn định về chất lượng món ăn. Các nguyên liệu tươi, không lấn át mà hoà quyện về hương vị. Đế bánh mỏng, nướng vừa chín tới và giữ đc các topping không rơi rớt. Ngon nên dù ăn không hết ngoài việc gói đem về thì mình vẫn ord thêm 1 chiếc đem về. 
Các món khác thì ở mức độ hoàn thiện tới ngon 😂 Mình ngồi ngay cạnh 1 gia đình ng nước ngoài họ cũng khen các bánh và món khác. Tầm giá cũng vừa phải 2 bánh, 1 sprite của mình full phí tầm 510k và bánh không hề nhỏ. 
#diningreview #hanoi","112",,"2",,"101","9",,,"11"
"85","Lần thứ 2 trở lại Déglacer. Với một couple Việt - Pháp như chúng mình thì đây là một trong những nhà hàng Pháp ưng nhất tại Hà Nội ở thời điểm hiện tại.

📍 So với lần đi trước từ cuối năm ngoái, mình thấy thực đơn hiện tại của Déglacer ""chất"" hơn, vẫn giữ lại những signature nổi bật : Súp hành tây, Pate en croute, Ức vịt lên tuổi... cùng nhiều lựa chọn mới hay ho như Mực nhồi kèm xốt hải sản dugléré, Thỏ hầm vang trắng và mù tạt... Điều khiến mình ấn tượng là các món tại đây mặc dù rất truyền thống nhưng lại không hề ""basic"" - ví dụ như súp hành tây phủ bánh ngàn lớp, hay những loại xốt được coi là ""mother sauce"" của ẩm thực Pháp nhưng vẫn có một số điểm nhấn sáng tạo riêng. Có lẽ Chef Hiếu (Snug Table trước đây) phải là một người rất hiểu và yêu ẩm thực Pháp, thì mới có thể tạo ra được một thực đơn có thể dùng từ ""vững chắc"" như vậy.

Và đã là nhà hàng Pháp thì đương nhiên không thể thiếu vang ngon. Mình cũng thích các lựa chọn vang theo ly tại đây, quả thực không ngạc nhiên khi biết Tiên - partner của chef Hiếu và cũng là co founder của Déglacer - là người được đào tạo bài bản (WSET2). House wine tại đây chỉ 135k++ thôi nhưng rất ổn, kết hợp tốt với hầu hết món.

Tụi mình tới vào một ngày cuối tuần, nhà hàng vẫn khá vắng có lẽ vì nhiều lí do: Vị trí không phải trung tâm, phân khúc giá tầm 1 triệu/người này thực sự là rất cạnh tranh, đợt này lại đang mùa nghỉ hè của cộng đồng người nước ngoài sinh sống tại Hà Nội. Thế nhưng không khí vẫn rất thoải mái và thư giãn, với ấm nhạc và ánh sáng đều ở mức hợp lý. Có những địa điểm ăn xong là thanh toán ra về luôn, nhưng cũng có những nơi no rồi mà vẫn muốn nán lại gọi thêm ly vang để tỉ tê - Déglacer với mình là nơi như vậy.

📍 Dưới đây là ảnh tổng hợp từ 2 lần đi, cùng thực đơn mới nhất để mọi người tham khảo.

#ẩmthựchiệnđại #diningreview #deglacer #ẩmthựcPháp","135",,"1",,"113","21",,,"17"
"29","Sườn bò hầm ngon nhứt Hà Nội, ăn chuẩn hương vị hồi mình đi bên Hàn 😅😅😅

Còn nướng bên này thì thấy hơi overprice 😅😅 nói chung phân khúc đắt phết. Đến đây gọi một lượt menu thì thấy hợp mồm món sườn bò hầm và trứng hấp phô mai. Lần tới sẽ thử món ghẹ ngâm tương. À panchan oke nhưng hơi ít ko được đa dạng lắm

Và đi bộ sang đường là hàng bánh Foremost iu thích của mình. Nói chung đến mạn Mỹ Đình auto nhiều hàng đỉnh

Samwonjung - Mỹ Đình

#diningreview
#samwonjung","101",,"4",,"93","4",,,"17"
"4","Có bạn gửi cho mình cái này. Đùa chứ từ ngày lập nhóm, lần đầu tiên tất cả admin đều phải chung quan điểm: chef mồm ngoa mà khách cũng mồm điêu. 49 gặp 50 thôi.
Thích lên group dẫn dắt theo ý mình. Ai đưa ra ý kiến là vu cho nói xấu nó. Đã nhịn rồi, nay có bạn gửi cho cái ảnh lu loa này thì thôi, tiễn bạn lên đường. Và gửi kèm nội quy group nhé: CHÚNG TÔI KHÔNG CÓ NGHĨA VỤ PHỤC VỤ CẢM XÚC CỦA BẤT CỨ CÁ NHÂN NÀO. 
Group không hoan ngênh thành viên như này! 😛
#diningreview","187",,"1","30","140","13",,"3","2"
"2","#diningreview #hcm #saigon 

Hakata Ineya | 22 Ngô Văn Năm, Q1

Ngon, bổ, rẻ. Tạm thời best cơm lươn SG.

Nhân viên 💯đ chuẩn omotenashi.

Special thanks to @saigon_anchan for introducing this restaurant.","34",,,,"33","1",,,"4"
"10","#dinningreview #tâmsumong #thởdai

Nh khi k biết nhiều chủ quán mở cà phê tốn tiền tỉ thuê mặt bằng, thuê nhân viên, quậy nước với cà, đổ sữa vô là có thể làm giàu, đổi đời được. 

Thường tâm lý khi mở quán cà phê là thường gom tiền mấy năm trời đi làm công xong nghĩ là chiến này sẽ đổi đời rồi, 1 năm thu hồi vốn, còn lại là tiền lời :)). 

Có lời đó, nhưng là lời review 1 sao của khách dành cho quán khi vô quán có vài khách, nhân viên say hello nhưng khách về k say gud bye, xe của khách khách tự dắt vô, tự dắt ra, không có hướng dẫn đậu xe, k bảo vệ, khách đi ra nhân viên ngồi bấm đt xem như k phải việc của mình. Cái mặt bằng, phong thủy nhìn ngon mà dàn nhân viên tệ coi như xong. Chủ k có mặt ở đó ở nhà ngồi đếm ngân lượng. Thời kinh tế đi lên có thể du di, chứ năm nay đang thấy khó thở mà vẫn còn tâm lý này thì thua. 

Sôme bá đì say muốn ai phá sản mau chóng hãy dụ làm FnB, chính xác là như vậy, quá nhiều hạng mục cần phải master, quá nhiều biến số từ vật liệu, nguyên liệu, nhà cửa, điện, nước, và quan trọng 1 mà nhiều biến động 1 là yếu tố con người, đối đãi nhân viên ra sao, tiếp khách ra sao. K phải có tiền r quăng 1 cục đó là nó nở ra x2 x3 :)).

Vẫn ấn tượng bên chill corner, nhân viên A hay tiếp mình và nhớ mình hay uống gì, lần nào vào cũng hỏi a uống như cũ à, lần đó k có nhân viên A, thì có nhân viên B, dù mình chưa gặp lần nào nhưng nó cũng biết mình uống như vậy luôn. 
+1 service. 

Những cái rất nhỏ, nhưng là điểm cộng lớn về trải nghiệm khách hàng, 2025 rồi ng ta hơn nhau về trải nghiệm khách hàng, chứ k còn là quán đẹp, đồ xịn, nước uống ngon nữa. Mà là trải nghiệm overall tất cả. Khó, để hiểu được cần tốn khá nhiều tiền, tiền ngu :)) 

See less","41",,,,"36","5",,,"2"
"142","🍕 𝐏𝐢𝐳𝐳𝐚 𝐑𝐮𝐨̂̀𝐢 – 𝐊𝐡𝐢 𝐃𝐚𝐧𝐡 𝐓𝐢𝐞̂́𝐧𝐠 𝐋𝐚̀ 𝐆𝐢𝐚̂́𝐲 𝐌𝐢𝐞̂̃𝐧 𝐓𝐫𝐮̛̀ 𝐂𝐡𝐨 𝐓𝐡𝐚́𝐢 𝐃𝐨̣̂ 𝐓𝐡𝐮̛𝐨̛̣𝐧𝐠 𝐃𝐚̉𝐧𝐠 🪰

Cuối tuần ghé 𝐌𝐚𝐫𝐠𝐡𝐞𝐫𝐢 – nhà hàng tự hào 𝐓𝐨𝐩 𝟒𝟖 𝐜𝐡𝐚̂𝐮 𝐀́ 𝐓𝐡𝐚́𝐢 𝐁𝐢̀𝐧𝐡 𝐃𝐮̛𝐨𝐧𝐠 (trong cuộc thi có 𝟓𝟎 𝐭𝐡𝐢́ 𝐬𝐢𝐧𝐡).
Được ""thưởng"" 𝐩𝐢𝐳𝐳𝐚 𝐩𝐡𝐨̂ 𝐦𝐚𝐢 𝐤𝐞̀𝐦 𝐫𝐮𝐨̂̀𝐢 🤢.

👨‍🍳 Bếp trưởng Ý 𝐂𝐢𝐫𝐨 𝐒𝐨𝐫𝐫𝐞𝐧𝐭𝐢𝐧𝐨 bê bánh vào, gắp ruồi, hâm lại, bê ra.
🚫 Không xin lỗi. Không giải thích. Không quan tâm.

🗣️ Thắc mắc vì sao không đổi bánh, nhân viên đáp:
""𝐂𝐡𝐮̉ 𝐞𝐦 𝐧𝐨́𝐢 𝐱𝐮̛̉ 𝐥𝐲́ 𝐯𝐚̣̂𝐲 𝐝𝐮̛𝐨̛̣𝐜 𝐫𝐨̂̀𝐢.""

🌍 𝐃𝐚𝐧𝐡 𝐭𝐢𝐞̂́𝐧𝐠 𝐭𝐡𝐞̂́ 𝐠𝐢𝐨̛́𝐢, nhưng xử lý ruồi như 𝐪𝐮𝐚́𝐧 𝐯𝐢̉𝐚 𝐡𝐞̀.
Một con ruồi nhỏ 🪰 – đủ bóc trần cả hệ tư duy:
""𝐓𝐨̂𝐢 𝐠𝐢𝐨̉𝐢, 𝐭𝐨̂𝐢 𝐤𝐡𝐨̂𝐧𝐠 𝐜𝐚̂̀𝐧 𝐭𝐨𝐧 𝐭𝐫𝐨̣𝐧𝐠 𝐚𝐢.""

🎓 𝐆𝐢𝐨̉𝐢 𝐥𝐚̀𝐦 𝐛𝐚́𝐧𝐡 không đồng nghĩa với 𝐠𝐢𝐨̉𝐢 𝐥𝐚̀𝐦 𝐧𝐠𝐮̛𝐨̛̀𝐢.
🍽️ 𝐏𝐢𝐳𝐳𝐚 có thể xuất sắc, nhưng 𝐭𝐡𝐚́𝐢 𝐝𝐨̣̂ 𝐭𝐡𝐮̛𝐨̛̣𝐧𝐠 𝐝𝐚̉𝐧𝐠 thì không nuốt nổi.

#diningreview 
#margherí #phumyhung #hochiminh #neapolitanpizza #italianrestaurant #50toppizza #gamberorossoibternational","338","3",,"49","221",,"7","58","10"
"8","Hải Phòng foodtour, toàn ăn bình dân 
1. Món nổi tiếng nhất- bánh đa cua Hải phòng, món này quá nhiều địa chỉ nên không biết ngon nhất nhì hay không nhưng tổng thể là ưng, vừa miệng, nước cua nấu với bầu bào sợi nên rất ngọt, sợi bầu không nát, nước dùng trong, topping hào phóng với bề bề, thịt cua, chả cua, chả lá lốt, rau ăn kèm sạch sẽ. Chợ Cố Đạo, 100 Trần Nhật Duật
2. Đi gần hàng bánh đa cua là hàng ăn vặt, mình ăn gỏi sứa đỏ chấm bỗng và cuốn. Lần đầu ăn kiểu này thấy cũng hay, ăn rau sắn thuyền, bỗng nấu thơm, chua ngọt
3. Ốc luộc mắm cô Hà, 47 Chu Văn An, cả dọc là các hàng ăn vặt, đông khách, nước chấm pha khá ngon, rắc cả rau mùi, lá chanh, bán trà quất nữa. Cái món ốc hút ăn thích phết
4. Gà tần ở 60 Cát Dài, bán từ 3:00, gà rất ngon, nhỏ nên thịt mềm ngọt, 1 phần đùi ăn vừa, rau ngải cứu ngấm kỹ nước tần béo ngậy. Bán mang về đóng gói chuyên nghiệp
#haiphongfoodtour
#diningreview","38",,"2",,"32","4",,,"6"
"17","🌿 Hồi Chay – 81 Quán Thánh, Ba Đình, Hà Nội

Hôm mình ghé Hồi Chay cũng đúng một ngày mưa, trong căn biệt thự mang hơi hướng miền Nam nước Pháp. Ấn tượng đầu tiên là nhân viên cầm ô đón khách từ ngoài, đồng phục xanh cốm, bát đũa và không gian đều tinh tế, nhẹ nhàng. Đặc biệt, phía sau quán còn có thiết kế những dải lụa tượng trưng cho hoa sen vừa độc đáo, vừa tạo cảm giác nhẹ nhàng, rất hợp với tinh thần của một nhà hàng chay.

Ban đầu mình tò mò tới đây bởi menu khá giống Sahdu, giá cũng ngang nhau. Nhưng khi trải nghiệm thì khác hẳn: định lượng vừa phải, đa dạng và nhiều món đáng nhớ. Buffet ở đây theo kiểu gọi món tại bàn, bảng tên đặt bàn được gài sẵn khi đến, một chi tiết nhỏ nhưng cho thấy sự chăm chút. Nhà hàng còn mời một ly nước nhỏ trước bữa ăn để kích thích vị giác.

✨ Điểm khác biệt lớn: dù là buffet, nhưng phong cách phục vụ giống nhà hàng gọi món, thậm chí có phần cá nhân hóa. Nhân viên đọc order kỹ, gợi ý thứ tự ăn để thưởng thức được nhiều món, và nhắc khách cân đối lượng gọi.

🥗 Trải nghiệm buffet
 • Khai vị & Salad: Gỏi đậu rồng vị sả tắc cay nhẹ, sen vua Hạ Vị thanh mát.
 • Món cuốn: Cuốn thính Đinh Lăng, lá lốt Huyền Không, bánh hỏi Viên Minh, canapé pate nấm trình bày đẹp, hương vị hài hòa.
 • Đồ chiên – xào: Đậu sốt mận me chua ngọt cân bằng, củ sen phô mai giòn thơm, khoai giòn rong biển lạ miệng.
👉 Các món liên quan đến đậu đều làm rất ngon, vị vừa miệng, đậm đà và không bị khô.
 • Món chính: Bánh mì Đinh Ngang vị cà ri giòn ngon nhưng kén vị. Tảo xoắn om cà tím là món mình thích nhất đậm đà, gợi nhớ ốc om chuối đậu. Nấm kho tiêu xanh thơm nồng, xôi quê dẻo bùi, và bánh chưng mềm dẻo vừa miệng.
 • Canh & súp: Canh chua Nam Bộ chua cay hài hòa. Súp thảo mộc thanh nhưng chưa đủ ấn tượng.
 • Tráng miệng: Tào phớ Thiên Thanh, chè sen, sữa chua Hạ Long, bánh bò, lăn dưa hấu trang trí xinh ngọt vừa, thanh mát.

Một số món mình thấy chưa thực sự nổi bật: bong bóng mơ đào, bánh đúc, canh rong biển, gỏi cổ hũ.

✨ Điểm nhấn ngoài menu
Khoai lang ngàn lớp sốt nấm truffle lớp khoai vàng giòn, bùi ngọt, ăn cùng sốt truffle dậy hương. Món này ngoài menu nhưng lại trở thành highlight khó quên.

🥂 Đồ uống
Mình gọi nước ép lê với la hán vị ngọt thanh, mát, lại trình bày đẹp mắt. Kết hợp cùng đồ chay nhẹ nhàng, đồ uống này hỗ trợ khẩu vị rất tốt. Giá dao động từ 70k – 90k/cốc.

🌟 Tổng kết
2 người, mình gọi được 31/68 món. Với giá 328k/người, Hồi Chay mang lại trải nghiệm chỉn chu, nhiều món đặc sắc (đặc biệt là các món từ đậu), không gian đẹp và dịch vụ tận tình. Nhân viên rất nhẹ nhàng, hiểu menu, biết cách nói chuyện và tư vấn cho khách. Nếu phục vụ nói to, rõ ràng hơn một chút thì sự kết nối với khách sẽ còn tốt hơn nữa.

Đây chắc chắn là nơi mình muốn quay lại có lẽ vào một ngày nắng đẹp để vừa ăn vừa ngắm trọn biệt thự xanh cùng dải lụa sen phía sau, một không gian gợi cảm giác rất an yên.

#DiningReview
#HoiChay
#BuffetChayHanoi
#VegetarianCuisine
#FoodieExperience","64",,"2",,"58","4",,,"7"
"2","Nhà ba Teria cafe
Nhà ba teria. #dinningreview #cafe #hcm

Hơi bất ngờ khi chủ nhà xây nguyên căn nhà rất đẹp, tầng trệt bán cf còn trên lầu để ở. 

Sau tg soft opening thì đã mở chính thức. 

Thấy rất nhiều món macha, bánh và cà phê ok. 

Chung Đơn vị thiết kế cho Hum, Chillcorner nên mang vi bé rất ok. Mình cũng hay ngồi Chillconer võ văn tần. 

Recommend.","18",,,,"17","1",,,"2"
"20","Godmother Hà Nội 
---
Tranh thủ một hôm thời tiết ổn hơn để đi brunch. 
Điểm tốt: 
- Địa điểm đẹp, ngay cạnh nhà thờ lớn nên view khá thoải mái
- Tầm giá vừa phải: 200-300k có thể ăn no đc
Điểm trừ: 
- Service giờ cao điểm bị quá tải nên chưa trọn vẹn
- Đồ ăn hơi gây thất vọng, không hoàn chỉnh 
- Số đth ko gọi đc 😂 (số sai nên ko có ai nhấc máy luôn) 
----
Chi tiết:
Mình đi sát giờ nên tự biết nên gọi trực tiếp để gọi nhà hàng xem còn chỗ không thì đi bên khác. Nhg gọi 4 lần thì số điện thoại hiện đang dùng trên website/FB/ ggl đều ko bắt đc do sai số nên mn gọi ko đc đâu. Đến nơi thì hết bàn nên phải đứng chờ. Cái này cũng 1 phần do mình gấp nên chờ cũng phải th nhg sai số điện thoại thì là lần đầu tiên. 
Quán đông nên gọi phục vụ rất khó khăn, mình xem xong menu nên gọi b phục vụ 4 lần mới đc. Th thông cảm, giờ cao điểm vậy. Mình nghĩ ai muốn thử nên tránh khung giờ 11:00-1:30 này đi xem tnao. 
Mình gọi 3 món: Moon pie, Eggs Benny, Chicken Parfait Toast + 2 nước. Nước thì không complain nhiều lắm, americano và sinh tố vừa vị và rõ từng thành phần là đc r. Giá thì tầm 70 đổ lên.
2 món mặn đem ra thì bọn mình nch tầm 2-3ph mới ăn. Nhg thật sự Egg Benny cực kì nguội, khá bất ngờ vì nguội nhanh đến vậy luôn dù thật ra lúc đầu đã ko có tí hơi nóng nào rồi. Phần lòng đỏ gần như đã chín hẳn.  
Món Parfait là Chicken liver parfait nêm vừa vị nhg phần toast thì dai và nguội vô cùng. 
Món Moon pie có mứt việt quất chua ngọt ở giữa để cân bằng vị. Nhg ai không quá hảo ngọt nên cân nhắc vì lớp lemon marshmallow ko rõ vị và choco ngọt lắm. 
Nhìn chung trải nghiệm của m chưa quá tốt nhg nhà hàng cũng tiếp thu ý kiến đầy đủ và lịch sự nên lần tới nếu muốn brunch view nhà thờ cổ kính quanh mạn hồ Hoàn Kiếm mình có thể sẽ cân nhắc nhg sẽ đi dịp gần Tết cho vắng 😂 Lần trc đi Capos buổi trưa cận Tết mỗi 2ng bao cả nhà hàng. Xin chấm 5.5/10. 
#diningreview #hanoi","37",,,,"35","2",,,"3"
"32","Em là Thảo từ nhà hàng Oak Wine Boutique – 6B Tràng Thi, Hoàn Kiếm, Hà Nội.

🌹Oak Wine Boutique xin chân thành cảm ơn Ban quản trị và các thành viên group đã tạo nên một cộng đồng ẩm thực chất lượng, cũng như đã ghé thăm Oak Wine và dành nhiều tình cảm cho nhà hàng.

🍷Oak Wine luôn mong muốn mang đến một không gian ấm cúng, lãng mạn, nơi khách hàng có thể thưởng thức rượu vang tinh tế, kết hợp cùng ẩm thực Pháp như steak, cừu hay gan ngỗng. Oak Wine cũng tự hào là nhà hàng duy nhất sử dụng toàn bộ ly, cốc và decanter pha lê Riedel, cùng chiếc balcony “chill” nhìn xuống phố Tràng Thi.

♥️ Nhân dịp này, Oak Wine Boutique xin gửi ưu đãi đặc biệt đến hết 25/9/2025 tới các thành viên group Dining Review:
 • Giảm 15% trên bill đồ ăn
 • Tặng thêm dessert

Anh/Chị vui lòng đặt bàn qua:
🍷FB Oak Wine Boutique 
☎️ 098 123 0079

❤️ Rất mong được tiếp tục chào đón Anh/Chị tại Oak Wine Boutique 🥰

#diningreview
#OakWineBoutique
#Số #Sáu #TràngThi #Hanoi
#gioithieunhahang","99",,"3",,"74","22",,,"10"
"27","Chiều thứ 7 vừa rồi mình tình cờ ghé Hudson Room ở Capella Lê Phụng Hiểu, đúng lúc Happy Hour nên có trải nghiệm khá bất ngờ ở đây.
Bất ngờ vì một phần lâu rồi mình cũng hơi ngại mấy nơi fancy như này - dạo này mình toàn đi dép xỏ ngón áo sơmi thôi, vào không sợ bị đánh giá nhưng cũng lo làm không đúng nhịp điệu phá vibe mọi người ở đấy :)) Nhưng thật ra Hudson Room có một vibe dễ chịu hơn mình nghĩ rất nhiều.

Nhân viên ở đây trẻ xinh là đã mê rồi. Hôm đó mình gọi sour mash, em nhân viên còn dạy pair whiskey với hàu kiểu New York thời xưa - khi ông Hudson tìm ra cái sông ở NYC bây giờ, sông có nhiều hàu và ổng bán rượu :))) Nghe cũng thú vị, biết đâu có thật có không thì không rõ nhưng nghe vui. Thường thì hàu mọi người hay pair với vang trắng, lần đầu mình thử combo này, rất ổn nhá các bác thử xem.

Không gian không quá rộng, đi nhóm nhỏ hoặc solo cũng ok. Ở tầng 7 view không quá đẹp nhưng thiết kế nhiều cửa sổ lớn, ánh sáng tự nhiên nhiều và ngay cả hôm mình ngồi trời âm u cũng có nét riêng rất chill. Đến tầm gần tối 6.30 thì dimming nhẹ nhàng, trải nghiệm rất chi tiết đúng chuẩn chỉ :)) toilet có set kiểu cho power room trước đó mình đi ăn bánh cuốn mắm chả ngập mồm nên cộng thêm mấy điểm 😀

Tóm lại, hàu tươi ngon, happy hour menu uống khá đa dạng, chưa kể mua 1 tặng 1, không gian nhẹ nhàng không quá trịnh trọng so với thiết kế của khách sạn. Khách mix tây ta đủ kiểu mọi người mặc đồ cũng đủ lịch sự và thoải mái chứ không quá cồng kềnh. Hôm tới chắc sẽ ngồi lâu hơn để thử cả đồ ăn.
Ah bonus là snack cũng ngon :))

#diningreview #hanoi #CapellaHanoi","128",,"1",,"122","5",,,"14"
"14","Doncook - 130 Trung Hoà
---
3h sáng lên kèo trưa đi ăn luôn 
Đồ lên nhanh, nóng, nhân viên nhanh nhẹn, kha khá người Hàn ăn ở đây. Banchan kèm suất ăn, fill up liên tục dù ko fill up vì nhiều quá sao ăn hết đc và khá chuẩn vị Hàn. Thịt mềm, tẩm ướp hợp vị. 
Không gian thoáng, rộng, mát mẻ. 
2 người ăn chưa hết 700k. Chắc chắn sẽ quay lại nếu thèm 1 bữa trưa nhanh gọn ở khu vực này.
#diningreview  #hanoi","29",,,,"28",,,"1","2"
"1","🍣 Roru – Omakase dễ chịu, giá hợp lý

📍 Địa chỉ: 50 Nguyễn Quyền, Nguyễn Du, Hai Bà Trưng, Hà Nội

Mình ăn course Balance (1tr5) gồm các món:
Zensai – Abalone, Ankimo Liver – Seasonal Sashimi – Chawanmushi – Wagyu – Vegetable Roll – 3 Chef Sushi – Kaisen Roll – Dashi Soup – Sweets

Đánh giá chung:

Đồ ăn tươi, trình bày đẹp, hải sản và bò đều chất lượng

Không gian nhỏ, ấm cúng, nhân viên dễ thương, lễ phép

Có xịt vàng lên bào ngư, với mức giá này mà thức ăn tươi, có cả bò lẫn hải sản, xịt vàng thì quá ổn.

Ăn xong no ná thở, đúng nghĩa đủ món và đáng tiền

Với mức giá này thì rất nên thử nếu muốn một bữa omakase chỉn chu, dễ tiếp cận hơn so với fine dining đắt đỏ.
#omakase #diningreview #hanoi","34",,,,"30","4",,,"7"
"4","VETERAN Hoàn Kiếm -29 Lê Duẩn, HN - Quán nướng BBQ chuẩn Hàn Quốc các bạn nhất định nên tới thưởng thức 🌈🌈🌈

*Đồ ăn:

Các loại thịt hay hải sản đều rất tươi và được nướng trên tảng đá lớn, được đo nhiệt độ cho từng loại thích hợp, đặc biệt thịt được ủ nên khi ăn rất tươi ngon.
Thịt bò Wagyu Nhật hay Usda prime cao cấp với mức giá rất hợp lý.
Ngoài thịt nướng thì nhà hàng còn có cơm rang kim chi, mỳ tương đen và mỳ lạnh siêu đỉnh.
Panchan thì đủ loại và cứ gần hết là dc auto fill đầy.

*Không gian:
Sang trọng, ấm cúng nhưng lại rất gần gũi, rất Korea.

*Service:
Mỗi bàn ăn đều có nhân viên nướng thịt hộ để đảm bảo thịt được nướng đúng chuẩn.
Các bạn nhân viên siêu dễ thương, nhiệt tình .

Mình highly recommend tới các tín đồ sành ăn 👌","29",,,,"29",,,,"4"
"4","🇻🇳 🍲 𝐁𝐢𝐫𝐲𝐚𝐧𝐢 𝐬𝐨𝐮𝐩 – món 𝐜𝐨̛𝐦 𝐤𝐢𝐧𝐡 đ𝐢𝐞̂̉𝐧 của 𝐀̂́𝐧 Đ𝐨̣̂ nay được 𝐛𝐞̂́𝐩 𝐭𝐫𝐮̛𝐨̛̉𝐧𝐠 𝐍𝐞𝐥 biến hóa đầy bất ngờ thành một bát 𝐬𝐮́𝐩 ấm áp và tinh tế.
🌿 Từ một món 𝐜𝐨̛𝐦 𝐤𝐢𝐧𝐡 đ𝐢𝐞̂̉𝐧, hương vị đậm đà của 𝐁𝐢𝐫𝐲𝐚𝐧𝐢 bỗng trở thành một tổng thể mềm mại, vừa gợi 𝐤𝐲́ ứ𝐜 về sự 𝐭𝐡𝐚̂𝐧 𝐭𝐡𝐮𝐨̣̂𝐜, vừa mở ra một trải nghiệm 𝐟𝐢𝐧𝐞 𝐝𝐢𝐧𝐢𝐧𝐠 mới mẻ.
✨ Đây không chỉ là sự 𝐬𝐚́𝐧𝐠 𝐭𝐚̣𝐨 trong ẩm thực, mà còn là lời nhắc nhở rằng những 𝐦𝐨́𝐧 𝐚̆𝐧 𝐪𝐮𝐞𝐧 𝐭𝐡𝐮𝐨̣̂𝐜 vẫn có thể chạm đến 𝐭𝐫𝐚́𝐢 𝐭𝐢𝐦 theo một cách khác.

---

🇬🇧 🍲 𝐁𝐢𝐫𝐲𝐚𝐧𝐢 𝐬𝐨𝐮𝐩 – the 𝐢𝐜𝐨𝐧𝐢𝐜 𝐫𝐢𝐜𝐞 𝐝𝐢𝐬𝐡 of 𝐈𝐧𝐝𝐢𝐚𝐧 𝐜𝐮𝐢𝐬𝐢𝐧𝐞, unexpectedly reimagined by 𝐂𝐡𝐞𝐟 𝐍𝐞𝐥 into a warm and refined 𝐬𝐨𝐮𝐩.
🌿 From a 𝐜𝐥𝐚𝐬𝐬𝐢𝐜 𝐬𝐭𝐚𝐩𝐥𝐞, the rich flavors of 𝐁𝐢𝐫𝐲𝐚𝐧𝐢 are transformed into a smooth and elegant whole, evoking both 𝐦𝐞𝐦𝐨𝐫𝐢𝐞𝐬 𝐨𝐟 𝐜𝐨𝐦𝐟𝐨𝐫𝐭 and introducing a new 𝐟𝐢𝐧𝐞 𝐝𝐢𝐧𝐢𝐧𝐠 experience.
✨ It is not merely about 𝐜𝐮𝐥𝐢𝐧𝐚𝐫𝐲 𝐜𝐫𝐞𝐚𝐭𝐢𝐯𝐢𝐭𝐲, but also a gentle reminder that even the most 𝐟𝐚𝐦𝐢𝐥𝐢𝐚𝐫 𝐝𝐢𝐬𝐡𝐞𝐬 can touch the 𝐡𝐞𝐚𝐫𝐭 in extraordinary ways. #LanChiUniverse #lifestyle #indiancuisine #biryanisoup #finedining #saigonfood #chefnellyrobinson

#NELRestaurant

#diningreview #LanChiUniverse #lifestyle #biryanisoup #finedining #saigonfood","20",,,,"15","5",,,"0"
"12","The Hudson Rooms – Rooftop Capella Hà Nội: Sang xịn mà giá lại rất hợp lý
Nếu bạn đang tìm một nơi vừa ngon – vừa sang – view đẹp, lại phù hợp để hẹn hò hoặc chill cuối tuần, thì Hudson – nhà hàng rooftop của khách sạn Capella Hà Nội – là một lựa chọn cực kỳ đáng thử.

✨ Không gian & vibe:
Nằm ngay trên rooftop của khách sạn Capella, Hudson mang phong cách hiện đại – sang trọng, nhưng vẫn tạo cảm giác ấm cúng, lãng mạn.
Nhiều khách nước ngoài cũng ghé thăm, và bạn có thể chọn ngồi ăn hoặc chỉ uống ở quầy bar.

🍽️ Đồ ăn – tươi ngon, đáng tiền:
Hôm qua mình đi một mình, gọi một vài món để thử:
Prawn cocktail (320k): Tôm tươi, thịt chắc, sốt béo ngậy nhưng không ngán – khai vị hoàn hảo.
Hudson fries (95k): Khoai chiên nêm vừa miệng, giòn, ăn kèm món chính rất hợp.
Grilled sea bass (750k): Cá răng nướng thịt mọng nước, thơm và mềm, tan trong miệng.
Mocktail “Poem in the Stone”: Tên nghe rất thơ, vị nhẹ, không quá ấn tượng nhưng hợp để dùng cùng hải sản.

Điểm cộng và trừ nhỏ:
Khai vị tặng miễn phí:
Bánh mì vỏ mỏng giòn, ruột dày – ăn kèm bơ (bơ thì chưa được thơm lắm).
Một món finger food chiên – được tặng thêm nhưng khá bình thường, không để lại ấn tượng.

Tráng miệng:
Gọi thêm Kem Melba kiểu Việt Nam (175k) – vị sữa bột trẻ em và xoài chua gắt.
Cá nhân mình thấy chua quá mức, không hợp vị, ăn xong thấy hơi… ""sốc"", dù khẩu vị mỗi người khác nhau nha.

💰 Giá cả:
Tổng bill cho 1 người ăn full món + nước + tráng miệng là gần 1.9 triệu VND.
Với không gian, chất lượng món chính và trải nghiệm tổng thể thì mình thấy rất hợp lý. Mọi người tham khảo nhá
#dining #diningreview #Hanoi","120",,,,"111","9",,,"12"
"6","𝐖𝐡𝐢𝐬𝐤𝐞𝐲 𝐋𝐚𝐧𝐞 — một nơi trầm ấm và 𝐫𝐢𝐞̂𝐧𝐠 𝐭𝐮̛ giữa lòng 𝐒𝐚̀𝐢 𝐆𝐨̀𝐧. Không 𝐩𝐡𝐨̂ 𝐭𝐫𝐮̛𝐨𝐧𝐠, không 𝐨̂̀𝐧 𝐚̃, nơi đây dành cho những ai đã 𝐝𝐢̣𝐧𝐡 𝐡𝐢̀𝐧𝐡 được 𝐠𝐮 của mình.

Quán bar mang hơi thở 𝐡𝐢𝐞̣̂𝐧 đ𝐚̣𝐢 với 𝐭𝐫𝐚̂̀𝐧 đ𝐞̀𝐧 𝐋𝐄𝐃 𝐱𝐚𝐧𝐡 𝐦𝐚́𝐭, cân bằng bởi 𝐠𝐨̂̃ 𝐧𝐚̂𝐮 𝐭𝐫𝐚̂̀𝐦 và 𝐠𝐡𝐞̂́ 𝐝𝐚 tạo nên một 𝐛𝐚̉𝐧𝐠 𝐩𝐡𝐨̂́𝐢 𝐦𝐚̀𝐮 𝐭𝐢𝐧𝐡 𝐭𝐞̂́, đắt giá.

𝐊𝐡𝐨̂𝐧𝐠 𝐠𝐢𝐚𝐧 𝐯𝐚̆́𝐧𝐠 𝐤𝐡𝐚́𝐜𝐡 khiến cảm xúc 𝐜𝐡𝐢𝐚 đôi: một phần 𝐯𝐮𝐢 vì đã tìm thấy một nơi chốn cho những cuộc 𝐡𝐚̀𝐧 𝐡𝐮𝐲𝐞̂𝐧, phần còn lại là 𝐭𝐢𝐞̂́𝐜 𝐧𝐮𝐨̂́𝐢 cho một nơi 𝐜𝐡𝐚̂́𝐭 𝐥𝐮̛𝐨̛̣𝐧𝐠 vẫn chưa được biết đến nhiều hơn.

🍿 Space: 10/10
🍿 Drink: 9/10
🍿 Service: 9/10
🍿 Price: 8/10
✨ 𝐀𝐯𝐞𝐫𝐚𝐠𝐞 𝐑𝐚𝐭𝐢𝐧𝐠: 9.0/10

---

𝐂𝐇𝐈 UỐNG 𝐆Ì?

🥃 𝐖𝐡𝐢𝐬𝐤𝐲 𝐌𝐢́𝐭
Một 𝐲𝐞̂𝐮 𝐜𝐚̂̀𝐮 đ𝐨̛𝐧 𝐠𝐢𝐚̉𝐧: “𝐦𝐮𝐨̂́𝐧 𝐠𝐢̀ đ𝐨́ 𝐭𝐡𝐚̣̂𝐭 𝐧𝐠𝐨̣𝐭.” Và rồi, một ly 𝐜𝐨𝐜𝐤𝐭𝐚𝐢𝐥 xuất hiện, mang đến sự kết hợp vừa 𝐭𝐚́𝐨 𝐛𝐚̣𝐨 vừa 𝐝𝐮𝐲𝐞̂𝐧 𝐝𝐚́𝐧𝐠.
𝐕𝐢̣ 𝐧𝐠𝐨̣𝐭 𝐧𝐡𝐞̣ 𝐭𝐮̛̣ 𝐧𝐡𝐢𝐞̂𝐧 của 𝐦𝐢́𝐭 𝐜𝐡𝐢́𝐧, phảng phất 𝐡𝐮̛𝐨̛𝐧𝐠 𝐪𝐮𝐞̂ 𝐡𝐮̛𝐨𝐧𝐠, hoà quyện cùng 𝐰𝐡𝐢𝐬𝐤𝐲 𝐭𝐡𝐮̛𝐨̛̣𝐧𝐠 𝐡𝐚̣𝐧𝐠 tạo nên một 𝐭𝐨̂̉ 𝐡𝐨̛̣𝐩 𝐭𝐢𝐧𝐡 𝐭𝐞̂́ và 𝐛𝐚̂́𝐭 𝐧𝐠𝐨̛̀.

𝐁𝐚 𝐥𝐲 được rót ra — không phải vì 𝐭𝐡𝐢𝐞̂́𝐮 𝐥𝐮̛̣𝐚 𝐜𝐡𝐨̣𝐧, mà vì 𝐤𝐡𝐨́ 𝐝𝐮̛̀𝐧𝐠 𝐥𝐚̣𝐢.

---

WHISKEY LANE REVIEWED BY LANCHI

Whiskey Lane is a quiet note of 𝐥𝐮𝐱𝐮𝐫𝐲 in the heart of 𝐒𝐚𝐢𝐠𝐨𝐧. No fuss, no noise — a bar for those who has their taste defined. 
The ceiling’s green 𝐋𝐄𝐃 𝐠𝐥𝐨𝐰 meets deep wood and warm leather, composing a 𝐩𝐚𝐥𝐞𝐭𝐭𝐞 that feels both modern and timeless.
The space was almost empty — a joy for 𝐩𝐫𝐢𝐯𝐚𝐭𝐞 𝐜𝐨𝐧𝐯𝐞𝐫𝐬𝐚𝐭𝐢𝐨𝐧𝐬, yet a pity for a venue of this 𝐪𝐮𝐚𝐥𝐢𝐭𝐲 to remain undiscovered.

WHAT I ATE (DRANK):

🥃 𝐖𝐡𝐢𝐬𝐤𝐲 𝐉𝐚𝐜𝐤𝐟𝐫𝐮𝐢𝐭
A simple 𝐫𝐞𝐪𝐮𝐞𝐬𝐭: “something sweet.” What arrived was a 𝐫𝐞𝐟𝐢𝐧𝐞𝐝 𝐬𝐮𝐫𝐩𝐫𝐢𝐬𝐞 — 𝐣𝐚𝐜𝐤𝐟𝐫𝐮𝐢𝐭’𝐬 𝐚𝐫𝐨𝐦𝐚 and natural sweetness intertwined with the elegance of 𝐩𝐫𝐞𝐦𝐢𝐮𝐦 𝐰𝐡𝐢𝐬𝐤𝐲.
𝐋𝐢𝐠𝐡𝐭, 𝐛𝐚𝐥𝐚𝐧𝐜𝐞𝐝, and 𝐦𝐞𝐦𝐨𝐫𝐚𝐛𝐥𝐞. Three glasses later, the 𝐚𝐥𝐥𝐮𝐫𝐞 was undiminished.

---

𝐋𝐎𝐂𝐀𝐓𝐈𝐎𝐍: Ground floor, 15-17 Phan Văn Đạt, Bến Nghé, Quận 1, Hồ Chí Minh 

#LanChiUniverse #lifestyle #whiskeylane #cocktailbar #hiddenbar #saigonbar #diningreview","25",,,,"21","4",,,"1"
"2","Uchi Sushi- Omakase giá bình dân-Tphcm

Với mức giá 880k++ cho 15 món ở Uchi thì mình thấy khá rẻ dễ cho mọi người có thể tiếp cận. 
Theo lời giới thiệu của nhà hàng thì A bếp trưởng kiêm chủ quán là đã làm Bếp trong nhà hàng Nhật và Pháp đạt 2 sao Michellin ở Úc. Thấy cũng uy tín 😊

Các món mình ấn tượng ở đây:
🌼Món súp khoai tây và cà tím jelly với trứng cá tầm. Súp khoai tây được nấu theo kiểu súp hành của Pháp. 

🌼Trứng cà chua Consomme tomato cá hồi được nấu theo kiểu canh mây mang ký ức tuổi thơ của chef.

🌼Dĩa sashimi cá Madai,cá hồi với sorbet được mix với các loại rau thơm vị canh chua+ nước mắm và hành phi . Ăn dĩa này mà mình thấy như có 1 tô canh chua miền Nam trong miệng.

🌼 Món Amadai yaki .Cá Đổng Quéo từ biển Phú Yên sử dụng phương pháp xối dầu nóng để làm vảy cá xù lên , sau đó nướng cho lớp dầu chiết xuất ra ngoài , ăn cùng với gỏi xoài và hành Baro chiên giòn. Ăn miếng cá này mình cảm tưởng như ăn món cá Tai Tượng chiên xù của người miền Nam kết hợp với bánh Đa và vỏ quýt Nhật cực kỳ hợp.

🌼Tôm sú biển hấp nước dừa và gạch tôm . Tôm sú biển tươi đã ngọt thịt mà còn được hấp bằng nước dừa thì càng ngọt hơn.

🌼Kem trà xanh do quán tự làm cũng rất ngon. Chất lượng trà xanh tốt. 
 
⭐Tóm lại với mức giá như vậy thì cũng rất đáng thử. Cũng có bụng cá ngừ Ottoro và nhum biển,xịt vàng và khói mờ ảo.. Cũng vui!
Nhiều món kết hợp độc đáo mang hương vị Việt Nam rất sáng tạo.👌

♦Những điểm mình chưa ưng:
-Không gian quán Omakase chung với nhà hàng Ala carte nên hơi ồn. Mình có góp ý với chef thì được biết trong tương lai gần sẽ chuyển nhà hàng Ala carte+ Izakaya xuống tầng dưới
- Do hôm mình đi khách đông nên chef chỉ giải thích thành phần của món chứ chưa tương tác nhiều với khách.

🎁Quà tặng cho thành viên nhóm Dining Review tặng thêm 1 loại sashimi khi dùng Omakase.
Riêng thứ 3 và thứ 7 quán có giảm 50% cho tất cả các loại sashimi.
🔥Nhớ Book trước 1 ngày khi dùng Omakase vì chỗ ngồi cũng giới hạn và khá đông khách.

Ngoài ra quán còn có set Omakase 1tr480++ và 2tr480++. Lần sau có dịp mình sẽ thử.

Địa chỉ: Uchi Sushi 
142 Trần Não. Quận 2. Tphcm
#omakase
#diningreview
#tphcm","28",,,,"23","5",,,"2"
"34","Oak Wine Boutique – Số 6 Tràng Thi, Hoàn Kiếm, Hà Nội

Không nhớ nổi mình đã đến Oak Wine Boutique bao nhiêu lần trong suốt 3 năm qua, nhưng hơn một năm rồi mình không quay lại. Lý do thì đơn giản: mình nghĩ khi anh chủ đã chuyển vào miền Trung mở nhà hàng mới, thì có thể mọi thứ sẽ không còn như trước. Nhưng lần trở lại gần đây đã khiến mình thật sự bất ngờ.

Quán nhỏ xinh, nằm trên tầng 2 phố Tràng Thi, bước vào là thấy ấm cúng và riêng tư. Mình thích nhất là khu trưng bày ly toàn đồ xịn từ Riedel. Ai yêu rượu sẽ hiểu: một ly rượu ngon không chỉ ở chai, mà ly đúng chuẩn cũng quyết định hương vị. List rượu ở đây vẫn đỉnh như xưa, được chọn lọc kỹ bởi em trai chủ quán một sommelier có tiếng.

Điều mình ấn tượng là bạn nhân viên phục vụ tối hôm đó. Bạn không chỉ thuộc lòng menu, hiểu rõ từng loại rượu mà còn biết tư vấn pairing rượu món rất chuẩn. Trong lúc trò chuyện, bạn chia sẻ rằng: “Em làm ở đây, lương một phần là tiền nhưng phần thưởng lớn nhất là được thưởng thức những chai rượu quý mà có tiền cũng chưa chắc mua được.” Nghe câu đó, mình hiểu tại sao sự phục vụ ở đây lại đầy nhiệt huyết và tinh tế đến vậy.

Bọn mình chọn 2 ly vang trắng khai vị rồi mở một chai Kaiken – Argentina vang đỏ đậm, tannin mượt, vừa khui đã được decanter Riedel giúp vang thở tròn vị. Tapas cá hồi với kem chua và ô liu xanh là màn dạo đầu thanh mát, sau đó là beef carpaccio tươi, ít gia vị, kết hợp với Kaiken để vị ngọt thịt được tôn lên rõ rệt.

Súp đuôi bò ấm nóng, đậm đà, đi cùng vang đỏ. Đĩa thịt nguội tổng hợp với prosciutto, salami, paté béo mềm. Bánh mì bơ tỏi giòn thơm.

Salad rocket với thịt lợn Iberico thì nhà hàng trộn sẵn nên hơi ướt. Cá nhân mình thích để sốt riêng, khi ăn mới rưới lên sẽ giữ được độ tươi và tinh tế hơn. Món chính bít tết bò và sườn cừu nướng đều chín tới, ngọt mềm, nhưng phần mép vàng của bít tết hôm đó hơi khô, mình cũng góp ý để đầu bếp điều chỉnh. Tráng miệng là kem caramel mịn tan, và cuối buổi, quán tặng thêm ly cognac với chiếc ly xinh.

Không gian quán mang nét cổ điển. Đồ ăn không wow kiểu phá cách, nhưng đều tay, trình bày đẹp, và quan trọng là cảm nhận được sự chăm chút của bếp.

💰 Giá menu: từ 88-495k/món.
📌 Hóa đơn tổng 3.5tr. 

Điểm cộng: quán có ban công, hợp mùa thu để nhâm nhi vang, mở muộn nếu khách muốn ở lại, có piano, guitar để khách tự chơi hoặc hát cùng nhau.

👉 Đây là một nơi mình thấy ưng ý từ rượu vang, đồ ăn, không gian đến dịch vụ. Bạn cũng có thể tới thử để tự cảm nhận trải nghiệm nha! 

#DiningReview
#OakWineBoutique
#WineAndDineHanoi
#FoodieLifestyle","115",,"5",,"92","18",,,"25"
"38","Ushino Kura 
Gần 500k cho 5 bình trà theo hóa đơn, 3 người lớn 3 trẻ em <10t. Mỗi người nửa cốc rưỡi trà 🥲. 
Lần đầu check bill. 
Quá là bùn.
Từ khách quen trở thành khách cũ.","63",,,"1","59","1","1","1","2"
"62","#CieLDining
Hnay e có trải nghiệm ăn nhà hàng CieL 1 sao Michelin dù đồ ăn rất ngon nhưng e không hài lòng lắm.
         Đồ ăn của nhà hàng ngon không phải bàn rồi, món chim đỉnh chóp. Lâu lắm rồi e mới ăn 1 bữa mà thấy wow về chất lượng đồ ăn thế. Cả nhà e tấm tắc khen ngon, món nào cũng thấy vừa miệng.
          Nhưng mà bài này e muốn nói về thái độ phục vụ của nhà hàng. Về thái độ phục vụ chung thì cũng ok ko có vấn đề gì nhưng e chỉ thắc mắc 1 điều là tối nay nhà e 4 người chọn bàn bếp mở và có mỗi nhà e là người Việt còn lại là người nước ngoài mà Chef và nhân viên có thái độ phân biệt đối xử. Cụ thể là các khách khác được các bạn nv và chef ra hỏi han nói chuyện rất nhiệt tình, cười nói xôm lắm. Còn bàn e các bạn giới thiệu món xong quay đi luôn, bạn quản lý cả bữa cứ đi hỏi han nói chuyện với tất cả các khách nước ngoài còn bàn e hỏi được đúng 1 câu “đồ ăn có vừa miệng anh chị không ạ” rồi cũng lạnh lùng lướt qua. Trùm cuối làm e sốc nhất là Chef Hồng, nói chưa dứt câu giới thiệu món, e đang định hỏi mấy câu thì chỉ kịp nhìn thấy bóng lưng chef rời đi rất vội vã như vừa nói lời chia tay 1 cuộc tình, không cả nói mời anh chị 🥲 E cũng là người hay để ý nên nửa bữa ăn e đã nói chuyện vs mọi ng là sao ko thấy ai ra hỏi han nói chuyện với mình mà thấy nói chuyện vs khách nước ngoài nhiệt tình thế nhỉ, thì mọi ng đi cùng e chỉ cười bảo e để ý ghê thế. Nhưng sau quả chef Hồng quay lưng đi đó cả bàn e cùng sốc. Mọi người đều nhận ra sự khác biệt trong cư xử giữa mình với khách nước ngoài. Làm e tụt hết cả mood ăn uống. Ko biết do mình kém sang hay gì mà bị thái độ như thế. Mặc dù đồ ăn rất ngon nhưng e vẫn thấy tâm trạng tan chậm, kết ngày mất hết cả vui, đi ăn về thấy bực cả mình.
       Và vì vậy dù đồ ăn rất ngon thì e cũng sẽ không bao giờ quay lại với trải nghiệm trên!","254","1","3","3","226","6","1","14","14"
"100","Em có một câu hỏi muốn tham vấn mọi người. 
Nếu giờ có một dinner around 20-25tr/ng tại VN. Yếu tố nào khiến mn sẽ muốn xuống tiền cho một bữa ăn nthe?","97",,,"4","84","7",,"2","4"
"16","Hai tuần “ăn sập” Đà Nẵng  từ vỉa hè đến Michelin 

Trở lại Đà Nẵng sau một thời gian dài, mình mới thấy thành phố này thật sự là thiên đường ẩm thực: món ngon, giá hợp lý, phục vụ dễ thương. Chỉ trong hai tuần, mình đã rong ruổi từ quán vỉa hè dân dã đến nhà hàng được Michelin Selected và đây là những địa chỉ mà mình nghĩ bạn nhất định nên thử khi đến Đà Nẵng!

🍲 Đồ Việt
 • Bếp Xưa – 27 Nguyễn Chí Thanh: Mê nhất bánh tráng thịt heo, rau đủ loại, thịt thơm, mắm chấm đỉnh, ~125K/suất. Quán luôn đông khách bản địa & du lịch.
 • Donald Trung – 141 Đỗ Bá: Rau tươi tự chọn ăn thoả thích, thịt & bánh ngon, nước mắm chưa bằng Bếp Xưa. Giá 99K/suất, có bánh nậm 25K cũng ngon.
 • Bi Mỹ – Chợ Cồn: Chỉ 50K/suất, rau & nước chấm ngon, thịt hơi ít, quán nóng & đông.
 • Bếp của Ngoại – 165 Lê Quang Đạo: Cơm nhà ngon như mẹ nấu, giá 45–69K/món. Hai người ăn no nê 215K.
 • Madame Lân – 04 Bạch Đằng: Được Michelin Selected, đồ ba miền, không gian đẹp, giá hợp lý, 2 người ~499K.

🦞 Hải sản
 • Hải sản Châu Nga – 21 Nại Tú 2: Tôm chiên bơ tỏi xuất sắc, hải sản tươi, giá hợp lý (~800K/2 người). Điểm trừ: đông, chờ lâu.
 • Cổ Quán – 40 Hà Bổng: Nhân viên thân thiện, nhanh hiểu menu, khách Hàn nhiều. Sashimi tôm & ốc bulot hấp ngon, mình thích món sứa mắm nhĩ, hải sản nướng không ấn tượng.
 • Làng hải sản Cây Sung – 178 Võ Nguyên Giáp: Quán lớn, hải sản nhiều, giá hơi cao, đông khách Việt. Mình thử sò điệp nướng ngon, còn lại ốc hương trứng muối và cơm rang bình thường.
 • Gỏi cá Thanh Vân – 1635 Nguyễn Tất Thành: Gỏi cá trích ướt đỉnh, cơm rang giòn ngon, ốc gai hấp ổn, cá kiếm nướng bình thường (~400K/2 người).

🍜 Đồ Hồng Kông & Đồ Âu
 • HK Vinh Hạnh – 92 Phan Châu Trinh: Vịt quay, thịt quay, đậu Tứ Xuyên, cơm rang… món nào cũng ngon, giá hợp lý (~2 triệu/9 người).
 • Abodo Mexican Grill – 23 An Thượng 2: Tự chọn topping nachos, taco, salad, cocktail ngon.
 • L’Italiano – Lot 40 An Thượng 30: Quán Ý nhỏ, đông khách Tây, mình thử bruschetta, burrata salad, cazon ngon, giá hợp (~600K/2 người).

☕ Cà phê & Tráng miệng
 • Wonderlust – 96 Trần Phú: Quán đẹp, đông khách Hàn, nhiều cây xanh, đồ uống ngon (70–120K).
 • Kite Coffee – 35 Thái Phiên: Nhiều góc sống ảo, đồ uống rẻ (35–45K), có croissant trứng muối ngon.
 • East West Brewing – 1A Võ Nguyên Giáp: Cà phê ngắm biển Mỹ Khê, chill cực.
 • Kem bơ cô Thu – Chợ Cồn: Đông nhưng vị bình thường.

🍹 Quán bar cạnh biển
 • Holiday Beach Club – 300 Võ Nguyên Giáp: Không gian bàn ghế đẹp, tông trắng và phong cách lãng mạn, rất hợp cho hẹn hò, dating. Quán ngay sát biển, ngồi là chân chạm cát, vừa nghe tiếng sóng vừa tận hưởng gió biển. Có nhạc live hay, đồ uống ngon (~400K/2 người).
 • Maya Beach Bar – 284 Võ Nguyên Giáp: Ngay gần Holiday Beach, đông vui và nhộn nhịp hơn, khách Tây nhiều, DJ quốc tế. View biển đẹp, thích hợp cho những ai thích không khí sôi động, party vibe. Đồ uống chưa quá ấn tượng.

Đây là trải nghiệm cá nhân dựa trên gu ăn uống của mình. Nếu bạn có quán “ruột” ở Đà Nẵng, comment chia sẻ nhé để lần sau mình khám phá thêm!

#DiningReview
#DaNangFood
#AnSậpĐàNẵng
#FoodieVietnam
#ReviewQuanNgon","67",,,,"61","6",,,"32"
"4","Địa điểm Ăn uống ở Quy Nhơn (Phần 2)

Lần trước mình đã viết về các địa điểm ở QN phần 1. Nếu ai chưa xem xin xem link bên dưới bình luận.👇
Phần 2 mình bổ sung thêm 1 vài địa điểm mình đi Quy Nhơn vừa rồi ăn thấy ngon.

♦ Nem Nướng Chợ Huyện Olala
Địa chỉ: 24 Xuân Diệu. Tp Quy Nhơn
Nem nướng ở đây ngon cực. Mình đánh giá ngon hơn nem nướng ở Nha Trang. Thịt ướp rất thơm. Nước chấm được nấu bằng Gan Heo thơm đậm đà. Đến đây ngoài nem nướng phải ăn món bò nướng và bò nướng lá lót. 
Món Tré và Chả Ram ở đây cũng là đặc sản của quán nhưng mình ăn thấy chưa được ngon. Đừng kêu!

♦Bánh Xèo Quy Nhơn:
Sau khi ăn nhiều quán Bánh xèo Quy Nhơn mình thấy quán bánh xèo Gia Vỹ 1 ở 34 Diên Hồng có bột và nước chấm pha ngon nhất. Ngoài ra đến Gia Vỹ 1 phải ăn món Tré Bình Định do quán tự làm cũng rất ngon. Kế đó là Quán Mộc Miên ở 18 Diên Hồng. Rau ở quán Mộc Miên mình thấy xanh sạch hơn quán Gia Vỹ 1.
Bánh xèo Gia Vỹ 2 cạnh bên ăn dỡ. Đừng nên ghé!

♦ Vịt Nướng🦆
Lần này được 1 bạn địa phương giới thiệu quán Vịt nướng ở 36 Nguyễn Thị Minh Khai. Quy Nhơn. Ăn cảm thấy vịt ở đây ướp ngon đậm đà. Hương vị khá giống vịt ở Hàn Thuyên. Nha Trang. Tuy nhiên vịt ở đây nhiều thịt hơn. 
Đặc biệt Vịt ở đây được quán lóc xương luôn nha. Ăn rất sướng😀😛
Ngoài Vịt nướng ở đây còn bán cháo vịt và gỏi vịt.

♦Bún rạm: Với sự giới thiệu của Nguyễn Thị Hồng Nhung mình có ra quán Bún Rạm Đầm Trúc ở 01A Trần An Tư. Quán làm ngon nước ngọt vị rạm tự nhiên. Nêm nếm vừa vị.
Ngoài ra mọi người cũng có thể thử bún rạm Mỹ Hạnh đã quá nổi tiếng.

Bún rạm Thùy ở 261 Tăng Bạt Hổ cũng rất ngon. Ở đây nên kêu sợi Mỳ Quảng ăn với rạm sẽ ngon ngon.

♦Bánh giò 104 Phan Chu Trinh
Chỉ bán từ chiều 17h đến tối. Bột bánh trong khác với bột bánh giò ở Bắc. Thịt đầy đặn. Nước chấm pha vị hơi ngọt nồng mùi ớt. 

🍺Tối ra quán bia East West mới mở ở ngay trung tâm Tp để lai rai . Quán nằm sát bờ biển rất chill. Mô hình gióng quán Loiusanna ở Nha Trang. Giá cả cũng bằng ở quán East West ở Tphcm. 

#diningreview
#quynhon
#amthucvungmien","29",,,,"26","3",,,"14"
"4","The Wine Chapter – Khi ẩm thực và vang chạm tới đỉnh cao ✨
Mới đến mình đã được thưởng thức ly vang nổ khai màn vị giác thơm ngon cùng 1 vài món Canapé mang hương vị ẩm thức Hàn Quốc “Bò viên Hanwho kết hợp cùng Tempura HQ”

Cám ơn Samwongarden.vn-삼원가든 cùng nhà rượu @Monopole - Wine Gallery đã cùng nhau kết hợp và mang đến chương trình này

￼ Một bữa tiệc đúng nghĩa “fine dining” với 4 chương vị giác:

🥢 Bò tái cuốn rau thanh mát & Gỏi bò Hanwoo mềm tan, quyện vang trắng Cantera và vang đỏ Un Jardin Extraordinaire (Summer Red) đã khơi mở ra 1 cảm giác tươi mát giữa mùa hè nóng nực này, sự kết hợp của món ăn và chai rượu làm cho hương vị bùng nổ hơn rất nhiều. 2 chai rượu này thật sự khiến mình cảm thấy rất ấn tượng chai vang trắng thì rất hợp cho các chị em mua về giải nhiệt mùa hè đó ạ. Còn đặc biệt là chai vang đỏ với màu trong vắt ăn cùng Gỏi Bò đặc biệt của Samwon Garden. Món gỏi bò ở đây còn đc add thêm rau cần cùng lê mix thịt bò mềm mọng nước thật là hợp ko tưởng. Recomend mọi người đến Samwon phải gọn món này nha 👍🏻 

🔥 Sườn bò tuyết hoa và Sườn Galbi tẩm ướp Samwon sánh đôi hoàn hảo với Coeur de Malbec đậm đà làm trung hoa vì béo của sườn bò, giải ngấy ngay lập tức. Khiến cho món ăn được tròn vị hơn rất nhiều. Đặc biệt gia vị tẩm ướp Của Sanwom có gì đặc biệt quá, làm mình về vẫn thương nhớ hương vị Sườn Galbi tẩm ướp quá, mọi người đến ko đc quên gọi món này đâu nhé, ko thì phí lắm đó  🤤

🍲 Ăn đến đoạn này là no lắm rồi, thế mà nhà hàng vẫn còn bê ra ê hề Bancha nữa ạ......... Làm bụng thì no nhưng miệng thì ko thể dừng. Kim chi ở đây rất ngot và tròn vị nha. Món cuối là Canh sườn Galbitang với nước trong vắt vị ngọt thanh tinh tế kết hợp cùng chai Domaine Berthoumieu Constance nâng tầm hương vị. Mình đã táo báo mix Kimchi thêm với Canh Sườn Bò để ra một hương vị riêng cay cay thanh thanh cũng hay lắm nhé, bác nào cũng thử xem :v :v  . Chính ra tiệc rượu uống say nga ngà rồi mà đc làm bát canh sườn bò như này là lại cảm thấy có thêm sức khỏe để nhậu dài dài ....

🍮 Kết nhẹ bằng Chè đậu đỏ thanh mát – một cái kết ngọt ngào cho 1 bữa tiệc rượu ấn tượng này, mà lúc đó e cũng say quá rùi nên quên k chụp 😂 😂 

 Mỗi món – mỗi ly vang thực sự là một nốt nhạc, cùng tạo nên bản giao hưởng ẩm thực khó quên với mình. Khiến mình tò mò thêm về nhà hàng @samwonjung một phân khúc khác của Samwon, và được muốn được nếm thêm các hương vị rượu được làm từ các giống nho 🍇 hữu cơ đc phân phối bởi nhà rượu #monopole

#samwon #samwongjung #samwonggarden #michelinkorea #dinningreview","19",,,,"15","4",,,"0"
"10","**Rasa - Modern Vegetarian** **Bistro**

**Điểm hẹn quán chay mới toanh giữa lòng Hà Nội**

Xin chào tất cả các anh/chị trong group. Em là Đức Trung đến từ Rasa - Modern Vegetarian Bistro. 

Giữa nhịp sống tấp nập của Hà Nội, Rasa vừa xuất hiện như một làn gió xanh mát, mang đến cho thực khách một không gian bình yên và những bữa ăn chay trọn vẹn. Không chỉ là nơi thưởng thức món ngon, đây còn là chốn để bạn tìm thấy sự cân bằng cho cả cơ thể lẫn tâm hồn.

Quán được thiết kế theo phong cách Indochine, là sự kết hợp giữa kiến trúc phương Tây và văn hóa truyền thống Phương Đông. Những gam màu ấm cúng kết hợp với 1 không gian xanh tạo cho thực khách không gian thưởng thức đồ ăn vừa tinh tế vừa gần gũi.

Menu của quán là sự kết hợp hài hòa giữa hương vị truyền thống và sáng tạo hiện đại. Từ những món ăn quen thuộc như Miến Tay Cầm, Cơm Chiên, cho đến Ramen Tonkotsu lấy cảm hứng từ đất nước Nhật bản, hay Mỳ Ý Sốt Phô Mai Nấm hấp dẫn. Tất cả đều được chế biến 1 cách khéo léo từ những nguyên liệu tươi nhất.

📍 **Địa chỉ**: 34 Lò Đúc, Hai Bà Trưng, Hà Nội
⏰ **Giờ mở cửa**: 11 - 14 giờ từ thứ 3 đến Chủ Nhật hàng tuần
💰 **Mức giá**: 250-300k/1 người 
☎️ **Liên hệ**: 0865024267

Hiện tại Rasa đang có chương trình Soft Opening off 15% cho tất cả các bill. Rất mong được đón tiếp anh chị đến trải nghiệm vừa đưa ra những góp ý cho nhà hàng để Rasa có thể phát triển hơn trong tương lai ạ.

Nếu anh/chị đang tìm một nơi để vừa thưởng thức ẩm thực chay ngon miệng, vừa tận hưởng một chút an yên giữa Hà Nội, hãy ghé ngay Rasa. Biết đâu, đây sẽ trở thành điểm hẹn yêu thích mới của anh/chị và bạn bè!

Rasa xin cảm ơn!

#diningreview

#vegeterian

#ẩmthựchiệnđại

#chay","39",,,,"35","4",,,"2"
"6","Google review đã dẫn em gái Sì Gòn tới đây 

Lên search thử 1 vài chỗ đồ Âu  để tiếp khách vì cứ ra HN thì mình lại chọn 1 số quán mới để tiếp khách, tình cờ va vào nhà hàng này, gần Bờ Hồ nhen mà thấy review đồ ăn với không gian không ồn ào nên mình chọn thử... tận 4,9 sao,  khá ảo nhưng thử luôn..

Nhà hàng nhỏ kiểu boutique nằm trên tầng 2, hơi khó tìm đúng chất Hà Nội, không gian nhỏ và hơi cổ, cảm giác ấm cúng & kiểu vitange , có cái ban công ""rất tình"" haha

Rượu vang: Menu chọn lọc, có cả loại dễ uống cho người mới và loại ""chất"" cho dân ghiền. Giá hợp lý so với mình. Chọn 2 chai theo tư vấn của bạn Thảo nv của quán, Maso-Roso Verona 2019 và J Lohr Silver Oak, này là do khách mình ưng chứ mình có rượu là thưởng thoai.

Đồ ăn: đồ ăn tươi nha, steak mềm vừa phải, rau củ và sốt đi kèm ăn cân bằng vị. Sốt trolizo nhà hàng gợi ý là sốt mới, thấy ổn nha. Review cũng khen lắm nên có thể mình bị hiệu ứng review haha. Bò Capacio cũng ưng đặt biệt là decor
Salad củ dền trang trí bắt mắt nhen, có pho mai dê, với rau roket và cam vàng. Ai ko ăn dc phonai dê thì cân nhắc nha còn tui thấy ngon hehe
Súp nấm Pocini vơi iberrico vị ngậy, thơm hạnh nhân, rắc trên thẻm vài cọng hành taro phi thơm, chẹp chẹp, súp này mình ưng nhất nhưng mập nha, ế mà quên chụp cái hình súp mất rồi, tiếc á

Không khí hả? như hình nhe ổn cho tiếp khách nè bàn việc, hay đi date nha, ngồi cưa cẩm cũng ổn á, hoặc private party, à, các bạn phục vụ có nói là nhà hàng có thuê guitar hoặc piano biểu diễn nếu có yêu cầu.

Nhưngggggg, haha cái nhà hàng gì mà nằm khuất quá, vòng lại 2 lần mí lên tầng 2 được, món dessert thì thấy bánh flan hay kem gì đó khá đơn giản, review thì khen lắm nhưng tui không gọi vì sợ mập do có ăn súp nấm rồi hehe

Tính bill xong nhà hàng bonus 1 ly cognac tráng miệng, haha. Tổng thiệt hại cho 4 người là khoảng 5 củ, đáng thử nha mấy đồng wine ơi.

Nói túm lại, nhà hàng kiểu boutique, style classic nhe, đồ ăn ưng rượu ổn mà có cái là hơi khó tìm. Nếu đi công tác lần sau thì ghé tiếp vì thấy review món vịt với má heo cũng melem lắm.

Hẹn Hà Nội mùa thu tới nhe, anh trai say high nào độc thăn thì inb để tháng 9 tui ra date chỗ này tiếp haha
Địa chỉ: Tầng 2, số 6 Tràng Thi
#hanoiwine
#diningreview

Cám ơn admin duyệt bài nhaaaa","36",,,,"33","3",,,"5"
"11","[ĐN] Tổng hợp cà hê Đà Nẽng ☕️ 
Nhìn chung là rất wow thị trường f&b Đà Nẵng dạo gần đây, specialty coffee bán 500k/ ly mà khách đông nườm nượp 🫡

1. XLIII: 9.5/10 🤍
Chuyên nghiệp, chỉnh chu, xịn xò, ngon mắt ngon miệng. Quán chỉ có specialty coffee, không bán thêm các loại nước khác, có loại lên tới 500k/ ly mà vẫn rất đông khách Tây, Hàn. Ai vào cũng phải giơ máy lên chụp vì quán rất có gu. Đồ brunch ít option nhưng món nào chất món đó, kiểu housemade và fresh, đơn giản nhưng ngon chứ không phải kiểu brunch Úc cầu kỳ. Tiramisu thơm, ngậy, đậm arabica. Nhân viên chuyên nghiệp, lịch sự, cảm giác các bạn rất enjoy their job. Trừ 0.5 đỉm vì hết canele, và mình muốn nhiều loại dessert hơn thôi chứ nhìn chung tuyệt vời rồi.

2. P coffee: 5/10
Đến vì tiktok chị chủ chứ không vì gì khác. Nhưng có thể do kỳ vọng quá nên thất vọng nhiều. Bánh gì hot là quán có hết, nước gì hot cũng đủ luôn, từ các loại matcha, kombucha, tới shiopan, pandan toast, mochi toast… Nhưng chất lượng bánh, nước dừng lại ở mức rất bình thường. Không gian rộng nhưng bày nhiều bàn ghế quá nên thấy chật, lộn xộn. Nhạc lúc 20:00 mà quá to làm mình tưởng 23:00 phải đi về. Ưng cái là quán có bộ cho thuê máy sạc dự phòng giống bên TQ. Cái này hay mà sao chưa nhiều nơi ở VN mình học theo vậy các bác? VN có NCC cái này rùi mà. 

3. A-kopi: 8/10
Sẽ là 10/10 nếu quán đầu tư phần bánh hơn (maybe tìm supplier mới?). Tủ bánh có mỗi tiramisu, flan, croissant (nhìn rất xẹp), bông lan mini (??? Tui đang ở năm 2010 à), mousse trái cây trong ly (??? Again tiệm nhập bánh từ hongkong bakery ạ). Nhưng nước ngon, rất ngon. Kom herb, kom kiwi đỉnh, matcha float đỉnh. Không gian rất chất. Mê! 

4. Lighthouse: 7/10
Trừ các loại specialty coffee ra thì các loại nước khác, bánh, đồ ăn brunch của quán rất bình thường hoặc hơi tệ. Nhiều loại croi xinh xắn nhưng ỉu, dai, ngấy. Nhưng các loại pour over thì ngon. Quán đông khách Tây, chắc tụ điểm expat ĐN mất. Quán có phòng rang với chiếc máy xịn xò, concept thú vị. Nhân viên thì thu ngân hơi xị, phục vụ hơi ngơ. Mình gọi đồ ăn mà đưa mình khay sauce cái bịch, không đưa cái đĩa đựng sauce hay dĩa/ nĩa, giấy ăn luôn. 

5. Dng coffee: 9/10
Ở ngay gần XLIII, cùng ở trong khu vực đông du khách nước ngoài, gần bãi biển Mỹ Khê nhưng Dng có vibe chill hơn, cafe ngon nhiều option và tầm giá phải chăng hơn. Bánh croi trứng muối thơm, ngậy vừa phải. Croi nutella ngon, mới, vỏ giòn. Cold flow (cold brew táo nho thì phải) hơi nhiều bọt nhưng ngon. Kiểu không gian này dễ khiến người ta muốn quay lại nhiều vì cảm giác ấm cúng. À quán chủ yếu người làm việc, đọc sách nên có thể không hợp tâm sự hoặc đi nhóm đông lắm. 

6. Ala cafe: 10/10 💛
Ê nha ê nha, nếu tui có 1 creative agency, chắc chắn tui sẽ đưa team tới đây làm việc hàng ngày. Trùi ui nhỏ xinh mà thoáng đãng; âm thanh, không gian làm việc rất vào, rất inspiring. Cà ngon, đồ uống đa dạng, món nào cũng ưng không chê được điểm gì. Bánh ngon. Mọi thứ perfect. Nếu tôi ở ĐN tôi sẽ tới đây hàng ngày!!! Tới đây mới biết ĐN có con phố cafe chill đét như zậy. Bây ơi xe máy đỗ dọc 2 bên ngõ không chừa miếng nào, cafe nào cũng đông kín!!! 

#diningreview_dn #diningreview #cafedanang","87",,,,"81","6",,,"20"
"15","Madame Lân – 04 Bạch Đằng, Thạch Thang, Hải Châu, Đà Nẵng
Nằm ngay trên đường Bạch Đằng, view thẳng sông Hàn, Madame Lân là một trong những nhà hàng được Michelin Selected 2024–2025 và cũng là địa chỉ được nhiều người Đà Nẵng giới thiệu khi ai đó muốn tìm một nơi vừa có không gian mang hơi thở lịch sử, vừa có thể thưởng thức đa dạng món ngon miền Trung, kèm nhiều món Bắc chuẩn vị.

Quán được thiết kế theo phong cách cổ điển, quạt trần gỗ, bàn ghế gỗ đen, sân vườn rợp bóng cây và đèn lồng, tạo cảm giác rất thư giãn. Khách ở đây phần lớn là du khách nước ngoài, đặc biệt mình thấy khá nhiều khách Nhật.

📌 Món ăn hôm nay:
 • Bánh bèo khô: không dùng tóp mỡ như thường thấy, mà thay bằng bánh mì vụn giòn, kết hợp với tôm chấy, nước mắm pha vừa miệng.
 • Gỏi cuốn tôm thịt: tươi, rau giòn, tôm ngọt, nước chấm đậm đà.
 • Bún bò bắp giò: nước dùng thơm, thanh, thịt mềm, ăn rất cuốn.
 • Cơm gà Madame Lân: gà xé mềm, cơm vàng tơi, đi kèm nước chấm đặc trưng.
 • Chè sương sa hạt lựu: có thạch và nước cốt dừa béo thơm, ăn mát và không quá ngọt.

Giá cả hợp lý: 2 người ~ 499k cho bữa trưa no nê.

Điều mình đánh giá rất cao là dịch vụ: nhân viên nhanh nhẹn, thân thiện, luôn tươi cười. Đặc biệt, khi ăn xong, bạn quản lý còn ra hỏi thăm xem đồ ăn có hợp vị không. Sự quan tâm nhỏ này khiến mình rất ấn tượng. Mình tin rằng, với cách phục vụ tận tâm và chất lượng món ăn ổn định, Madame Lân hoàn toàn xứng đáng với danh hiệu Michelin Selected và rất mong sẽ có thêm nhiều nhà hàng như thế này ở Việt Nam.

#MadameLanDaNang
#MichelinSelected
#AnGiDaNang
#DiningReview","40",,,,"39","1",,,"3"
"19","[Hà Nội] Chiếc quán nhỏ xinh trên phố Lạc Chinh, cùng chủ Nhật với Fu Hoo Cafe bên cạnh, ở vị trí ngày trước là Vege-ro rồi đến Trúc bao. Thực đơn chưa tới chục món dạng sharing plates - phong cách wine bar chơi chơi nhẹ nhàng hợp với người ăn thanh cảnh 😂 Đồ ăn tổng thể ở mức ổn, có một số sáng tạo nhưng chưa wow. Không gian nhỏ, những ngày nóng ngồi trong nhà khá bí và ám mùi, có điều hòa nhưng mở cửa nên không ăn thua. Bill 2 người >800k (ăn chơi thôi chứ chưa no), với mô hình này thì không đắt nhưng chưa thể gọi là xứng với trải nghiệm.

Concept fusion sharing plates tương tự ở Sài Gòn mình thấy có nhiều nơi làm tốt, điển hình như Okra Food Bar (Thảo Điền). Nhưng để làm được như vậy ở Hà Nội thì có lẽ không dễ chút nào.

📍 105 lạc chinh, trúc bạch

#ẩmthựchiệnđại #diningreview #fusion #105lacchinh","87",,,,"80","7",,,"6"
"2","“The Wine Chapter” - Samwon Garden x Monopole

Lời đầu tiên là em rất cảm ơn nhà hàng Samwon Garden đã đăng bài trong nhóm mình mời dự tiệc để em có cơ hội được tham dự buổi wine tasting & paring vừa ngon vừa ấm cúng cùng mọi người ạ. Rượu say thịt ngon làm em mãi mới tỉnh giờ mới đăng bài được đây.

Phải nói là đầu tiên em cũng không quá kỳ vọng sẽ là một buổi ấn tượng hay thú vị quá vì thi thoảng e cũng hay đi rồi, và em cũng k phải người quá biết thưởng rượu không phân biệt được nhiều, cứ uống thôi, gọi là biết mình thích chai nào hơn hay k thôi☺️)) nhưng lúc tới nhà hàng em thật sự bất ngờ bởi sự kết hợp tinh tế giữa các món ăn Hàn Quốc cao cấp tại Samwon Garden và các loại rượu vang Pháp hữu cơ đặc biệt được tuyển chọn bởi nhà Monopole Wine Gallery.

Nhà hàng Samwon Garden tại Sommerset Xuân Diệu thì mọi người chắc cũng không xa lạ gì với những ai team nghiện thịt giống em ạ. Buổi “The Wine Chapter” được tổ chức trong phòng riêng, được trang trí rất xinh xắn theo vibe biển cả, bãi cát… nhìn một cái là muốn ôm ngay một chai rượu ra biển luôn. Các host giới thiệu chương trình như khai mở một chương sách kết hợp ẩm thực mới lạ, tinh tế và cuốn hút.

Món khai vị là phần mở đầu nhẹ nhàng với món bò tái cuốn rau kết hợp với rượu trắng Cantera mang đến cảm giác thanh mát, vị chua nhẹ và hậu ngọt làm nổi bật được vị ngọt tự nhiên của thịt bò, bình thường vang trắng em chưa uống cùng thịt bò bao giờ luôn ạ nên sự kết hợp này rất là mát rượi luôn, chắc chắn em sẽ tiếp tục pairing như thế này khi uống tại nhà.

Tiếp theo là gỏi bò Hanwoo, khá là giống món bò tartare, kết hợp cùng rượu đỏ mùa hè Un Jardin Extraordinaire, tạo nên một tổng thể hài hòa giữa vị trái cây tươi sáng và kết cấu mượt mà.

Đến với Samwon thì không thể không nhắc tới đặc sản bò nước ạ, đặc biệt ấn tượng với sườn bò tuyết hoa – từng thớ thịt mềm tan, đậm đà kết hợp cùng Coeur de Malbec – một dòng vang đỏ có chiều sâu, hậu vị dài, làm tăng thêm sự đậm đà cho món nướng.

Đến với món chính cuối cùng là Canh sườn bò Samwon, chắc nhà hàng vẫn sợ mọi người đói, ngon lắm em phải xin thêm bát cơm để ăn hết được canh sườn ☺️)))) Canh sườn bò được pair cùng chai Domaine Berthoumieu Constance, hương vị lại được nâng tầm – đậm đà mà không mất đi nét tinh tế.

Bữa tiệc kết thúc với chè đậu đỏ ăn đáng iu cực kỳ luôn ạ, ngon mát tuyệt vời luôn. Lại nhấp 1 ly vang và ăn chè nữa thật sự đó em không thể nghĩ ra được. Một sự lựa chọn thông minh để khép lại bữa ăn theo cách truyền thống nhưng vẫn đủ tinh tế, cân bằng vị giác sau hành trình rượu vang đầy màu sắc.

Không kỳ vọng quá nhiều nhưng nhận lại được niềm vui quá lớn, sao mà em thấy buổi rượu thịt no say đến thế, lại được làm quen cùng các anh chị trong bữa tiệc, thật sự là một buổi tối trọn vẹn tuyệt vời ạ.

Hi vọng các nhà hàng tổ chức nhiều buổi như thế này để các thành viên có cơ hội giao lưu và thưởng thức nhìu hơn ạ ❤️

#diningreview #SamwonGardem #Monopole","19",,,,"16","3",,,"0"
"4","Spice Canvas- Tphcm( Phần 2)
Lần trước mình đã từng làm review về nhà hàng này rồi. Nếu ai chưa xem phần 1 thì xem phần link bên dưới bình luận.
Nghe nhà hàng có nhiều món mới nên phải chạy qua thử ngay.
Mình sẽ sắp xếp thứ tự các món mình thích nhất từ trên xuống.

🌼1.Lychee Delight
Món này lấy cảm hứng từ món Cari Thái Lan.dùng vải để làm mousse, xen giữa các lớp bánh khoai lang sấy giòn. Điểm đặc biệt của món này là sẽ kết hợp cùng kem gelato cà ri đỏ của Thái kèm 1 ít Granita nước cốt dừa nấu với rượu rum và lá chanh ạ mang hương vị Trái Trúc làm mình nhớ đến mùi vị đặc trưng của tô Bún Num Bò Chóc của Campuchia. Hương vị của món này rất bùng nổ.

🌼2. Radish bloom: món ăn lấy cảm hứng từ mùa hè và những chuyến đi biển. Ngoài ra bánh củ cải cũng là món ăn tuổi thơ của chef Sinh từ khu phố người Hoa ở Quận 5. Món ăn gồm 2 phần: 
1/ Salad gồm flan cua, salad ổi và cua Cà Mau, jelly ổi. Với món Salad này mình chưa thấy ấn tượng nhiều vì flan cua chưa được thơm mùi gạch cua và mùi trứng đặc trưng của bánh flan.

2/. Bánh củ cải, cua và broth từ nước dùng cua và hồng trà shan tuyết Hà Giang
Với nước dùng cua cùng xương gà với vị ngọt thanh đậm đà kết hợp với Hồng Trà Shang Tuyết giúp cân bằng vị ngọt đậm của hải sản.
. Dĩa này bánh củ cải được chiên giòn ăn với nước dùng được hầm từ cua,gà và Hồng Trà San Tuyết đem đến nhiều tầng vị độc đáo.

Thịt cua trong món Radish Bloom rất tươi. Món này cần phải đặt trước 1 ngày mới có vì để đảm bảo độ tươi ngon của thịt cua.

🌼3. Bánh Tiramisu 2.0 là phiên bảng nâng cấp của món Tiramisu của Menu trước. 

Với phiên bản này thì Bếp dùng cà phê Robusta Honey và rượu Port wine để ngâm bánh Lady finger, phủ bên trên là 1 lớp kem trứng và Mascapone mềm mịn , và kem gelato làm từ cà phê Arabica và đường thốt nốt. Phải nói món này vị cafe với rượu Port cực mạnh. Nên phải ăn kèm với lớp kem trứng Mascapone mới làm dịu bớt vị đậm đà của Cafe và rượu Port. Phải nói Bếp làm lớp kem trứng Mascapone ngon cực. Mình phải xin thêm để ăn riêng.

🌼4. Egg benedict: croissant nhà làm, trứng sous vide, bacon xông khói với gỗ Hikori và cherry wood. Dùng kèm salad và sốt Hollandaise làm từ bơ nâu và mỡ Bacon.

Món này mình thấy vị bơ  bánh Croissant kết hợp với mùi bơ nâu trong sốt Hollandaise và mùi khói trong bacon rất hoàn hảo. Tuy nhiên sốt Holllandaise của Chef làm hơi chua gắt. Nếu làm dịu đi sẽ ngon hơn.
Đặc biệt sốt Hollandaise của món Egg Benedict được chef làm nóng ấm mỗi khi khách order.

🌼5.Coastal pave: khoai tây Đà Lạt bào mỏng, xen kẽ rong biển, chiên giòn. Dùng kèm salad rong biển, thịt heo ủ muối 24 tháng và sốt rong biển
Món này mình thấy hương vị cũng chưa có gì đặc biệt.

🍵Nước uống: có các loại rượu để match với từng món ăn tuy nhiên mình không uống được rượu nên chỉ uống trà. Thích nhất trà Móng Rồng vị chát nhẹ thanh mát hậu vị ngọt sâu và Trà Đinh nõn thơm lừng mùi cốm.
Trà Hoa Sói thơm nhưng chát quá. Mình ko thích lắm.
Nước rễ xá xị và nước trái Thơm lên men mà Chef mời miễn phí rất ngon nhé. Phải thử!

Nhìn chung các món mới ra cũng hương vị mới lạ thú vị. 

💰Giá cả cũng không quá đắt. Ở đây không có tính thuế và service charge vì quán chỉ đăng ký hộ kinh doanh nên không thể xuất hóa đơn đỏ cho khách được. Khách thích thì TIP thêm thôi.

Phục vụ vui vẻ tận tình giải thích tạo tương tác cho khách trong suốt bữa ăn. Tuy nhiên Chef nói hơi nhanh nhiều khi làm mình không nghe kịp phải nhờ lặp lại. Mong chef điều chỉnh lại tốc độ để khách có thể từ từ thẩm.

🎁 Quà tặng đặc biệt cho thành viên Dining Review. 1 bánh Croissant và phần nước trái cây có gas lên men.
♦Lưu ý nhớ đặt chỗ trước vì chỗ ngồi ở đây rất ít.

Địa chỉ: Spice Canvas
42/58 Hoàng Hoa Thám. P7. Quận Bình Thạnh. Tphcm

Mở xuyên suốt tuần không đóng cửa
Mở từ 10h đến 14h và 16h đến 22h.

#diningreview
#dessert
#tphcm","36",,,,"33","3",,,"7"
"0","","9",,,,"9",,,,"0"
"2","Sushi saito bangkok lần 2 👌🏻

#dinningreview #sushisaito #bangkok. 

Lần trước đúng là k có thấy booking trên table nhưng lần này thì thấy có nên book luôn k cần qua hotel nữa. Tiện hơn nh. 

Về hỏi ngon hay k thì k cần bàn rồi, saito đủ hết các điểm trong con mắt nhỏ bé của mình về trình, kĩ thuật, nguyên liệu, cách xử lý cá, nhiệt độ cơm shari, gừng chua.

Đặc biệt là hnay để ý thấy có cái tủ ủ cá 魚熟成庫 (sakana jukusei-ko). 

Nếu nh sushi nào có cái tủ này thì + 1 điểm quy tín vì nó rat truyền thống. Ngày xưa chưa có tủ lạnh thì nhà hàng xài tủ này, nó k dùng điện mà dùng đá, băng để ủ cá, giữ tươi và làm cá bớt tanh + tăng umami. Tủ này rất mắc chỉ nh cao cấp mới hay dùng. 

Gỡ gạc lại kèo hôm bữa. Đúng là phần shari cơm bên dưới mà chuẩn thì tổng thể cả cục sushi lên trình hẳn. 

Recommend.","12",,,,"9","3",,,"1"
"4","Samrub samrub lần thứ n :)) 
#dinningreview #bangkok 

Gì chứ samrub là nh dễ ăn dễ trúng thưởng, k mang lại cảm giác chán khi quay lại. Lúc nào cũng thấy đông. 

Menu lần này cocept hơi độc lạ là cái “bình sữa” :)) toàn bộ dĩa, đồ đựng soup đều theo concept hai bình sữa hết rất thú zị :)) 

Tất cả các món đều rất ngon như mọi lần mình ghé. Các ng liệu đều rất chất lượng từ trên trời xuống dưới biển. 

Recommend.","20",,,,"19","1",,,"2"
"7","📍 Purple Lantern Restaurant
      K151/7 Nguyễn Phan Vinh, làng An Bàng, Hội An

Mình được một người bạn sống ở Hội An lâu năm giới thiệu đến quán này, một quán cơm gia đình nhỏ nằm trong làng biển An Bàng.

Thoạt đầu bước vào thấy đa phần là khách nước ngoài, cũng hơi phân vân nhưng ăn xong thì phải công nhận món nào ra món đấy rõ vị, rất ngon.

Quán đã hoạt động 11 năm, là công sức của 3 thế hệ trong cùng một gia đình. Có mặt bằng riêng, nguyên liệu tươi mỗi ngày, nên giá cả cực kỳ hợp lý giữa phố du lịch mà giữ được chất cơm nhà, giá cơm nhà, là điều hiếm có.

 Mình gọi một số ￼ món cho 2 người gồm:
 1. Cá kho với đậu đũa và nghệ: cá thấm, đậm đà, đậu còn độ giòn, kho kiểu miền Trung.
 2. Trứng rán với hành: mềm, thơm, không dầu mỡ
 3. Canh rau muống nấu tôm: vị ngọt dịu, rau muống xanh non
 4. Cà tím kho: bùi, mềm.
 5. Cơm trắng: nóng, thơm. 

💸 Hơn 300k cho 2 người ăn no nê, mà chất lượng thì cực kỳ ổn.

🌿 Không gian kiểu nhà vườn Hội An, mộc mạc, gần biển, yên tĩnh và dễ chịu.

Ngoài cơm, quán còn có cả hải sản, bánh Việt, món truyền thống Hội An, lần sau mình sẽ thử thêm.
#diningreview","40",,,,"37","3",,,"5"
"3","Châu Đốc- Đi đâu,Ăn gì?
Cách Tphcm tầm 7 tiếng đi xe. Mình bắt xe giường nằm của Phương Trang tập trung ở đường Lê Hồng Phong Q10 sau đó có xe trung chuyển ra Bến Xe Miền Tây. 

🏠Chỗ ở: Mình ở Châu Đốc 2 đêm cũng đi đủ các nơi. Mình chọn ks Boutique Hera. Giá 500k 1 phòng. Phòng sạch lắm ko quá bé nhưng vừa đủ cho 2 người. Vị trí cũng gần trung tâm. Ko ngờ ks lại rẻ như vậy.

Ăn gì: 

🌼Bò Tơ:

Ở Châu Đốc nổi tiếng là các món thịt bò tơ. Có 2 quán Tư Thiêng và Trường Nhật. 2 quán này gần Chùa Bà. Giá cả cũng giang nhau. Mình chọn ăn quán Tư Thiêng. Thịt bò tơ ngọt thịt tươi. Giá cả rất mềm so với ở Sg. Khẩu phần to. Tuy nhiên nêm nếm cũng tạm thôi chưa phải ngon. 

🌼Lẩu mắm:

Nổi tiếng lâu năm ở Châu Đốc là quán Bảy Bồng đường Trưng Nữ Vương. Tuy nhiên hôm đó mình ăn tầm 19h nên quán cho mình cá vụn nhiều xương. Mình phải complain quán mới đổi cho những khứa cá khác ăn ổn hơn. Vị mắm ở đây mình thấy cũng ở mức trung bình thôi. 1 phần 500k nhưng cũng ít thịt. Thịt cắt mỏng như lá lúa vậy. Đi 1 lần cho biết thôi!

🌼Bún kèn:

Bún kèn hay còn gọi là bún kèn dừa . Đây là sự kết hợp giữa bún tươi, nước dùng cá nấu cùng các loại gia vị dân dã, tạo nên hương vị đậm đà, beo béo đặc sản ở vùng Châu Đốc An Giang. Mình ăn ở quán lề đường đối diện Ngân Hàng Sacombank sát chợ Châu Đốc luôn. Chỉ bán buổi sáng thôi. Bún kèn ở đây làm khá ngon.

🌼Bún cá Châu Đốc: cùng chỗ với chỗ bán Bún Nước Lèo nhưng chỉ bán buổi chiều.Bún cá vị cũng giống bún mắm có thêm vị của ngãi bún và vỏ trái trúc có màu vàng của nghệ tươi. Chỉ ăn với cá lóc tươi không có thịt heo quay hay tôm mực như bún mắm. Vị thanh ngọt nhẹ nhàng.

🌼Chợ Châu Đốc:

Khi đến chợ Châu Đốc phải ăn liền Bánh Bò Thốt Nốt ăn của xe đẩy tên KHA ở đầu chợ nhé. Chỗ này là ngon nhất. Kế đến phải uống nước Thốt nốt ở tiệm bên cạnh xe đẩy Kha ở đầu chợ.

Bên trong chợ có rất nhiều tiệm bán mắm. Lưu ý phải trả giá nhiều nhé. Ở đây thấy khách du lịch nói giá cũng trên trời lắm.

Buổi chiều ra Bờ sông dạo phố cho mát ghé quán bánh Flan cây táo nằm ở 224 Lê Lợi  và ăn Bao Tử Cá Ba Sa lăn bột chiên ở mấy quán xe đẩy cũng vui.

Đi chơi đâu:

Mình thuê xe 4 chỗ đi 3 nơi chi phí 800k. Từ 6h sáng đến 13h chiều.

🌸Đầu tiên ghé Rừng Tràm Trà Sư

Đây cũng là nơi được phát triển để trở thành khu bảo tồn của rất nhiều lớp sinh vật nhiệt đới đang sinh sống ở vùng Tây Nam Bộ. Nên đi Mùa nước nổi, từ tháng 9 đến tháng 11 hàng năm, được coi là thời điểm đẹp nhất để trải nghiệm vẻ đẹp rừng tràm. 

Nơi này phải đi từ sáng 6h sáng để thấy chim bay đi kiếm mồi và hưởng được không khí mát mẻ khi đi trên ghe xuồng. Nên đi xuồng chèo bằng tay để cảm nhận chậm rãi cảnh thiên nhiên nơi đây. Đi sâu vào trong rừng nên leo lên  Cầu Vọng Cảnh trên cao tầm nhìn 25 km, có thể ngắm toàn bộ rừng tràm, những chú chim đang bay lượn, hay làm tổ trên các tán cây. Từ đây, cũng có thể nhìn được ngôi làng của người Khmer sinh sống cách đó vài km.

Vào đây có nước nấu từ Thốt Nốt rất ngon. Mình phải uống 3 ly cho đã😊

🌸Kế đến là Chùa Hang: Đẹp cực kỳ!!!

Chùa Hang vẻ đẹp cổ kính 

nằm trên triền núi Sam nên sở hữu cảnh vật vô cùng hữu tình nhìn xuống Ruộng Lúa vàng rực. Chùa nằm tựa lưng vào núi, tầm nhìn rộng lớn và thoáng đãng, không gian yên tĩnh, tôn nghiêm. núi non hùng vĩ, một bức tranh thiên nhiên quá đỗi hoàn hảo, tô điểm thêm cho vẻ đẹp của ngôi chùa trăm năm tuổi.

Càng leo cao tuy mệt nhưng cảnh cực kỳ cuốn hút.

🌸Tượng Phật Thích Ca được tạt trong núi: Gần Chùa Hang. Chỉ đứng từ dưới nhìn lên không được vào xem vì đang thi công.

🌸Chùa Bà Chúa Xứ:

Rất gần Chùa Hang. Một nơi linh thiêng tâm linh. Vào đây mình bị ngộp vì nhang khói và đốt giấy tiền mã nhiều. Nên đem theo khẩu trang 3 lớp khi vào đây. Bây giờ hiện tượng chèo kéo khách lừa gạt giảm nhiều. Trên lầu 1 của Chùa có các hiện vật quýđược người dân cúng  Bà khi xin được ơn. Rất đáng xem.

Còn nhiều chỗ ở Châu Đốc mình chưa đi hết. Sẽ có dịp quay lại để đi và ăn thêm nhiều chỗ. Thấy VN mình đẹp quá ❤❤❤

#diningreview

#amthucvungmien

#chaudoc","13",,,,"11","2",,,"2"
"20","Cơn mưa trưa nay chưa đủ nhiều để xua tan cái oi bức ngày hè Hà Nội nhưng bước vào không gian nhà hàng Villa Des Fleurs - 95 Quán Thánh mọi mỏi mệt đều tan biến, góc nào cũng xinh xắn, xanh mát dịu dàng đến mơ màng ☔️ ☔️ 
Nhiều người đã biết đến địa chỉ này nhưng chắc chắn chưa biết giờ là một nhà hàng đậm chất Pháp từ không gian đến tên gọi 😍😍
Mình chọn Set lunch #590k được bắt đầu với lát bánh mì sourdough vỏ nướng giòn thơm chua nhẹ, rất ngon, mình phải tự dặn lòng đừng ăn hết đợi món main 😁. Trứng nấu chậm và tart bò được mang lên cùng đều ngon và hài hoà vị, high recommend cho món trứng, mình sẽ gọi lại cho lần sau 👍👍
Starter là Tartare cua xanh, khá nhiều vị, thịt cua dai ngọt trộn hàu tươi và quả bơ nghiền hoà lẫn sorbet cà chua đúng chuẩn món mùa hè, cả khoang miệng mát lịm như kem 😋😋.
Rồi cũng đến món mình mong chờ đùi Vịt nấu dầu ăn kèm khoai tây nghiền nấm truffle và sốt mận, ngon quá nên giờ no đến tối 😂😂
Ngó ra vẫn còn món tráng miệng, bánh crepe -một cái kết ngọt thơm chua nhẹ cũng rất Pháp! Được biết mọi món ăn ở đây đều dưới bàn tay bác Chef người Pháp Sakal Phoeung 30 năm kinh nghiệm. Rất xứng đáng qua thử nhé cả nhà!

 #frenchcuisine
#reviewdininghanoi","95",,"1",,"84","10",,,"15"
"4","Soei 
#dinningreview #bangkok

Quán cơm local thái lan chân ái mỗi lần mình tới bangkok. 

Để ý hầu hết quán cơm ntn gọi món gì cũng ngon, ngon với ng biết ăn cay cấp độ 7 mà là địa ngục của ng cắn 1 miếng ớt uống 7 lu nước =)). 

Gọi mấy món đặc sản quán : cá bạc má cà ri : ng ta chiên giòn ta xong sốt cà ri lên trên

Ech xào mấy lá rau rừng, cay thơm bắt cơm dữ dội

Và k thể thiếu loại canh chua cay cấp độ 7 : tom yum mực. Mực rata tươi cắn sực sực nha. 

3 món 790 bath luôn nước. 

Recommend.","11",,,,"11",,,,"0"
"2","Với triết lý thưởng thức rượu vang tinh tế, nhóm SWL (Savor Wine Life) chọn Capella cho wine dinner tháng 8. Menu pairing 6 món được Hudson Room chuẩn bị kỹ lưỡng, mang lại trải nghiệm ẩm thực đáng nhớ cho các thành viên.
Với công cụ AI, dễ dàng viết lại một trải nghiệm về những chai rượu tuyệt vời trong không gian và dịch vụ chuẩn mực như người sành ăn biết uống.

Oyster Gillardeau N.2 × 2014 Marie-Noëlle Ledru Cuvée du Goulté Blanc de Noirs “Ambonnay”
Champagne Pinot Noir Grand Cru, acid cao, minerality sắc, bọt mịn. Cắt vị béo của hàu, hương trái đỏ và ổi trong mignonette hòa cùng vị khoáng tự nhiên.

Sturia Caviar Oscietra × 2004 Dom Pérignon P2 Second Plénitude
Vintage mát, lưu lees 15 năm, hương táo xanh, chanh vàng, hoa nhài, brioche. Acid cao, khoáng dài, ôm trọn vị béo của wagyu tartare và tôn vị mặn của trứng cá.

Seared Hokkaido Scallops × 2018 Coche-Dury Meursault “Iconic Meursault”
Coche-Dury là tượng đài Meursault nổi tiếng với kỹ thuật vinification tạo hương bơ, hạnh nhân, trái chín vàng, chút khói. Acid vừa, cấu trúc “cream” đặc trưng. Hợp vị ngọt của sò điệp, umami từ miso và chút đắng của artichoke.

Blue Lobster Tail × 1990 Bachelet-Ramonet Bâtard-Montrachet Grand Cru
Vintage chín hoàn hảo, mật ong, hạt phỉ, truffle. Acid dịu, body đầy. Độ béo và ngọt của lobster cùng aioli được rượu ôm trọn, thêm chiều sâu từ hương nấm.

Dry Aged Duck Breast × 2000 Domaine de la Romanee-Conti Richebourg Grand Cru
Hương violet, cherry đen, gia vị ngọt, đất rừng. Tannin mượt, acid vừa. Pairing hài hòa nhưng vị chua của sốt umeboshi không được lòng tất cả thành viên.

Wagyu M7 Tenderloin × 2000 Domaine de la Romanee-Conti Richebourg Grand Cru
Tinh tế, tannin mượt, hợp thịt đỏ nhẹ. Với wagyu mỡ và sốt tiêu, rượu thiếu sức mạnh, nếu kết hợp với Bordeaux Pauillac cùng vintage như Chateau Latour hay Chateau Mouton Rothschild sẽ tạo trải nghiệm cân đối hơn
#diningreview
#capella
#savorwinelife","73",,"1",,"60","9",,"3","0"
"5","Kuma no Yakitori Bangkok
#dinningreview #bangkok. 

Set này giá 3tr2+. 

Overall là rất ngon nhé. Có nhiều món xịn hơn nh gì mình ăn như da gà nướng vỏ giòn tan, tim gà k cắt đôi để nguyên để giữ lại juice, có muối truffle ăn cực dính, có trứng hấp bào ngư, bafun uni. Mọi thứ rất tươi, rất xưn thì. 

Nhà hàng thấy quay chụp dữ qá mời luôn vào bếp quay
+1 độ hợp tác mạnh mẽ. 

Đó h chưa ăn kèo omakase yakitori nào nhưng kèo này ok duyệt nha. Recommend.","15",,,,"15",,,,"1"
"1","🥂SAMWON GARDEN X MONOPOLE 🍸 

May mắn trở thành người được chọn tham gia “The Wine Chapter” - 1 buổi private dining do Samwon Garden và Monopole Wine Gallery phối hợp tổ chức. 

May mắn tiếp theo là được BTC sắp xếp vị trí quá ư là đẹp, trung tâm của bàn tiệc, một bên là admin của group, một bên là đại diện của Monopole😁

BTC sắp xếp 2 món canape kèm với 1 ly vang sủi trong khi chờ vào tiếc chính thức. Mình uống rượu nhiều hơn ăn canape là biết rượu ngon rồi 😋 

Chapter 1 (Starter) bao gồm 2 món: Bò tái cuốn rau và Gỏi bò (Beef Tartare), tương ứng với mỗi món là 1 ly vang trắng Cantera và vang đỏ Un Jardin Extraordinaire. Cả 2 món đều tạo ấn tượng tốt bởi sự tươi, sạch của nguyên liệu, kết hợp cùng rượu lại càng xuất sắc.
Chapter 2 (Grilled) bao gồm sườn bò tuyết hoa và sườn tẩm ướp truyền thống. Trong khi sườn tuyết hoa hơi nhạt do không qua tẩm ướp để thấy rõ từng thớ thịt thì sườn truyền thống lại mang lại sự đậm đà. Kỳ lạ ở chỗ món ăn có vị ngược nhau này lại được kết hợp với cùng một loại rượu với thành phần 100% nho Malbec 🍇 lại hợp vô cùng. Món nào cũng hợp 🤣 Ah, pancha ăn kèm cũng xức sắc 
Chapter 3 (Main) là 1 bát canh sườn bò ăn cùng cơm nóng. Canh trong veo, ngọt ngào. Cơm 🍚 dẻo, ăn riêng hay ăn cùng cơm đều ngon. Phối hợp là 1 ly vang đỏ Rouge (k nhớ rõ tên nhưng độ cồn là 13,5%😃)
Chapter 4 (Dessert) là một ly chè đậu đỏ cùng với những câu chuyện về đủ mọi thứ trên đời 😆

Có thể nói, một bữa tối có sự hài hòa giữa phương Đông và phương Tây. Giá trị không còn nằm ở giá tiền nữa mà là ở kiến thức, trải nghiệm gặt hái được. 

P/s: tiền nhân có câu “Rượu vào lời ra” đúng là không sai mà. Khi gặp đồng tửu, lại thêm vài ly nữa nên là mải nói chuyện, hóng chuyện, quên mất không chụp các món về sau 🥹
#diningreview #SamwonGardem #Monopole","22",,,,"19","3",,,"0"
"2","ASG SKY LOUNGE - Phòng chờ thương gia mới nhất tại sân bay Nội Bài.

Vị trí: sảnh E, nhà ga hành khách Quốc nội (T1), gần cửa số 13 và cạnh quầy Bánh Mì Phố

Mình sử dụng thẻ BIDV Visa Infinite để check-in. Ngoài ra, giá bán vé vào phòng chờ là 399.000VND/người lớn, 299.000VND/ trẻ em.

Ấn tượng đầu tiên khi vào phòng chờ là phòng mới, thiết kế hiện đại, trẻ trung, đặc biệt là view nhìn thẳng ra đường băng. Có khá nhiều góc trải nghiệm khác nhau như khu đọc sách, khu xem phim, quầy bar, phòng VIP… nhưng đặc biệt nhất phải nhắc đến ở đây là spa.

Mình khá bất ngờ vì không nghĩ trong phòng chờ lại có cả spa. Bạn kỹ thuật viên rất nice, tư vấn nhẹ nhàng và giới thiệu cho mình gói 15 phút (175.000 VND) khá là ưng, làm xong cổ vai gáy nhẹ hẳn. Ngoài massage thì còn có các dịch vụ gội đầu, chăm sóc da mặt, nối mi... Nếu lần bay tiếp theo có dư giả thời gian thì mình sẽ quay lại thử mấy dịch vụ khác xem sao.

Buffet ở đây cũng tương đối giống với các phòng chờ khác. Đồ ăn ngon hơn mình kỳ vọng, ngoài phở cuốn hơi khô thì các món còn lại đều vừa miệng, nhất là các món nóng và salad. Đồ uống thì mình thấy cappuccino khá ok. Ngoài ra ở quầy bar còn bán rượu và cocktail, mọi người có thể thử nha.

Cảm quan là phòng chờ ổn, yên tĩnh và đáng để trải nghiệm, hy vọng thời gian tới phòng chờ vẫn giữ được chất lượng như hiện tại.","39",,,"1","36","2",,,"3"
"5","Đã ăn ở nhà hàng này lần thứ 3 rồi mới ngoi lên đây để review. Chỉ duy nhất 1 từ XỨNG ĐÁNG.

Nhà mình đã ghé Kinza và thử sashimi, sushi, bò và một vài món khác thì theo cảm nhận rất tươi, có hỏi nhân viên thì biết cá nhập xịn từ nhật. Nhất là món bò wagyu nướng, vừa mềm vừa ngọt, quá đáng tiền. Mẹ tôi còn không hay ăn đồ Nhật mà lại còn kêu dễ ăn với khá là thích nữa. 

Không gian ở đây thì xịn xò, kiểu hiện đại mà Nhật bản ấy, có không gian riêng tư cho cả nhà. mình book 1 phòng riêng tầng 3 cho cả nhà, phòng có view hồ nha. Vì là không gian riêng nên cả nhà mình thấy rất thoải mái. Hôm đó cũng là sinh nhật mẹ mình nên nhà hàng còn tặng kèm bánh sinh nhật Sushi, hơi tiếc là mình ko báo đặt bàn sinh nhật trước, mà đến nơi anh quản lý hỏi mới bảo có sinh nhật mẹ nên nhà hàng không kịp trang trí sinh nhật, nhưng mẹ mình vẫn rất vui vì nhận được bánh sinh nhật của nhà hàng. Cái này mình thấy rất tinh tế, xứng đáng recommented cho những ai muốn tổ chức sinh nhật ở quán Nhật nha. À tổng bill sau khi ăn còn được giảm 10%, nên ổn áp cho các bác nào muốn qua thử trải nghiệm.

Về Theo tôi đánh giá qua những quán tôi đã từng qua thì chắc cũng phải xịn nhất ở Bắc Ninh này r ý, đi đôi với giá cả thì cũng ở mức trung bình cao, nhưng mà đồ ăn rất ngon, rất tươi và thật sự rất đáng để thử. Khuyên các bác nên thử qua nha, ổn áp lắm đó, quá xứng đáng với giá tiền!

Kinza nằm ngay đối diện hồ ở 31 Trần Nhật Duật, P. Đại Phúc nha cả nhà.

#diningreview #bacninh #japaneserestaurant","12",,,"1","9","1",,"1","1"
"15","HCMC - menu mùa hè của nhà hàng Fume rất sáng tạo và hay ho. 10 món ăn kết hợp mới 6 loại rượu, mình chọn option 3 vang, 3 sake. 10 món trong menu không chê cái gì luôn nhưng đặc biệt thích mấy món
Mâm đồ khai vị kết hợp nhiều loại rau củ: mousse ngô siêu ngon, làm từ ngô được nấu 2 cách, kết hợp với thịt cua lông, ăn béo ngậy và thơm nhẹ. Cà chua ăn rất ngon, ớt nướng ăn cũng thơm, không cay, đậm đà. Các loại rau củ đều nhập từ Nhật
Trứng hấp, cực thích, vì họ làm xốt từ blue cheese, ai ăn được sẽ mê vì nâng tầm trứng hấp lên nhiều, béo và thơm đặc biệt, có cả cá hương trong bát trứng
Sashimi cũng rất ngon, bầy xinh đẹp
Cánh gà nướng ở đây là món ngon nhất, nướng than, rút xương và nhồi lươn, da gà giòn, thơm lừng mùi khói than, nhân đẫm nước, thịt lươn béo ngậy. Điểm trừ là chỉ 1 cái thôi, thèm cũng chịu
Món phụ - ly kem dứa uống sạch miệng trước khi ăn tráng miệng nhưng ấn tượng sâu sắc- kem dứa cùng nước Tepache (nước lên men làm từ vỏ lõi dứa) ủ lâu năm. Cái này thơm mà chua ngọt cực dễ chịu. Nhờ mình khen nức nở nên xin thêm được 1 ly, he he
Bánh macaron trà xanh kèm trà ngon
Dịch vụ tốt, chu đáo tận tình khiến khách phát ngại vì nhoách cái tự rót thêm rượu, giải thích món ăn tường tận nhưng do say quá giờ không nhớ hết
#omakase
#saigon
#diningreview","44",,"2",,"35","7",,,"3"
"4","Tang Sui Heng Reétaurant | bún/mì/miếng/cơm vịt.

https://maps.app.goo.gl/VkxbkNVbiYg7WvqSA?g_st=ipc

#dinningreview #vịt 

Quán này bán hệ vịt gồm mì, miến, cơm, hủ tiếu + vịt. 
Ngon, nước dùng thơm nhẹ, ngọt thanh, vịt mềm.

Mình gọi 1 tô bún vịt + thố vịt đủ thứ gồm đùi, lòng, cánh, chân. 

Recommend món chân vịt ăn rất cuốn, có mùi thuốc bắc thơm lừng. 

Hai phần 475 bath. 

Bonus clip múc ớt bỏ dô cho cai đắng cuộc đời 👌🏻. Đi thái mà k ăn cay xin hãy ở nhà 😘.","18",,,,"18",,,,"1"
"9","Nikaku Bangkok Omakase. 
#dinningreview #bangkok. 

Ngắn gọn giá set này 8tr+.

Nếu 8tr là giá cao ntn thì ăn k “tới” thua saito bangkok. 

Cấn là chỗ cơm hơi lạnh, thường cơm sẽ = nhiệt độ cơ thể khoảng 37 độ là hơi ấm sẽ best 1. Cơm chef nấu hơi lạnh, hạt cơm hơi cứng kiểu adante, dấm trộn cơm cũng đc, k thích phần gari vì quá chua, gu mình thích gừng ngâm chua ngọt ăn rất dính. Nghiện. 

Tổng cộng 21-22 course, đặc biệt phần tráng miệng 3 món lại ngon :)). Đi ăn chu chi mà khen desert hơi kì :)). 

Phần topping cá của chef ok, chỉ cấn phần cơm. 

Chef có làm cái món trứng hấp nhưng lại ăn lạnh thấy hơi cấn mồm xíu. 

Cặp đôi kế bên thấy khen nức nở chụp hình tá lả :V. 

Chef gt quán mình 2 sao bên japan, nhập nl từ nhà hàng mẹ bên japan qua. Thấy vibe nh lẫn trình chưa bằng saito. Chắc book ăn saito lại cho nó đã nư qá 🥲. Thiệt ăn k tiếc tiền nhưng gặp trúng nh k ưng mỏ phải đi kiếm chỗ khác ăn bù đắp nó hao ghê 😆. 

Hết.","20",,,,"19","1",,,"1"
"5","Tapas và Cocktail-Chị Mơ-Thảo Điền-Tphcm.

Quán này lúc trước mình có ghé ăn Phở và làm Review nay nghe quán có thêm một số món Tapas và cocktail mới nên mình phải qua thử ngay.
🏠Không gian buổi tối quán lên đèn như 1 Hội An về đêm. Ngồi uống cocktail ngoài trời với cây xanh mát mẻ khá chill. Quán có bếp mở nên có thể vừa xem bếp làm các món Tapas vừa nghe bếp giải thích thành phần và cách làm các món ăn luôn.
🌸Món ăn: Trong các món thì mình thật sự ấn tượng với 2 món là Phở Xào Lõi Rùa và Cơm Rang dưa bò.

- Với món Phở xào lõi rùa thì phải công nhận lõi rùa của quán làm ngon. Lõi rùa được hầm với Demi Glace tiêu đen làm cho phần gân trong lõi rùa mềm thấm với nước Demi Glace làm thịt ăn rất đậm đà khó quên. Sợi phở mềm dẻo ko bị bể gãy. Khi ăn nghe mùi chảo cháy. Rất tuyệt!

- Món cơm rang dưa bò: Hạt cơm được nấu bằng nước Phở nên làm hạt cơm săn chắc thấm gia vị phở ăn thơm đậm vị. Khi ăn cũng nghe thoang thoảng mùi chảo cháy. Món này không có dưa chua nhưng được Bếp làm sauce Aioli trộn với nước cốt dưa chua. Phía topping là phần cơm được nấu bằng gạo Séng Cù theo kiểu cơm Paella cháy nhẹ ăn hơi giòn giòn lạ miệng. Phần thịt bò áp chảo rất khéo chín vừa không quá dai.

Các món còn lại cũng khá ngon.

-Món Quẩy làm bằng bột sourdough ăn với Pate làm mình nhớ lại món Bánh mỳ que của Hải Phòng. Pate gà của quán béo nhẹ nhàng,làm rất mịn.

-Món cơm cháy từ gạo Séng Cù với Cá hồi kho tiêu và rau rừng cũng lạ miệng. Món này uống với bia thì tuyệt. 

-Phở chiên phồng chay với Đậu hủ non ghiền và nấm Đông cô nấu với Tiêu theo kiểu Ragu cũng ngon lạ miệng. Dĩa này to lắm. Phải share 2 người mới hết. Đậu hủ non của quán làm béo. Ăn miếng đầu thấy ngon. Nhưng mấy miếng sau hơi ngán.

🌼Nhìn chung các món ăn ở đây mình thấy chế biến ngon mang hương vị rất Việt Nam ,được chăm chút trang trí đẹp như các món trong thực đơn Tasting. Giá cũng hợp lý.

🍹🍷 Cocktail: Mình ấn tượng nhất với món Cocktail tào phớ với Vodka. Món ăn gợi lại kỷ niệm xưa với món đậu hủ non với nước đường gừng ở gánh hàng rong. Khi uống nghe thoang thoảng mùi hoa Nhài. 
2 món cocktail Đá me và Seasonal cocktail mới  cũng nhẹ nhàng thích hợp cho chị em PN. Đặc biệt món Seasonal cocktail mới có kết hợp với rượu mận Hà Nội nhà làm và puree đặc biệt tự sáng tạo của nhà Chị Mơ) cũng êm dịu và tinh tế.

🌸 Phục vụ : Dễ thương. Với các món ăn đều được các bạn Phục vụ giải thích rõ ràng nguyên liệu và cách nấu. Khi phục vụ cocktail  bạn Bartender cũng ra tận bàn giải thích thành phần cũng như câu truyện đằng sau ly cocktail đó. Các Đĩa đều được giữ ấm khi mang ra cho khách.
⏰Thời gian phục vụ Tapas từ 10 giờ sáng. Riêng món cơm cháy cá hồi kho quẹt phục vụ buổi chiều từ 17h.
🎁 Quà tặng cho thành viên nhóm Dining Review: 1 phần Quẩy Sourdough chấm hoặc 1 ly sâm bí đao do quán tự nấu.

Địa chỉ: Quán Chị Mơ
23 Lê Văn Miến,Thảo Điền. Q2. Tphcm
#diningreview
#cocktail
#tapas
#thaodien","28",,,,"24","4",,,"3"
"11","KhuaKling PakSod Thong 
https://maps.app.goo.gl/dKgWsoD78zzaLo877?g_st=ipc
#dinningreview #bịcanhsatchinhtadí
Nhà hàng bán món miền nam thái lan, michelin bib. 

Quán rất chill, nấu ngon, khẩu phần nhiều gọi ăn k hết. 

Mình gọi 1 canh chua cá nục, 1 cà ri cá basa, 1 ba chỉ heo xào đậu đũa. Siêu ngon. Quán có nhiều chi nhánh.

Tổng 3 món ~1200baht. Baht thái h 830 cà thẻ vcb r nha. Muốn khóc thét. 

Recommend.","12",,,,"12",,,,"0"
"8","Review Toàn Tập quán Dining ở  Thành Phố Huế

Do từng học cấp 2 và 3 ở đây nên mình rất hay về Huế chơi dù hiện nay sống ở HCM, nên cũng trải nghiệm được vài chỗ. Còn chỗ nào thiếu comment bổ sung giúp mình nhé.

Một số chỗ mình lấy ảnh mạng minh họa nhé vì đi ăn đôi khi cũng lười chụp.

#DiningReview #hue #huecity","35",,,,"32","3",,,"4"
"5","**Xin chào các thành viên của group Dining Review!**

Today With You (Oneul Geudaewa) là thương hiệu pasta được rất nhiều bạn trẻ Hàn Quốc yêu thích, với vô số bài check-in trên Instagram cùng hashtag **#오늘그대와**. Giờ đây, tụi em rất vui khi có thể mang trải nghiệm đó đến gần hơn với mọi người ngay tại Sài Gòn.

Với mong muốn giữ trọn hương vị và chất lượng gốc, toàn bộ nguyên liệu đều được nhập khẩu trực tiếp từ Hàn Quốc. Từ sợi pasta, nước sốt cho đến nĩa, muỗng, ly uống nước – mọi thứ đều được mang sang nguyên vẹn, để khách có thể cảm nhận hương vị và không khí giống như ở Hàn Quốc.

Một số món được khách yêu thích nhất tại quán là **Ragu Pasta, Shrimp Pesto Pizza và Pesce**. Ngoài ra, tụi em cũng có chuẩn bị **máy chụp ảnh lấy liền (Polaroid)** và hỗ trợ **trang trí tiệc miễn phí** cho khách đến quán, để mọi người có thể lưu giữ thật nhiều khoảnh khắc vui vẻ cùng nhau.

**Như một lời cảm ơn nho nhỏ**, khi mọi người để lại **review trên Google hoặc Tripadvisor**, tụi em sẽ tặng kèm **1 phần side dish miễn phí** trong lần ghé quán. 

Hy vọng **Today With You** sẽ có cơ hội được phục vụ và lắng nghe thật nhiều góp ý chân thành từ mọi người để ngày càng hoàn thiện hơn.
Rất mong được chào đón cả nhà tại **99 Thảo Điền**!

Cảm ơn mọi người rất nhiều!

#diningreview #nhahangthaodien #thaodien #nhahang #henhothaodien
#todaywithyou #오늘그대와 #pastarestaurant #gioithieunhahang","25",,,,"24","1",,,"3"
"2","[Hà Nội - Uyển Garden]
____
Dạo này về Hà Nội ít đi ăn ngoài thì đc mẹ dẫn đi thử quán mới, Uyển Garden. Thử đc chắc 15% menu (11 món) thì e hài lòng đc 4 món. 
Nhưng tầm giá thì cực kì khiêm tốn (80-170k/ món) nên có lẽ cũng không thể kì vọng quá nhiều nhưng ưng 2 món main course nấm giả thịt vị đậm đà, trình bày OK. 
Vấn đề lớn nhất có lẽ vẫn là menu bao quá nhiều nền ẩm thực (Việt, Hàn, Nhật, Ý, Mexico,...) thiếu ổn định và service còn bị non. 
Như e đã nói, e không kì vọng nhiều nhg 2 món giả thịt thì okela. 
#diningreview #Hanoi","24",,,,"23","1",,,"1"
"12","# **Saigon - Địa điểm ăn uống Pt.2**

**#saigon **#dinningreview

Bị mem dí dô tận Ib hỏi phần 2 đâu nên đây phần 2 đây :| 

**Quán Cháo Mực 10**
[https://maps.app.goo.gl/Kq5BD9iwNDHmPUMRA](https://maps.app.goo.gl/Kq5BD9iwNDHmPUMRA)
Đặc sản là nước lèo nấu bằng khô mực, ngọt nước, ở đây bán đủ thứ từ cháo, bánh canh, nui, hoành thánh lá, giò thịt, giò gân, bò viên. Giá cao nha.

**Vinh Ký - Xôi Dầu Hào, Xôi Gà Xé**

[[https://maps.app.goo.gl/nb5gXqtx1DurqyzB7](https://maps.app.goo.gl/nb5gXqtx1DurqyzB7)](https://maps.app.goo.gl/nb5gXqtx1DurqyzB7)

Xôi gà thì bt rồi, ở đây bán xôi dầu hào, k biết diễn tả sao nhưng ăn lạ miệng, chỉ 20k/ hộp nhưng ăn no nứt bụng luôn.

**Mậu Ký - Mì bò phá lấu Đài Sơn**

[[https://maps.app.goo.gl/HWUeBnmzjbdbei9p7](https://maps.app.goo.gl/HWUeBnmzjbdbei9p7)](https://maps.app.goo.gl/HWUeBnmzjbdbei9p7)

Quán mới mở chưa được lâu, nhưng chủ quán là người Đài Sơn china, mì phá lấu ở đây đậm vị thuốc bắc, rất thơm, phá lấu rất ngon, ở đây bán 2 món đặc sản là mì phá lấu, với cơm lươn thố.

**Mà má mìn - Mì bò hẻm Tân Hải Vân**

[[https://maps.app.goo.gl/idcW2QTqFpt9QFZn7](https://maps.app.goo.gl/idcW2QTqFpt9QFZn7)](https://maps.app.goo.gl/idcW2QTqFpt9QFZn7)
Huơng vị nhẹ nhàng hơn Mậu ký, bò ở đây hầm rất mềm, thơm ngon ngọt như trai nó thỏ thẻ dô lỗ tai mấy bé gái 18 chủi vị đó r nó gạt giò té sml :| . Đặc biệt sa tế rất cay và thơm.

**Hủ tíu bò viên - 1 đoàn thị điểm**

[[https://maps.app.goo.gl/2SVUTkSHZ4ecAjjE6](https://maps.app.goo.gl/2SVUTkSHZ4ecAjjE6)](https://maps.app.goo.gl/2SVUTkSHZ4ecAjjE6)

Ở đây bán chỉ bán đúng bò viên và xí quách, ko thịt ko gì hết, nước lèo rất ngọt, ngon, 1 tô 7x ăn no luôn. Tiền nào của đó.

**Bắp xào tóp mỡ siêu giòn**

[[https://maps.app.goo.gl/7nDbXDynq6BNh47G8](https://maps.app.goo.gl/7nDbXDynq6BNh47G8)](https://maps.app.goo.gl/7nDbXDynq6BNh47G8)

Bắp xào thì bt, nhưng bắp xào tóp mỡ chiên giòn + xào bằng mỡ heo thì hiểu r đúng k :)). chú ý là chú xào hơi ngọt, dặn bớt ngọt cho vừa mồm ok. K có gì magic bằng thứ gọi là mỡ heo, thứ biến heo nái thành thiên nga cmnl :)). 

**Cơm tấm Tài 476 Nguyễn Tri Phương **

[[https://maps.app.goo.gl/8iJq9ru1JyYzqRaL8](https://maps.app.goo.gl/8iJq9ru1JyYzqRaL8)](https://maps.app.goo.gl/8iJq9ru1JyYzqRaL8)

Đêm đói k biết ăn gì thì lội qua đây, đặc sản sườn cọng nướng, hột dịch kho đỉnh chóp, mà còn có tô canh chua húp nữa chứ, nhức cái nách. 

Tương tác các bác mạnh mẽ đập bàn dữ dội sẽ có phần 3 :|. Còn thôi em sủi nhé :|","50",,,,"43","7",,,"14"
"8","#HộiAn – Review nhanh sau 4 ngày quay lại sau 7 năm
Hội An mùa này nắng từ sáng sớm, khá oi và bụi nếu đi bộ hoặc đạp xe nên chuẩn bị kỹ áo chống nắng, kính mát, khẩu trang. Tuy nhiên, nếu dậy sớm tầm 5h30–6h, đạp xe quanh phố cổ thì không khí vẫn rất dễ chịu và thi vị.

Dưới đây là tổng hợp nhanh trải nghiệm khách sạn, ẩm thực và đồ ăn vặt của mình, bạn nào sắp đi chơi có thể tham khảo:

🏨 Khách sạn
 • Cozy A Boutique Hotel Hoi An (~1.400.000đ/đêm, 4 sao)
Vị trí yên tĩnh gần sông, di chuyển dễ. Nhân viên thân thiện, dịch vụ ổn. Bữa sáng ở mức trung bình nhưng với mức giá này là hợp lý.
 • Wafaifo Hotel (~2.500.000đ/đêm, 5 sao)
Khách sạn mới, phòng đẹp, dịch vụ siêu tốt. Đồ ăn trong khách sạn chất lượng. Nằm ngay trong phố cổ nên tiện. Đây là nơi mình ưng nhất trong chuyến đi lần này.

🍜 Ăn gì ở Hội An?
 • Mì Quảng Hai – 6A Trương Minh Lượng
Món must-try. Mì đầy đủ tôm, thịt, trứng, nước dùng đậm đà. Quán đông nhưng phục vụ nhanh, nằm ngoài phố cổ nên tiện đi lại.
 • Bánh bèo – bánh nậm Bà Bảy
Quán nhỏ trong ngõ, sạch sẽ, dân địa phương ăn nhiều. Bánh bèo mềm, nước mắm ngon, chuẩn vị Hội An.
 • Cơm gà Nga (Cơ sở 2) – 6 Phan Châu Trinh
Gà mềm, cơm dẻo. Vị vừa ăn, không dầu mỡ. Ăn trưa nhẹ nhàng, hợp cả khách Bắc – Trung.
 • Bánh mì Phượng – 2B Phan Châu Trinh
Bánh ra nhanh dù quán đông, topping đầy, sốt đặc trưng riêng. Vẫn giữ được phong độ sau nhiều năm.
 • Hải sản Cánh Buồm Trắng – 2/24 Lê Lợi
Không gian bình dân, khách địa phương là chính. Hải sản tươi, giá tốt, chế biến nhanh, ăn đơn giản. 
 • Mango Rooms – 37 Phan Bội Châu
Đồ ăn kiểu fusion Việt – Mexico. Trình bày đẹp, hương vị đậm đà mà vẫn cân bằng. Không gian nổi bật với tone vàng đỏ, nhân viên dễ thương. Có điều hơi ồn do gần sông.
 • Morning Glory Original – 106 Nguyễn Thái Học
Đủ món đặc trưng Hội An, nêm vừa miệng. Dễ ăn, giá ổn, phục vụ nhanh.

🍨 Đồ ăn vặt & Tráng miệng
 • Boulevard Gelato (kem Ý) 
Phố cổ có tầm 3–4 cửa hàng gelato, mình chọn chi nhánh đông khách nhất toàn khách Tây. Không gian mát, nhân viên lịch sự.
Hai vị mình chọn:
 • Caramel muối: Béo nhẹ, hậu vị mặn dịu – ăn vào là ghiền.
 • Chanh leo: Chua mát, chuẩn vị gelato kiểu Ý.
Giá khoảng 80.000đ/viên. Có thể ăn tại chỗ hoặc cầm đi dạo đều ổn.
 • Đồ nướng vỉa hè phố cổ
Ghé quầy nhỏ bán đồ nướng khi đi dạo, thử bạch tuộc xiên tre nướng than thơm, dai vừa, chấm tương cay ngon bất ngờ. Street food như này rất hợp để ăn tối lang thang phố cổ.

✅ Tổng kết

Hội An giờ đông hơn, nóng hơn, nhưng dịch vụ du lịch chuyên nghiệp hơn.
Nếu hỏi mình nhớ nhất điều gì chắc chắn là:
🥂 Bữa tối tại Mango Rooms và viên caramel muối mát lạnh giữa phố cổ ban đêm.

Sẽ viết chi tiết từng địa điểm trong các post sau, bạn nào đang plan đi Hội An thì lưu lại nhé!

#HoiAnTravelGuide #DiningReviewVN #VietnamFoodie","36",,,,"34","2",,,"18"
"2","Nhà hàng Ngân Đình- Windsor Plaza-Tphcm

Ngân Đình là nhà hàng Hoa rất lâu đời tại Tphcm nằm trong ks 5 * Windsor. Nay mới có dịp đến ăn trưa.

🌞Không gian: Còn rất mới đẹp mang đậm chất hoài cổ Trung Hoa thập niên 80-90.

🌞Món ăn:
- Há cảo thủy tinh bột khá dầy chưa được mỏng và trong. Nhân độn nhiều cá hơn tôm. Nhân bánh chưa ngon.
- Vịt quay ướp rất ngon đậm đà,da giòn. Tuy nhiên thịt bị hơi bở chắc dùng thịt đông lạnh. Mình phải trả lại món này.
- Há cảo tôm tích ăn ổn
-  Bánh cuốn xốt XO bột hơi bị nhão. Xốt XO ko thơm.
- Mỳ hoành thánh sợi mỳ cũng ko ngon. Sợi mỳ ở Nhà hàng Ngân Đình ở Quận 1 ngon hơn. Nước dùng cũng chưa đạt.

Được tặng 1 phần trái cây free. 

Nhìn chung đồ ăn ở đây chưa được ngon. Hơi thất vọng. Mình thấy bên Ngân Đình đường Đồng Khởi Q1 ngon hơn hẳn.

🌞Phục vụ: Tận tình tư vấn các món ăn cho khách. Chú ý khách ăn xong thay dĩa mới ngay.

🌸 Có thẻ Wmc được giảm 10% và tháng sinh nhật giảm 20%.

💰Giá cả cũng không quá đắt so với mặt bằng trong ks 5 sao.

🏠Địa chỉ: Nằm trong ks Windsor 
1 Sư Vạn Hạnh, phường 9. Quận 5. Tphcm.

#diningreview
#tphcm
#ngandinh
#windsor","17",,,,"16","1",,,"2"
"39","HN phải có thật nhìu hàng như này để mỗi lần thích ăn là k cần nghĩ đi đâu nữa. 
1 sản phẩm sáng tạo và trẻ trung do TUNG Dining group mở nên các món cực chất lượng, được đầu tư sáng tạo nhiều từ cả ekip Chef Tùng nên k đại trà, rất đáng thử  . Bát đĩa siu xinh đúng gu hoa lá màu sắc của tui ☺️
📍Run=Fun The eating room .
Chi tiết món ở từng ảnh nhá. Theo nhận định của tui thì đây là 1 nhà hàng phong cách Asia Fusion nha. Tàu Thái Việt Ấn nói chung sáng tạo rất okela và vừa miệng. 

Dessert có 3 món thì cả 3 đều ngon !!! 

Set menu mình sẽ quay lại ăn thử 1 hôm khác nhưng giá rất mềm với 1 menu đọc đã thấy rất chất lượng 
Hôm nay nhóm mình gọi alc nên cũng đc kha khá gần hết menu thì các món đều ok. Tổng quan tầm 6-700k/ ng là no lè !

set up chỉn chu nhưng vì không gian bé nên ai muốn riêng tư tâm sự mà gặp gdinh có trẻ con đi ăn lại k ôk. Nhà hàng nên mở cửa sổ tràn viền ra là khác bọt liền.

#Diningreview 
#RunFunTheeatingroom
#Runfun","222",,,,"195","27",,,"35"
"3","📍 Samwon Garden x Monopole

Khi ẩm thực Hàn Quốc thăng hoa với Vang Châu Âu. Được Monopole giới thiệu những trai vang độc bản, hương vị Summer kết hợp với bò và Kim Chi Hàn Quốc - 1 sự bùng nổ vị giác thật sự.

Ngôi sao là Món Bò Tartar ăn kèm Rau cần, Lê Hàn và Hạt dẻ, món ăn này kết hợp với chai Vang đỏ Un Jardin Extraordinaire như 1 bó hoa thơm rực rỡ, chưa bao giờ ăn Tartar mà ngon đến thế.

Bò Hoa, Sườn Bò, Canh Bò nước trong veo, đều thơm và giòn ngọt mềm, quả thật bếp Samwongarden.vn-삼원가든 làm rất xuất sắc. 

Đi kèm là chai Malbec Pháp Coeur de Malbec Cahors Lionel Odsmin và Sự kết hợp kỳ lạ của Syrah và Pinot Noir của La Baie Orientale Lionel Osmin & Cie.

Không thể tin được là Monopole - Wine Gallery có thể sáng tạo khi kết hợp món ăn Hàn như vậy.

Đáng thử!
#Diningreview #hanoireview
#SamwonGarden #Monopole","35",,,,"24","11",,,"3"
"0","Xin chào anh chị group Dining Review!

Mình là quản lý thương hiệu nhà hàng KISEKI-ro tại 53 Hàng Chuối, Phạm Đình Hổ, Hà Nội.

KISEKI-ro cảm ơn các anh chị admin và thành viên của group Dining Review đã ghé thăm, trải nghiệm tại nhà hàng và đưa ra những góp ý để KISEKI-ro cải thiện về chất lượng.

Thứ 7 ngày 2/8 sắp tới đây, KISEKI-ro sẽ diễn ra sự kiện 𝐖𝐚𝐠𝐲𝐮 𝐓𝐚𝐬𝐭𝐢𝐧𝐠 𝐍𝐢𝐠𝐡𝐭: 𝐃𝐨̀𝐧𝐠 𝐜𝐡𝐚̉𝐲 𝐃𝐢 𝐬𝐚̉𝐧, 𝐂𝐡𝐚̆́𝐭 𝐥𝐨̣𝐜 𝐭𝐢𝐧𝐡 𝐡𝐨𝐚, với mỗi món ăn là một lát cắt trong dòng chảy lịch sử, tái hiện hành trình phát triển và tinh luyện của di sản ẩm thực Wagyu Nhật Bản qua 3 giai đoạn: 𝐊𝐡𝐨̛̉𝐢 𝐧𝐠𝐮𝐲𝐞̂𝐧 (𝐓𝐡𝐨̛̀𝐢 𝐤𝐲̀ 𝐌𝐢𝐧𝐡 𝐓𝐫𝐢̣)  – 𝐏𝐡𝐚́𝐭 𝐭𝐫𝐢𝐞̂̉𝐧 (𝐓𝐡𝐨̛̀𝐢 𝐤𝐲̀ 𝐂𝐡𝐢𝐞̂𝐮 𝐇𝐨̀𝐚) – 𝐆𝐢𝐚𝐨 𝐭𝐡𝐨𝐚 (𝐓𝐡𝐨̛̀𝐢 𝐤𝐲̀ 𝐁𝐢̀𝐧𝐡 𝐓𝐡𝐚̀𝐧𝐡).

Thực khách sẽ thưởng thức 𝐖𝐚𝐠𝐲𝐮 𝐓𝐚𝐬𝐭𝐢𝐧𝐠 𝐌𝐞𝐧𝐮 độc quyền, gồm 𝟕 𝐦𝐨́𝐧 𝐖𝐚𝐠𝐲𝐮 𝐀𝟓 với 𝟕 𝐤𝐲̃ 𝐭𝐡𝐮𝐚̣̂𝐭 𝐜𝐡𝐞̂́ 𝐛𝐢𝐞̂́𝐧 𝐖𝐚𝐠𝐲𝐮 đặc trưng nhất: từ phương pháp nguyên sơ như Sashimi, Gyunabe; đến kỹ thuật nướng lửa trên muối hồng Himalaya, áp chảo tái chín, nướng trên vỉ gang tại bàn; và khép lại bằng những sáng tạo tôn vinh tinh thần giao thoa văn hóa, với Wagyu lần đầu tiên được kết hợp cùng gia vị Tây Bắc thuần Việt.

KISEKI-ro đặc biệt dành cho thành viên nhóm Dining Review ưu đãi: 𝐓𝐚̣̆𝐧𝐠 𝟎𝟏 𝐥𝐲 𝐯𝐚𝐧𝐠 𝐕𝐞𝐧𝐭𝐨𝐮𝐱 𝐕𝐢𝐞𝐮𝐱 𝐂𝐥𝐨𝐜𝐡𝐞𝐫 𝐎𝐫𝐠𝐚𝐧𝐢𝐜/ 𝐤𝐡𝐚́𝐜𝐡 𝐡𝐚̀𝐧𝐠 khi anh chị đặt bàn trước qua kênh Meta/hotline nhà hàng. Mình vui lòng nhắn kèm theo code: DININGREVIEW để được nhận ưu đãi ạ. 

KISEKI-ro xin phép gửi anh chị thông tin sự kiện cụ thể dưới đây:

⏺︎ 𝐓𝐡𝐨̛̀𝐢 𝐠𝐢𝐚𝐧: 18:00 - 02/08/2025

⏺︎ 𝐍𝐨̛𝐢 𝐭𝐨̂̉ 𝐜𝐡𝐮̛́𝐜: KISEKI-ro, 53 Hàng Chuối, Phạm Đình Hổ, Hai Bà Trưng

⏺︎ 𝐕𝐨̛́𝐢 𝐦𝐮̛́𝐜 𝐠𝐢𝐚́ 𝐯𝐞́: 2.750.000VND++/pax

Liên hệ tư vấn và đặt bàn tại sự kiện: m.me/kiseki.ro

Kiseki-ro rất mong được đón tiếp anh chị tại nhà hàng ạ.

#gioithieunhahang #diningreview","7",,,,"7",,,,"0"
"10","Mùa hè châu Âu có nhiều thứ, nhất là có ĐÀO 🍑🍑🍑 Đào trắng, vàng, tròn, dẹt, ngọt, thơm, giòn, mềm mọng, gi gỉ gì gì cũng có.

Các nhà hàng cũng thường xuyên kết hợp đào trong thực đơn mùa hè. Thích trái cây trong các món mặn nên mùa hè cứ món nào có đào là mình gọi 😚

Một vài món có đào mình từng thử và khá ưng:

🍑Peach porridge – 26 Grains, London: Cháo ngũ cốc ăn cùng đào nướng sơ, puree đào và kem hoa cam – béo, thơm, tươi sáng. Thêm granola pistachio và tiểu hồi, tạo độ giòn và ấm.

🍑Preserved peach & pickled beetroot – Bottega Barlie, Copenhagen: Đào ngâm, củ dền trắng muối, sữa chua, sốt dâu tằm, dầu olive. Vị chua ngọt nhẹ, mềm mượt. Hạt óc chó, caper và húng tây thêm độ hăng, giòn, cay nhẹ.

🍑White peach, fine bean & hazelnut vinaigrette – Legare, London: Đào trắng nướng xém, mềm, ngọt như mật. Kết hợp đậu que giòn ngọt và sốt dấm hạt phỉ – chua béo, nutty, cân bằng vị ngọt.

🍑Grilled peach, roasted squash & burrata – Ardacho, Valencia
Đào và bí nướng, burrata, rau trộn, puree củ dền đỏ và sốt mù tạt mật ong. Đủ vị và kết cấu: mềm - giòn,  mặn - ngọt - béo - cay nhẹ.

🍑Grilled nectarine, halloumi & truffle oil - Firebird, London: Đào không lông và halloumi nướng, kết hợp quen thuộc mỗi khi hè về. Dầu truffle, mật ong và cayenne tạo vị ấm, ngọt sâu, cân bằng vị mặn - chua của đào và phô mai.

#diningreview #london #valencia #copenhagen","84",,,,"70","14",,,"7"
"4","Xe Chỉ Kitchen - 14 Từ Hoa, Tây Hồ

Quán mỳ chay có không gian nhỏ nhắn, đơn giản nhưng rất chill, cách Sheraton chỉ vài bước đi bộ. Thực đơn cô đọng với 5 loại mỳ: 2 ramen (trộn/nước) và 3 pasta, tất cả đều là sợi mỳ tươi được chế biến al dente vừa vặn. 

Với khẩu vị nhà mình thì ramen trộn (sốt tương nấm) ngon, vừa miệng, còn pasta trứng muối (sốt tomyum, hơi ngọt) thì nên ăn share chứ ăn một mình khá ngấy, tuy vậy cũng có điểm nhấn là một chút cay rất hợp lý, ngay cả với mình là đứa bình thường k khoái ăn cay. Giá từ 99-120k/phần là ổn so với khẩu phần và chất lượng. Mỳ chay nhưng không hề boring, và cũng k bị mặn quá như Vege-ro (tất nhiên là style khác nhau).

Tráng miệng có 3 lựa chọn nhưng tầm 8h tối thì chỉ còn cheesecake (kiểu Basque), k rõ nhập từ tiệm nào nhưng rất ngọt, và chắc do cuối ngày nên bị cứng, không recommend. 

Menu đồ uống cũng đơn giản với cà phê và 1 số loại trà chanh, nước ép. Không có alcohol.

Riêng service có một chút trục trặc. Do nhầm lẫn từ phía bếp nên 2 phần mỳ của mình không ra cùng lúc - đĩa thứ 2 sau đĩa đầu tiên tận 15-20p, ck mình ăn xong rồi mà mình thì vẫn chờ. Quán lại không nói ngay từ đầu mà mãi sau đến lúc m chờ lâu quá phải hỏi thì mới nói, nên lúc đó khá bực. Tuy nhiên khi tính tiền quán có thiện chí trừ đi phần cheesecake để xin lỗi, âu cũng là một cách xử lý khá ok rồi với một team mà mình nghĩ vẫn còn khá trẻ. Thế nên vẫn recommend và sẽ quay lại, hi vọng lần tới mọi thứ sẽ trơn tru hơn.

Mọi người nếu định thử thì nên đi sớm để có đủ menu (quán 9h tối đóng cửa nhưng tầm hơn 7h là hết mỳ nước rồi). Qua đây làm bát mỳ chay nhẹ nhàng, xong đi bộ 2 phút sang Workshop14 làm thêm ly cocktail nữa là chuẩn :D

#ẩmthựchiệnđại #diningreview #xechikitchen #vegetarian","35",,,,"32","3",,,"8"
"9","Set lunch-Nhà Hàng Square One-Park Hyatt Sài Gòn.
Nhà hàng Square One là nhà hàng Pháp Việt từng 3 năm liên tục được Michelin Selected nằm ở tầng 1 khách sạn Park Hyatt Sài Gòn.

Thấy nhà hàng có Set Lunch hấp dẫn nên mình đã đến trải nghiệm với 1 phong cách Fine Dining.

Set Lunch ở đây bao gồm Bánh mỳ sourdough- Amuse Buse - món khai vị- món chính- Dessert và Petit four.

Nhà hàng có 2 set cho khách lựa chọn. Set với các món Việt Nam và Set với các món Pháp. Hôm nay mình chọn Set Pháp được chế biến bởi bếp trưởng Arnaud từng làm tại nhà hàng Michellin.

🌼Mở đầu là bánh mỳ đen Sourdough với 2 loại bơ. Bơ lạt và bơ nâu. Mình thích bơ nâu hơn có mùi bơ khét mùi hạt dẽ nướng nhẹ ở hậu vị.

🌼Amuse buse hôm nay của chef là bánh phồng nhồi gan gà mềm mịn bùi bùi và món Tartare cá hồi.

🌼Món khai vị là thịt bò Wagu Tartar. Thịt bò wagu mềm ngọt thịt đậm đà trộn với chút mù tạt cay nồng nhẹ và béo của lòng đỏ trứng cút của Chef làm rất tuyệt. Thịt bò của món này khá nhiều. Với các nhà hàng khác mình ăn thì món này không hề rẻ.

🌼Món chính là món Cá Thu Nhật với Măng Tây và Beurre Blanc. Thịt cá thu ngọt tươi cực. Măng tây rất non không bị sơ cứng. Sốt Beurre blanc chef chế biến rất khéo. Béo ngậy mượt mà thêm 1 chút chua thanh nhẹ của nước cốt cam và rượu vang trắng để giảm độ ngấy cho thịt cá thu.

🌼Món dessert là món Bưởi được ngâm với rượu trên lớp bánh quy bơ và kem cam handmade chua thanh mát của Chef . 

🌼Ngoài ra sau dessert nhà hàng còn có Petit Four là  những viên chocolate với những hương vị rất Việt Nam như mùi Cafe,quả tắt,dừa,hạt phỉ và chanh dây. Petit four thường chỉ phục vụ buổi tối nhưng khi khách có yêu cầu thì vẫn phục vụ cho set lunch.

🥃Nước uống: Trà vải của nhà hàng ngon. Nhà hàng dùng Trà hiệu Dammann của Pháp thơm tự nhiên nhẹ nhàng không bị chát.

👱Phục vụ: nhân viên dễ thương tận tình. Khi kết thúc 1 món đều hỏi khách ăn vừa miệng không và gọi tên khách trong suốt bữa ăn.

Giá cho set lunch này:

Giá từ 670.000 VNĐ / set 2 món, 880.000 VNĐ / set 3 món, chưa gồm phí phục vụ và VAT.

🎁Ưu đãi đặc biệt với set lunch này

Với mỗi phần bữa trưa được đặt trước, một khách đi cùng sẽ được tặng một set miễn phí. Tính ra đi 1 set có 500k/ khách nếu đi 2 khách. Quá rẻ.

Nhà hàng có 4 set lunch thay đổi theo tuần.

⏰Thời gian phục vụ set lunch: từ thứ 2 đến thứ 6 ( 11h30 đến 14h30)

🌞Tóm lại so với mặt bằng chung thì giá cao nhưng nhìn các món với nguyên liệu chất lượng trong không gian đẹp và nếu đi 2 người thì mỗi người chỉ tầm 500k. (Theo chia sẻ từ nhà hàng thì Bếp lựa những nguyên liệu loại 1 cho các món ăn và rau đều là Organic). Nên mình thấy giá này rất hợp lý không hề đắt chút nào.

#diningreview

#setlunch

#parkhyatt

#tphcm

#squareone","44",,,,"37","6",,"1","9"
"6","Nếu bạn đang tìm một nhà hàng Hàn sang trọng, chỉn chu, nơi đủ tinh tế để mời đối tác, tổ chức kỷ niệm gia đình, hay đơn giản là tự thưởng cho mình một bữa thật chất lượng thì Samwon Garden là một lựa chọn rất đáng cân nhắc.

Nhà hàng nằm ở khu Tây Hồ, có thể coi là nhà hàng Hàn chuẩn vị và có view đẹp nhất khu vực này. Không gian sang trọng nhưng vẫn ấm cúng, đặc biệt có view bể bơi cực kỳ lãng mạn, buổi tối lên đèn là siêu chill luôn!

Lần này mình trải nghiệm Set Signature Cuts, một trong những set nướng được đánh giá cao nhất ở đây. Ấn tượng đầu tiên là chất lượng thịt tuyệt hảo, cắt lát kim cương dày bản, nướng lên vẫn mềm mọng và giữ nguyên vị ngọt tự nhiên.

Trong set gồm có:
• Sườn bò tươi Samwon – vị ngọt thanh, kết cấu mềm nhưng vẫn có độ dai nhẹ rất “đã”.
• Sườn bò tuyết hoa nguyên miếng – phần thịt cắt lớn, nướng lên vẫn giữ được độ ẩm, cực kỳ thơm béo.
• Sườn bò tẩm ướp truyền thống – vị ướp kiểu Hàn cổ điển, đậm đà mà không át vị thịt.
• Thăn ngoại bò tẩm hành tỏi – lớp hành tỏi dậy mùi, thịt mềm mọng, ăn đến đâu thơm đến đó.

Ngoài ra mình còn gọi thêm để thưởng thức: Gỏi bò Hanwoo – món khai vị lạ miệng, tươi và ngọt vị thịt, đáng thử. Trứng hấp sốt mayo mềm tan, béo nhẹ. Canh sườn bò nữa nha để nhâm nhi cùng thịt nướng.

Không gian tại Samwon Garden mang đậm chất Hàn, sang trọng nhưng vẫn giữ được sự ấm cúng và riêng tư. Nhân viên phục vụ nhẹ nhàng, chuyên nghiệp, hỗ trợ nướng cho khách luôn.

Samwon Garden: Tầng 4, Khách sạn Somerset West Point, Tây Hồ, HN
Hotline: 036 560 6096

#diningreview #samwongarden","26",,"1",,"22","3",,,"4"
"13","Review ĐN - HA:

 Lần này nhà mình đi ĐN - HA kỹ hơn những lần trước nên cũng thử được nhiều quán mới hơn. 
1. Hoiana new beach resort: ăn sáng ngon, nhiều lựa chọn nhất là hoa quả. Nhược điểm là ít thay đổi, trừ mấy món nóng chiên xào còn lại khung menu hàng ngày gần như giữ nguyên. Ở đến ngày thứ ba là bắt đầu ko biết ăn gì 🙂
2. Cơm gà bà Hương kiệt Lê Lợi: gỏi gà ngon hơn đứt bà Nga, bà Buội và các bà khác. 
3. La Table: quán xinh, services ngoan yêu nhưng đồ ăn với mình thì khá bth. Mình gọi trứng 60 độ nhưng ko có, soup lạnh ăn bth. Món thăn bò gọi medium rare mà chín hơn medium, dai nữa. Tráng miệng là ngon nhất trong bữa. Món bò tartare ăn ổn nhưng hơi mặn. 
4. Madam Lân: đi gia đình đông thì là 1 lựa chọn tạm ổn, đồ ăn ok phong phú mỗi tội đông nên chậm và nhầm món.
5. Golden meat BBq: quán nướng Hàn đang hot. Thịt tươi, ngon, menu phong phú, giá rẻ hơn HN, tầm 500k/pax là no è.
6. Eastwest brewing: chỗ này đi chụp ảnh sống ảo là chính, đồ uống tàm tạm, đồ ăn thì dở. 
7. Bún bò bà Diệu: nước ngon, thanh, topping có gân, lưỡi ngon, hơi tiếc là ko có chả cua.
#danang #hoian","26",,,,"26",,,,"3"
"15","**[MỞ ĐĂNG KÝ – THE WINE CHAPTER]**

*🍷 Một buổi tối riêng tư, nơi rượu vang và ẩm thực Hàn Quốc cùng kể chuyện.*

Xin chào Anh/Chị,

Em là Cao Cường – Quản lý tại **Samwon Garden Việt Nam**.

Được biết trong nhóm mình có rất nhiều Anh/chị là những người yêu ẩm thực và thường chia sẻ những câu chuyện truyền cảm hứng trong cộng đồng** Dining Review**, em xin thay mặt nhà hàng **trân trọng mời Anh/Chị tham dự The Wine Chapter** – một buổi tối ấm áp, nơi những tâm hồn yêu món ngon và rượu vang gặp nhau.

**The Wine Chapter** là một sự kiện riêng tư, **hoàn toàn miễn phí** do Samwon Garden tổ chức kết hợp với đơn vị tài trợ Rượu Vang Monopole.

Bên em mở đăng ký tối đa cho **05 khách mời** – ưu tiên cho những Anh/Chị đăng ký sớm nhất.

**Tại sự kiện, Anh/Chị sẽ được:**

🍽 Trải nghiệm thực đơn Hàn Quốc cao cấp, được thiết kế riêng cho buổi tối này

🍷 Thưởng thức những dòng rượu vang đặc sắc đến từ vùng Tây Nam nước Pháp

🕯 Lắng nghe – và kể – những câu chuyện ẩm thực đầy cảm xúc, giữa không gian sang trọng và gần gũi

📍 **Thời gian**: 19h – 31/07/2025

🏨 **Địa điểm:** Samwon Garden – Tầng 4, khách sạn Somerset West Point

**👉 Đăng ký tham dự bằng cách inbox trực tiếp cho em hoặc để lại bình luận dưới bài viết này.**

(Chúng em sẽ xác nhận với 05 Anh/Chị đầu tiên.)

Nếu buổi tiệc này khiến Anh/Chị cảm thấy xứng đáng được kể lại, đừng quên check-in và chia sẻ cảm nhận cùng Samwongarden.vn-삼원가든 để lan toả thêm những câu chuyện đẹp

**Hẹn gặp Anh/Chị tại The Wine Chapter – nơi mỗi ly rượu mở ra một câu chuyện mới.**

*— Samwon Garden —*

#diningreview

#samwongardenrestaurant

#gioithieunhahang","30",,,,"23","7",,,"0"
"2","Ruốc Spice- Tiệm Bún Bò Huế ngon
🏠Tiệm nằm ngay gốc đường Thảo Điền và Trần Ngọc Diện thuộc phường Thảo Điền. Tphcm. Với không gian mang 1 chút cổ xưa.sạch sẽ,có điều hòa. Tiệm cùng hệ thống với The Brix và The Clay. 

Tiệm chỉ có 2 món Bún Bò và Cơm Tấm.

🌼Bún bò ở đây rất ngon. Nước ngọt xương không bột ngọt. Mắm ruốc của quán có hương vị rất đặc sắc khó đụng hàng đúng như cái tên của quán là ""Ruốc Spice"". Mình có hỏi quán có bán riêng mắm ruốc về nhưng quán không bán. Tiếc ghê😕

Thịt bò của quán dùng thịt bò Úc nên mềm. Tuy nhiên so với giá như vậy mình thấy hơi ít thịt.

🌼Cơm Tấm của quán dùng gạo tấm ngon xốp mềm. Thịt nướng quán dùng thịt nạt dâm mềm thay vì dùng thịt sườn Cốt Lết. Thịt ướp theo kiểu ngọt miền Nam đậm đà.
Chả trứng quán làm không ngon.
Nước mắm ngọt theo kiểu miền Nam.

Chè đậu đỏ bình thường. Nước cốt dừa chưa được béo.

🎈Tóm lại mình thích món Bún Bò của quán hơn Cơm Tấm. Giá cả mình thấy hơi cao. Nhưng cũng đáng thử.

Địa chỉ : Ruốc Spice
10 đường Thảo Điền. Phường Thảo điền Quận 2 Tphcm.

#diningreview
#thaodien
#tphcm
#bunbo
#comtam","29",,,,"29",,,,"7"
"6","HCMC - Okra nhà hàng fusion chef nước ngoài nấu món Á kết hợp các loại nguyên liệu rất thú vị và ngon.
Nên ăn hào ở đây, có 2 lựa chọn ăn sống hoặc nướng thì mình thích ăn sống hơn, mát, xốt ngon, thơm và lạ
Các món chay từ rau củ nấu ngon đặc biệt, ví dụ khoai tây bi chiên ngon mĩ mãn, hay bắp xào phiên bản mới với nhiều cheese, gia vị ngon. Món bạch tuộc cũng rất ngon. Mì tươi home-made với xốt miso và trứng osen béo thơm ngon đẫm, dù hơi đậm nhưng trộn kỹ ngon tuyệt. 
1 phần khá nhỏ. Nên là muốn no phải gọi nhiều. Chỗ này khá nhỏ nên khách ngồi san sát, đi ăn riêng tư không phù hợp nhưng nhóm nhỏ ăn nhậu vui vui sẽ thích vì đồ uống cả có cồn lẫn không cồn pha ngon
#fusion
#saigon
#diningreview","23",,,,"20","3",,,"0"
"0","📍 Simple Place – 199F Nguyễn Văn Hưởng, Thảo Điền, Quận 2, TP.HCM

Quán được gợi ý bởi một vài người bạn trong cộng đồng Dining Review nên mình đã thử và thật sự hài lòng với lựa chọn này.

Ai mà ngờ giữa khu Thảo Điền lại có một quán nhỏ xinh mang hơi thở Mexico – Ý hài hòa đến vậy. Simple Place đúng như tên gọi: đơn giản, ấm cúng, nhưng lại chứa đựng những điều đặc biệt. 

📍 Đi đúng tối thứ Ba, mình được giới thiệu chương trình đồng giá taco 45K/chiếc. Gọi thử ba vị: bò cay, cá chiên, và tôm xoài, mình ấn tượng nhất với tôm xoài salsa đế giòn, tươi mát, kết hợp sốt rất tròn vị. Cá chiên thì đúng gu các bạn trẻ mê đồ chiên giòn. Đặc biệt, đế taco có thể chọn giòn hoặc mềm tùy loại taco.

🥗 Salad Green với rau rocket tươi ngon, đậu xanh giòn ngọt phần rất đầy đặn. Hỏi ra mới biết nguyên liệu được chọn lọc kỹ từ Go Market nhưng luôn tươi mới và đảm bảo chất lượng.

🍕 Pizza là bất ngờ lớn. Mình gọi một nửa là Pesto Sausage và một nửa là anchovy, cả hai đều thơm nức mũi, đế mỏng viền cháy nhẹ đúng kiểu pizza Ý nướng củi. Mình không thích ăn pizza lắm mà hôm nay ăn sạch cả viền, đủ hiểu rồi ha.

🍮 Món tráng miệng là điểm kết ngọt hoàn hảo: churros giòn tan chấm sốt chocolate đậm vị và crème brûlée với lớp caramel đốt vừa tới, béo nhẹ mà không ngấy.

🌿 Không gian quán nhỏ, đơn giản, có cả sân vườn lẫn bàn trong nhà, decor ấm cúng kiểu vintage. Phục vụ nhanh nhẹn, dễ thương.

💰 Tổng bill cho 3 người: gần 850K, quá hợp lý cho chất lượng như vậy. Ai mê ẩm thực Mexico – Ý, đặc biệt đang ở Thảo Điền, rất nên thử.

#SimplePlaceSaigon
#ẨmThựcThảoĐiền
#TacoPizzaLover
#DiningReview
#ĂnGìỞSàiGòn","24",,,,"22","2",,,"10"
"26","Em chào các anh chị trong **group Dining Review!
**Em là Huyền, đại diện nhà hàng **NIKUSHO** Japanese Wagyu BBQ tại 42 Yên Phụ, Hà Nội

Với mong muốn được phục vụ anh chị thường xuyên hơn, Nikusho tiếp tục kéo dài thời gian áp dụng ưu đãi đặc biệt dành riêng cho các thành viên Dining Review.

Cụ thể, khi anh chị đến Nikusho và đọc pass “Dining Review”, anh chị sẽ nhận ngay:
 ✨ **Ưu đãi 10% giá món ăn** (không áp dụng kèm khuyến mãi khác) và nhà hàng cũng xin gửi **tặng một phần Niku Sushi** 
cho mỗi member
 ✨ Cùng nhiều chương trình  hấp dẫn khác như** Set Lunch chỉ từ 350k/người** hay **Ưu đãi lên tới 20%**.

- Thời hạn ưu đãi được gia hạn đến hết ngày 22/08/2025, như một cách Nikusho bày tỏ mong muốn gắn bó lâu dài và được đồng hành cùng anh chị trong Group.

Với mô hình “Từ Trang Trại Đến Bàn Ăn”, Nikusho cam kết mang đến những trải nghiệm ẩm thực tinh túy nhất từ bò Kamimura Wagyu – giống bò được nuôi dưỡng tại chính các trang trại của tập đoàn ở Kyushu, Nhật Bản. Tại đây, toàn bộ quy trình chăn nuôi được kiểm soát nghiêm ngặt từ khâu chọn giống, chế độ dinh dưỡng đến môi trường sống. Là mắt xích cuối cùng trong chuỗi giá trị “Farm to Table”, NIKUSHO tự hào là nơi gửi gắm trọn vẹn chất lượng thịt Wagyu hảo hạng và truyền tải tâm huyết của người nông dân đến từng thực khách qua mỗi món ăn được phục vụ.

Hy vọng sẽ tiếp tục được chào đón anh chị tại Nikusho trong nhiều bữa tiệc sắp tới!

NIKUSHO Japanese Wagyu BBQ - 42 Yên Phụ (lớn), phường Ba Đình, Hà Nội.

-Hotline: 096 596 6942

#diningreview

#yakinikurestaurant

#gioithieunhahang

#nikushohanoi","36",,,,"29","7",,,"6"
"13","📍Shanghai Xintiandi - Hang Ka Club 

Có dịp tới Thượng Hải, đừng bỏ qua Hang Ka Club nha các bác ơiii. Mình chỉ định vào đại 1 quán lẩu để ăn trưa thui mà nghiền lun đó. Vì quán đẹp ơi là đẹp, lại có service quá là tốt, nhân viên take care khách cực kỳ chu đáooo. 

Về cứ vương vấn mãi vị nước cốt lẩu cà chua đuôi bò ngon, thanh, không chút váng mỡ. Haidilao với Manwah với Beauty in the Pot hông thể so!!! Đâu đó hơn 1tr/pax mà được ăn ngon, no căng, được phục vụ tận tình quá là xứng đáng lun. Hóng ngày Hang Ka về Việt Nam dù bít là khó 🥹","63",,"1",,"55","7",,,"2"
"3","Set dinner tại Black Vinegar- New world Hotel Saigon
Nhân dịp bạn Tina Ngoc  vào Saigon. Đang thấy set dinner ở nhà hàng Black Vinegar trong Ks New world Saigon giá quá tốt chỉ 680k++ cho 2 khách có thể chọn 6 món trong menu nên bọn mình quyết định đi thử xem như thế nào. 

Các món ăn hôm nay nhìn chung rất ngon tinh tế không có quá nhiều gia vị để làm nổi bật vị tươi ngon của nguyên liệu. Chất lượng món ăn có được cải thiện hơn so với lần trước mình ăn set lunch. Theo nhà hàng nói đã thay đổi chef.

♦Các món ăn mình rất ấn tượng hôm nay:

- Gà rút xương xốt Tứ Xuyên: thịt gà mềm tươi với sốt Tứ xuyên chua thanh nhẹ rất hài hòa.

- Bánh củ cải áp chảo xốt XO với Tôm tươi: bột bánh mềm mịn thoang thoảng mùi cháy của chảo xen lẫn mùi xốt XO. Khi nhai cảm thấy những thớ sò điệp và tôm khô đặc trưng là tôn thêm hương vị của bánh củ cải. Tôm to tươi ăn giòn sựt.

- Ngon nhất hôm nay là 3 món quay. Heo quay da giòn tan rất chuẩn lớp thịt mỡ rõ ràng. Xá xíu mềm thơm.

-Ngôi sao thứ 2 của hôm nay là Nắm bụng dê nhồi tôm với Măng Tây. Măng Tây non mơn mởn không bị xơ,bếp xào chín vừa vặn.Nắm bụng dê nhồi tôm tươi rất cuốn.

♦Các món mình thấy bình thường:

- Thăn bò xào xốt dầu ớt với tiêu Tứ xuyên. chưa cảm thấy vị cay của xốt dầu ớt.

-Phile Cá Mú đậu hủ xốt tương. Cá mú rất tươi nhưng cắt khá mỏng.

🌼Dessert quán làm rất ngon. Cao quy linh với mật ong với hoa cúc. Mùi hoa cúc với cao quy linh làm cho tinh thần rất thoải mái và giải ngán cho các món chính.

Chè Dương chỉ bột báng rất tuyệt vời.👍

Ngoài 6 món trong set menu hôm nay do quản lý nhà hàng gợi ý nên bọn mình có order thêm món Nắm bụng dê nhồi tôm với măng tây và 2 món tráng miệng.

🥃Đồ uống: Trà lài soda vải. Trà hơi chát mình cũng ko thích lắm.

🌞Nhìn chung các món ăn hôm nay bọn mình thấy giống như tasting menu hơn. Giá như vậy khá rẻ so với mặt bằng chung. Nhà hàng muốn lấy mức giá này để cho mọi người dễ tiếp cận.

🏡Không gian: sang trọng trẻ trung. Rest room luôn thơm phứt. 

🙂Phục vụ: vui vẻ nhiệt tình với khách. Có muỗng nĩa để cho khách tiện share đồ ăn không phải dùng muỗng nĩa chung để gắp đồ ăn. Khá lịch sự.

Nhưng nhân viên phục vụ chưa chú ý để tâm đến khách. Khách ăn xong cũng ko biết tự dọn đĩa và khách phải kêu mới dọn 

Địa chỉ: Tầng 1 trong New World Hotel Saigon.

76 Lê Lai. Quận 1. Tphcm

#diningreview

#setdinner

#newworldhotel

#tphcm","23",,,,"22","1",,,"0"
"1","Đã là fan cứng của matcha, đặc biệt là kem matcha 🍵 thì không thể bỏ qua nha, có dịp ghé Thượng Hải, nhất định phải ghé tầng B2 của trung tâm thương mại Tân Thiên Địa Plaza nhen!

Ở đây có một tiệm Kem matcha gelato “xịn xò” với 5 cấp độ đậm đặc cho mọi người tha hồ dùng thử trước khi mua 👌 Cực kỳ tâm lý luôn!

Lúc Tấm ghé, Tấm chọn cấp độ 3 thôi mà thấy vừa vặn, thơm nồng vị matcha nhưng không quá đắng – đúng kiểu Tấm thích 💚

Ngoài matcha thì quán còn nhiều vị khác cũng xịn lắm, đặc biệt là vị raspberry, ăn một miếng là mắt sáng rỡ luôn á 🤤 Raspberry chua chua ngọt ngọt nhưng lại không hề bị gắt, kem này theo Tấm thấy là tươi hoàn toàn nên ngon lắm! Mix chung với matcha là combo tuyệt vời luôn 😍

🍰 Ăn kem xong, nhớ tạt qua quầy Tiramisu đối diện xúc liền một phần bánh nha. Trời ơi, ngon nhức nách luôn! Tấm ăn xong phải công nhận là ăn đứt Park Hyatt luôn đó 😝

Nhớ nhất định ghé thẩm thử nhen mem ơi

#diningreview 
#tiramisu 
#MatchaCream
#TamNguyen207","7",,,"1","5","1",,,"1"
"6","Pier Dessert.
Một tiệm Dessert mới tại Tphcm nằm trong 1 con hẻm nhỏ trên đường Nguyễn Văn Lạc. Nghe trên mạng quảng cáo ầm ầm nên bọn mình phải đến thử.

Không gian: khá nhỏ đơn giản không có thiết kế gì đặc biệt. Chỗ ngồi phía dưới quầy để xem chef biểu diễn khá nhỏ nên bọn mình phải lên gác trên. Cầu thang lên gác bé xíu đi cũng hơi sợ. Trên gác muốn gọi nhân viên cũng khó. Quán nên trang bị điện thoại hoặc chuông để khách gọi nhân viên dễ dàng hơn. Chứ mỗi lần phải gọi nhân viên từ trên gác xuống ồn sẽ ảnh hưởng đến các khách khác.

Món ăn: Trình bày đẹp. Mặc dù không được ngồi dưới quầy dưới nhưng nhân viên cũng lên gác trình diễn.Các món dessert ở đây mình cảm thấy ngon nhưng ở mức an toàn chưa có gì đột phá ấn tượng. 

Trong các món bọn mình thích nhất món Kem Galeto dừa núi lửa với Caramel Coffee. Kem dừa non quán làm rất ngon mềm mịn ăn giống kem dừa với Caramel huyền thoại ở Park Hyatt. 

Còn 2 món Palm sugar Galeto và món bánh Mousse với chocolate và trái cây bình thường thôi.

Quán sử dụng trà TWG. Bọn mình gọi trà đen trái cây thơm phứt.

Giá các loại bánh rất mềm.

Quán khá nhỏ nên đặt trước khi đến.

Địa chỉ: Pier Dessert
31/3 Nguyễn văn Lạc. Quận Bình Thạnh .Tphcm

#diningreview
#dessert
#tphcm.","43",,,,"41","2",,,"19"
"9","HCMC - nhà hàng ᴀɴᴛɪᴄᴏ ꜰᴏʀɴᴀɪᴏ - ᴄʀᴀꜰᴛᴇᴅ ɪᴛᴀʟɪᴀɴ ꜰᴏᴄᴀᴄᴄɪᴀ. Cobi Tower 1, 69 Hoàng Văn Thái, Tân Phú, Q7
Không tag địa chỉ được mà khá lằng nhằng nên copy cho chắc
Chyên bánh mì thủ công, focaccia nhà làm, nhân đa dạng. Bánh siêu ngon, thơm mùi rosemary, dầu oliu, vỏ mỏng giòn, thớ bánh dai, chấm với phomai stracciatella (tên chắc nhầm vì khó nhớ), rắc dầu basil rất thơm. Mình gọi 2 phần ăn kèm 1 đĩa cold cuts và 1 đĩa phomai tổng hợp. Đồ ăn ngon. Ngoài ra gọi 1 phần Porchetta nướng tròn 6 giờ, mọng nước, ngọt, bì giòn tan. Salad cà chua ngon, cà chua ngọt đậm, ăn kèm với stracciatella rất hợp.
Điều ngạc nhiên nữa là tráng miệng, sau khi Elbow’s room đóng cửa thì đây là chỗ thứ 2 làm chocolate lava ngon, dùng nguyên liệu tốt nên ăn ưng ý, tuy vỏ không giòn giống chỗ kia nhưng cũng ngon lắm. Giá cả hợp lý, phục vụ tốt, nhanh nhẹn, chủ người Ý lượn khắp các bàn hỏi ý kiến
#foccaciabread
#saigon
#diningreview","38",,,,"32","6",,,"2"
"9","CƠM GÀ NGON SỐ 1 – 72 ÚT TỊCH, SÀI GÒN

Chuyện là hôm nay đi dự sự kiện xong, Mình và đồng nghiệp quẹo đại vào quán “Ngon Số 1” vì cái tên.

Ai dè… bất ngờ lớn!

Gọi hẳn 1 con gà luộc, trộn gỏi đậm vị, đi kèm 10 suất cơm vàng ruộm mà suất nào suất nấy đều có đầy đủ thịt gà, gỏi rau trộn kèm. 

🥗 Gỏi ở đây trộn rất vừa miệng, hợp vị với team miền Bắc như mình. Có rau càng cua, bắp cải, cà rốt, rau thơm và hành phi giòn rụm. Ngon

🍗 Thịt gà ta chắc nịch, da vàng óng, đúng kiểu “gà mẹ tự luộc chứ chẳng phải hàng công nghiệp”.

🍚 Cơm gà thơm, hạt tơi, ăn kèm dưa cải muối chua ngọt.

🥥 Tráng miệng có chè thốt nốt nước cốt dừa, sữa chua bưởi dứa, ăn mát ruột và thơm lừng. Nhìn chung rất ổn áp, đặc biệt là khi ăn trong trạng thái vừa đói, vừa mệt – như được hồi sinh.

👨‍🍳 Nhân viên phục vụ nhanh nhẹn, nhiệt tình. Quán khá đông nhưng lên đồ không bị chậm.

❗Điểm trừ nhỏ duy nhất là món cháo gà hơi lỏng, nhạt vị với mình – ai thích kiểu nhẹ nhàng thì có thể thử.

💸 Tổng thiệt hại 1.236.000 chia đầu 10 người xong ai nấy đều ngỡ ngàng vì ngon - no - rẻ.

📝 Nếu bạn đang tìm một nơi để ăn cơm gà vừa miệng, nhiều topping, no nê mà không phải bay tận Hội An thì “Ngon Số 1” này cũng xứng đáng lọt top đề cử Sài Gòn nhé!

#CơmGàSàiGòn
#Diningreview
#ReviewQuánNgon
#GàLuộcTrộnGỏi
#NgonSố1ÚtTịch","33",,,,"32",,,"1","7"
"9","Set Lunch ở Maison des Reves
Nhân sự kiện ""Lamb is on the Menu"" diễn ra hết tháng 7 tại Tphcm. Nhà hàng Maison des Reves có Set lunch với giá 700k với món sườn cừu kèm món khai vị và tráng miệng. Sườn cừu với giá khá đắt nên ít thấy trong Set Lunch.Giá này tính ra cũng quá hời.

🏡Không gian: Nằm trên con hẻm nhỏ đường Kỳ Đồng. Khi bước vào nhà hàng là một không gian yên tĩnh mát mẻ với nhiều cây xanh tạo cảm giác rất thoải mái. Nhà hàng theo kiểu Bistronomy. Nghĩa là nhà hàng được kết hợp ẩm thực theo kiểu Bistro và kỹ thuật nấu ăn chuyên nghiệp mang đến những món ăn truyền thống nhưng được nâng tầm,nguyên liệu chất lượng trong một không gian không gò bò theo kiểu Fine Dining nhưng cảm thấy luôn thoải mái như ở nhà.

Với set lunch menu hôm nay mở đầu là bánh mỳ Foccacia và bánh mỳ que ngàn lớp. Bánh mỳ Foccacia nóng hổi bột rất ngon. Bánh mỳ que ngàn lớp khi cắn miếng đầu tiên đã làm mình nhớ đến bánh Croissant nóng hổi thơm phứt mùi bơ khi mình ăn bên Paris. Dường như các món Bánh là thế mạnh của nhà hàng. Ăn mãi vấn vương.

Kế đến là 2 món Amuse Buse bé xinh. Ít khi thấy Amuse Buse xuất hiện trong set lunch menu ở các nhà hàng khác. Amuse buse hôm nay nhà hàng là bánh tráng tôn với ốc móng tay sốt XO và panna cotta đậu Hà Lan. Một món mát lành. Món Amuse buse tiếp theo là thịt Salami cuộn với bánh que ngàn lớp ăn với soup bí đỏ.

🌞Món khai vị mình chọn hôm nay là món mực Carpaccio với Bơ và sốt dấm sữa chua tỏi. Món này mực tươi được bếp nướng sơ làm mực tăng thêm mùi biển kết hợp với Bơ và sốt dấm sữa khá tinh tế béo nhẹ thoáng mát. Một ít Hoa được trang trí trên bề mặt món ăn rất đẹp.

🌼Với món chính là món cừu non Úc 24 tháng tuổi. Với đặc tính của thịt cừu Úc không quá nặng mùi như thịt cừu Pháp và rất mềm mộng nước. Với thịt cừu của Úc rất là ngọt thịt nên Chef cũng không muốn sử dụng quá nhiều hương liệu và nguyên liệu ăn kèm quá mạnh nồng để giữ nguyên vị ngon ngọt của thịt cừu non vì thế Chef đã dùng Artiso nấu theo kiểu Pháp với rượu vang trắng.Artiso thấm rượu thêm vị ngọt thanh và carot nấu với nước cam chua nhẹ ăn với thịt cừu rất hợp. Nước sốt cừu rát ngọt vị Umami. Không quá mặn. Ăn sườn cừu xong còn dư sốt mình dùng bánh mỳ Foccacia chấm với sốt ăn rất cuốn. Theo chef chia sẽ sauce của bếp làm rất công phu được ninh từ rất nhiều xương cừu và bắp cừu đem lại vị ngọt tự nhiên mềm mại.

🌼Món tráng miệng nhất định phải chọn Lê chưng tổ yến một món Signature của Chef Thảo Na. Lê được chưng mềm ăn với kem vải cực thơm mát lạnh ,tổ yến và một chút vụn bánh quy. Ăn rất đã. Đặc biệt mình chú ý trong món này là 🌸 Hoa Anh Đào thơm nhẹ nhàng phơi khô bọc đường ngọt ngào pha một chút mặn mà làm món dessert đã ngon lại càng ngon hơn.

Tưởng sau món Dessert thì đã kết thúc bữa ăn nhưng phục vụ còn dọn lên 2 món Petit Four be bé xinh xinh là món bánh Macaron và bánh Madeleine thơm tho ngọt nhẹ. Bánh Macaron của quán làm khá chuẩn.

🙂Phục vụ tận tình và thân thiện không quá kiểu cách cảm giác như người trong nhà chứ không cảm giác như đang trong 1 nhà hàng. Chef Thảo Na rất dễ thương. Được khách khen món ăn rất thích sẵn sàng làm thêm món ăn nhẹ miễn phí tặng khách.

Nên nhìn giá 700k cho set lunch so với những set lunch ở nơi khác có cao hơn nhưng mình thấy rất xứng đáng. Đặc biệt ở đây ko tính service charge khách thương thì Tip thêm thôi. Mình cũng rất thích điều này của quán.

Ngoài ra ở đây còn có 1 tiệm Bánh Cafe nhỏ bên ngoài do Bếp của quán tự làm. Bánh ở đây rất tuyệt giá cả chỉ 30k rất phải chăng.

Tóm lại với không gian dễ thương ,phục vụ thân thiện đồ ăn không quá đậm đà, nhiều hương vị nhẹ nhàng tươi mát như không gian của quán cũng xứng đáng đến trải nghiệm.

🎁🎁🎁 Quà tặng cho thành viên nhóm Dining Review:
* Với khách ăn thực đơn gọi món nhà hàng sẽ tặng 1 món Dessert
* Với set Dinner nhà hàng sẽ tặng 1 ly house wine hoặc Mocktail

-Với set lunch nhà hàng sẽ tặng 1 ly soft drink hoặc nước trái cây hoặc nước dừa.

Địa chỉ: Maison des Reves 
20/5 Kỳ Đồng. Quận 3, TPHCM 

Lưu ý nhà hàng đóng cửa ngày Chủ Nhật.

#diningreview

#maisondesreves

#tphcm

#setlunch

 #LambisontheMenu  #AussieLamb 

 #ThitCuuUc","35",,,,"33","2",,,"7"
"6","Bánh Tart trứng hãng này ngon nha mng ơi, 1 cái hơn 100baht nhưng đáng nhen. Cái bánh to hơn bàn tay của Tấm, gần bằng 1/2 mặt 😅😅😅. 
Vỏ bánh xốp giòn nhưng k hề bị vụn tí nào, lớp trứng béo thơm lại k ngán. Trứng ở đây còn được quảng cáo là kiểu trứng organic luôn thì phải. Bếp open nên lúc xếp hàng nhìn nv làm cũng thú vị lắm nè. Nói chung bánh ngon nên mua nha đảm bảo nhà ai có trẻ con sẽ cực kì thích.  

#dinningreview 
#eggtarts #eggtartyolk","19",,,,"17","2",,,"5"
"5","Patt hyatt | Nephele Dinner Collab. 

Kèo này cháy booking sau 2h post, vô tình thấy trên fb nhảy vô book đc slot vét cuối cùng. 

Giá total luôn thuế chỉ 4tr nhưng nhìn menu đồ ăn + rượu 8 chai uống buffet thì đỉnh. Deal rất hời trong mùa khó khăn ntn. 

Overall đồ ăn ngon, rượu rất ngon + nhiều. Sorry là không gian khá ồn ào do rất đông người nên mình k quay đc chai rượu nào, nhưng list rượu có trong menu. 👌🏻. 

Cái kết ăn no + xỉn k uống hết nổi rượu. Perfect dinner👌🏻

Cần có nhiều deal rẻ ngon no xỉn ntn nữa ạ 😗 

#dinningreview #patthyatt #nephele","31",,,,"28","3",,,"1"
"36","**🌿 MÓN QUÀ ĐẶC BIỆT TỪ HỒI - 20 SUẤT BUFFET CHAY MIỄN PHÍ DÀNH RIÊNG CHO DINING REVIEW 🌿**

Thân gửi các thành viên Dining Review thân mến!

Hồi muốn dành tặng riêng nhóm mình **20 suất buffet chay miễn phí** như lời tri ân sâu sắc vì luôn đồng hành và lan tỏa yêu thương. Bữa tiệc với **60+ món chay thơm ngon**, tráng miệng nghệ thuật và không gian ấm cúng đang chờ đón các bạn!

💌 **Cách nhận quà:** Comment ""Hồi ơi, mình muốn tham gia!"" và điền thông tin tại link dưới để giữ suất nhé!

**Link đăng ký: https://forms.gle/R2XYWQNgxSFuyXnG9**

📍 **Địa chỉ:** 81 Quán Thánh, Ba Đình, HN

Hồi mong được gặp và cảm ơn từng bạn bằng những món ăn chạm đến trái tim! ❤️

#buffetchay #diningreview","17",,,,"14","3",,,"0"
"10","Lần thứ hai làm tiệc fine dining và cũng là lần thứ hai được thưởng thức tiệc fine dining ^^

Với một người ít được va chạm với nghệ thuật ẩm thực cao cấp này thì mọi trải nghiệm với em đều là mới mẻ, muốn khám phá và muốn nếm thử. Những nguyên liệu thoạt nghe rất giản dị như lợn bản, rau rừng, củ mài, vịt hay nấm hương đều không có gì xa lạ nhưng khi nhìn từng món được mang ra, thì wow từ thị giác đến ￼ ￼ khứu giác, một hương vị hoàn toàn khác so với cách nấu thông thường. 

Qua lần này em được mở mang tầm mắt, quả thực ăn không cần nhiều nhưng đủ, ngon, lưu luyến. 
p/s: món ăn trong tiệc Dining của Lexus tại Sapa. Chef Nguyễn Việt Hưng thực hiện.

#diningreview","43",,,"1","37","5",,,"1"
"9","Đi collab event về xong tự nguyện quảng cáo cho đối tác:

📍Nhà hàng Chit Chat - Equatorial Hotel
242 Trần Bình Trọng, P. Chợ Quán, HCM.

2 ngày cuối tuần vừa rồi mình có đại diện cho công ty qua hỗ trợ Equatorial Hotel thực hiện sự kiện Bastille Day. Nhờ vậy được quan sát và trò chuyện sâu với các đồng nghiệp bếp của khách sạn. Dựa vào kinh nghiệm cá nhân, mình đánh giá deal buffet tối T7-CN của Equatorial thực sự quá hời, nhất là nếu bạn mua trước voucher trên Grab hoặc sử dụng mã giảm giá Dine Out khi thanh toán.

Đồ ăn buffet ở Equatorial trải dài từ Việt, Nhật, Thái qua tới Âu nên rất dễ để có thể đưa cả gia đình đi ăn. Tuy nội thất của khách sạn không được long lanh như các khách sạn mới mở / mới renovate, nhưng mọi thứ đều rất sạch sẽ, chỗ ngồi rộng rãi thoải mái và nhiều không gian riêng tư.

Do khách sạn nằm ở Q5, vị trí không được đắc địa lắm so với các khách sạn 5 sao khác ở khu vực trung tâm thành phố, tập khách hàng chủ yếu là người Việt Nam sinh sống ở xung quanh nên giá vé buffet mới rẻ như vậy.

Buổi trưa từ T3 tới CN khách sạn có phục vụ buffet dimsum nữa. Mình là fan của yumcha nhưng sau Điểm tâm Tiến Phát thì đây mới là chỗ thứ 2 mình ăn mà thấy chất lượng hài lòng được đến như vậy.

Mình để hình chụp voucher của Grab ở cuối bài để các bạn tham khảo thêm. Tối qua lúc mình check thậm chí còn có flash deal giảm tới 32% nữa, mà chắc lâu lâu mới có.

#diningreview #saigon","24",,,,"21","3",,,"4"
"20","CANH CÁ PHÚC TỬU – 118 HAI BÀ TRƯNG, THÁI BÌNH

Mình vừa lại ghé quán Canh cá Phúc Tửu, là quán canh cá lâu đời tại Thái Bình, gần 50 năm tuổi.

Quán có cái tên rất tình: Phúc Tửu, ghép từ tên hai vợ chồng chủ quán. Bây giờ, con cháu vẫn tiếp quản và đứng bếp, ba thế hệ cùng xắn tay làm, đậm chất gia đình và truyền thống.

Điểm sáng nhất là bát canh cá:
 • Cá trắm hoặc cá trôi, miếng nào ra miếng nấy, vàng ươm, giòn tan bên ngoài mà bên trong vẫn mềm, ngọt. Mà đâu phải cứ rán lên là ngon đâu nha, cá ở đây phải trải qua 4 bước xử lý công phu suốt 4 tiếng đồng hồ.
 • Bát canh đầy đặn: có cá, có miếng chả (món này nghiền từ thịt + xương cá, trừ phần đầu cá), có mọc, và thêm rau ngót, rau rút, rau cải. Rau thì tùy mùa, nhưng tươi xanh, giòn ngọt. 
 • Nước dùng ninh từ xương cá, ngọt thanh, thơm, không tanh tí nào. Mình ăn mà không phải thêm tí gia vị nào, tròn vị.
 • Bánh đa trắng, dai, không nhũn cũng không cứng.

Giá:
 • Bát thường: 35k
 • Bát đặc biệt: 50-60k

Mình từng ăn vài quán canh cá khác ở Thái Bình, nhưng vẫn thích Phúc Tửu nhất:
→ Không quá đông.
→ Phục vụ nhanh, mặt ai cũng niềm nở.
→ Vị canh cực vừa, nguyên liệu tươi, thật, không có mùi của bột ngọt hay gia vị công nghiệp.

Đặc biệt, hỏi bí quyết, chị chủ quán kể tuồn tuột, với đầy đam mê.

Canh cá Phúc Tửu, Quán gia đình gần 50 năm, vẫn giữ trọn hương vị quê, và vẫn khiến mình ngồi xì xụp hết bát canh mà thấy ấm bụng trong ngày hè nóng. 

Ai mà từng nghi ngờ canh cá tanh hay ngấy, hãy thử quán này một lần. Đảm bảo xong lại muốn hô to: “Ơ kìa, cho em thêm bát nữa!” 😁

À, đừng quên gọi thêm đĩa thịt quay giòn rụm, chấm tí nước mắm ớt, đưa miệng lắm nha!

#CanhCaThaiBinh #PhucTuu #DiningReview","76",,,"1","71","4",,,"11"
"20","Brunch ở nhà hàng Opera-Park Hyatt Saigon
Vẫn luôn mê không gian kiến trúc Đông Dương của Park Hyatt Saigon. Mình đã từng ăn Ala Carte ở nhà hàng Opera,thích các món ăn thuần Ý ở đây. Hôm nay muốn thử Brunch buffet xem sao.

Khi mới vào đã được Nhà hàng welcome bằng 1 ly welcome Bellini dâu. Mỗi khách sẽ được 1/2 con tôm hùm Canada. Tôm tươi cực.

Nhìn quầy Buffet tuy không nhiều món như các Ks 5 sao khác nhưng các món ăn chất lượng chế biến ngon không khác gì trong thực đơn Ala Carte.

🌼Một số món mình ưng ý trên quầy Buffet.
* Món Soup Lobster Bisque nấu rất ngon béo nhẹ nhưng rất thơm mùi gạch tôm.
* Trên quầy Buffet có 3 loại Hào từ Pháp ,Canada và Nha Trang. Tuy nhiên mình thấy Hào Canada và Nha Trang là ngon nhất. Hào có thể nướng mọi,đút lò phomai và ăn sống theo ý của khách. Tôm sú biển và Ghẹ xanh to tươi không kém.

-Quầy thịt hôm mình đi có sườn cừu Úc nướng giói hương thảo và thịt bò Wagu. Cả 2 loại thịt đều mềm rất juicy. Thịt cắt dày ăn rất đã miệng. Mình ăn thịt với khoai tây nghiền huyền thoại của Park Hyatt là đúng bài.

🌞Bên cạnh đó trong suốt bữa ăn có 2 lần mà nhân viên phục vụ dùng Trolley phục vụ 1 số món tại bàn của khách. Hôm mình đi có phục vụ Gan Ngỗng Pháp và món tráng miệng là kem Vanilla với Coffee. Gan ngỗng chất lượng béo ngậy. Nhân viên cũng đi vòng quanh phục vụ nước uống có cồn 2 lần. 1 lần là Aperol,1 lần là Cafe rượu.

Ngoài các line Buffet nhà hàng còn có các món order trong Menu riêng như Pizza ,Pasta và Risotto. Pasta trong Menu hầu hết làm Handmade như Tagliatelle và Raviolli nhân phomai Ricotta. Risotto nấu với Lobster Bisque và thịt ghẹ rất ngon. Hạt cơm to mẩy. Được bếp nói đây là hạt Risotto hạng 1.Pizza vẫn ngon như ngày nào. Mình order thử Pizza hải sản. Hải sản Pizza tươi cực. Chất lượng Pizza vẫn rất tuyệt vời. Y hệt pizza trong Ala carte tuy kích thước nhỏ hơn thôi. Bột bánh ngon lắm. Tuy để nguội nhưng không cứng vẫn cứ xốp mềm.

🎂🧁🍰Quầy Dessert các món bánh đều rất tuyệt. Có Tiramisu huyền thoại của Park Hyatt. Bánh Saint Honore làm kiểu truyền thống xuất sắc. Bánh Macaron làm đúng điệu với vỏ bánh giòn mịn nhân bánh không quà ngọt có độ dẻo không bị chảy nhão.

⭐Phục vụ: Các bạn nhân viên rất dễ thương với khách nói chuyện nhỏ nhẹ,chu đáo trong những chi tiết dù là nhỏ nhặt. Nhớ tên khách và gọi tên khách thường xuyên trong suốt buổi làm mình cảm thấy rất ấm áp.

🌞Tóm lại khi thèm các món Ý và Địa Trung Hải thì Brunch Buffet cũng rất đáng trải nghiệm với đồ ăn chuẩn vị không gian đẹp tạo cảm giác thoải mái dễ chịu,phục vụ dễ thương chu đáo.

⏰Thời gian phục vụ Brunch: Mỗi Chủ Nhật hàng tuần từ 12h đến 15h. Tuy nhiên nhà hàng để quầy Dessert đến 15h30 cho khách thêm thời gian ăn bánh uống trà/ rượu.

Hiện tại Nhà Hàng có 3 gói buffet như sau:

•           La Domenica Chic : 4,000,000VND / khách - bao gồm sâm-panh Moet & Chandon Brut Imperial Champagne, các loại rượu, cocktails, nước ngọt, cà phê và trà

•           Il Pranzo Italiano : 2,400,000VND / khách - bao gồm Bisol Belstar Prosecco DOC Brut, các loại rượu, cocktails, nước ngọt, cà phê và trà

•           Sapori a Tavola:  2,050,000 VND / khách - bao gồm nước ngọt, cà phê và trà

(Các mức giá trên chưa bao gồm 5% phí dịch vụ và 8% thuế)

#diningreview

#brunch

#buffet

#parkhyatt.","61",,"2",,"54","5",,,"3"
"5","Xin các add duyệt giúp  vs. Các bác review cho e xin mấy quán ăn ngon ở Mũi Né Phan Thiết với ạ. Nhà có cả người già và trẻ em ạ 🤣. Thks các bác nhìu ạ","6",,,"1","5",,,,"0"
"1","Mậu Ký | MÌ bò Đài Sơn.

> 187 Đ. Tôn Thất Hiệp, Phường 8, Quận 11, Hồ Chí Minh 70000, Vietnam
> 7AM 22PM

Chắc ai cũng biết cái khu vực thánh địa đồ ăn hoa khúc Q6, Q11 đường xóm đất, hàn hải nguyên, thái phiên luôn có những kèo ngon bổ rẻ bất ngờ, tiktok có vài kênh nó làm đc cả 1 kênh đồ ăn mà chưa bao h ra khỏi những con đường này luôn mà đồ ăn ê hề.

Nếu như mì bò bên Mà má mìn hương vị thoang thoảng nhẹ nhàng, cọng mì mềm mượt, trơn thì bên đây mì Đài Sơn với hương vị đậm đà mùi thuốc bắc, sợi mì nhỏ, dai như mì bên HongKong, nước dùng ngọt, thơm, sa tế ở đây ngon, nếu sành ăn đồ tàu q5 thì mỗi tiệm sẽ có cái hũ sa tế làm riêng xem như là bổn tiệm đặc sản vậy đó, tiệm này sa tế đúng ngon, cay xé, pha giấm với nc tương vô đỉnh chóp. 

Tiếp theo là phần bò, lòng bò ở đây xử lý rất đỉnh, ngon, mềm, bò viên rất ngon nha, ăn xong 1 tô thập cẩm phải gọi thêm 1 tô lòng bò ăn thêm là hiểu. 

Ở đây có 2 đặc sản phải ăn là mì lòng bò, và cơm thố lươn, bữa nào quay lại ăn cơm thố lươn r rì viu tiếp.

Thánh kìuuuu","16",,,,"16",,,,"6"
"13","Le pre catalan *** paris

Một nhà hàng nằm trong khu rừng rất rộng giữa paris. Đến đây, bạn sẽ tạm quên đi nhưng ồn ào nhộn nhịp để đắm chìm vào một không gian bãng lãng tràn đầy ánh sáng ma mị... Chỉn chu và hoành tráng đúng tiêu chuẩn 3*, nhưng pre catalan mang đến cho bạn 1 trải nghiệm chân thật nhất về ẩm thực pháp :  nước sốt cực ngon.
Lần đầu vào tháng 5.2023 và trở lại lần thứ 2 vào tháng 6.2025... mình đã xác nhận rằng đây là một nhà hàng mình sẽ đến nếu có cơ hội ngủ qua đêm ở paris. 
Mỗi một món ăn là một tổ hợp nước sốt tinh tế đến lạ. 
List rượu ở đây cũng cực kỳ phong phú, điều cần là bạn tìm được một bạn uống đồng điệu :)","52",,,,"49","3",,,"1"
"6","HCMC - buffet hào tại nhà hàng Mr. Do Mr.Đô Cajun Fusion Seafood rất ấn tượng về chất lượng. 400k/ người mà ăn no, không giới hạn. Nhà hàng này chuyên hải sản, chỉ phục vụ buffet hào tối thứ 7 và Chủ Nhật. Hào sữa rất tươi ngon, béo mọng. Mình thích size nhỏ nhỏ kiểu này hơn hào Nhật to. Các loại xốt pha khéo. Đặc biệt thích xốt dứa salsa thơm và hấp dẫn. Cháo hào nấu nấm và rau củ cắt nhỏ ngon, dễ chịu. Phục vụ nhanh. Nhà hàng bé thôi nhưng rất đông khách
#saigon
#seafood
#diningreview","22",,"1",,"19","2",,,"1"
"2","TALES & TASTES - SÓNO new tasting menu.
📍 215B37 Nguyễn Văn Hưởng, Thảo Điền, Thủ Đức, Hồ Chí Minh
#diningreview #saigon

Ẩm thực storytelling trong những năm gần đây đã trở thành một concept được nhiều nhà hàng ở Việt Nam theo đuổi, nhưng không phải nhà hàng nào cũng truyền tải được trọn vẹn ý nghĩa của loại hình ẩm thực này. Sóno, với menu mới vừa ra mắt: Tales & Tastes là một trong số những cái tên hiếm hoi làm tốt điều đó.

Các món ăn trong Tales & Tastes được lấy cảm hứng từ truyện cổ tích Việt Nam, những câu chuyện mà chef Kiên của Sóno thường được bà kể cho nghe thuở nhỏ, mỗi khi nhà mất điện. Nhưng những câu chuyện cổ tích mà các đầu bếp ở Sóno lựa chọn không chỉ là cái cớ để hợp thức hoá sự có mặt của các món ăn được nghĩ ra một cách tuỳ tiện, mà thực sự họ đã đi từ những chi tiết quan trọng nhất trong mỗi câu chuyện để đưa ra một ý tưởng về nguyên liệu và cách trình bày từng món. Không những vậy, nhà hàng còn rất chịu khó đầu tư các “phụ kiện” để tạo ra một trải nghiệm concept menu trọn vẹn.

Đồ ăn trong set menu Tales & Tastes rất chỉn chu. Các nguyên liệu được chế biến khéo léo, khai thác một cách có kiểm soát các nguyên liệu bản địa nhằm tôn vinh ẩm thực Việt Nam nhưng vẫn không làm mất đi sự sang trọng của một nhà hàng theo phong cách Âu. 

Các bạn nhân viên phục vụ cũng thực sự tuyệt vời, từ khâu nhận booking cho tới đón khách ở lối vào và những trải nghiệm bên bàn ăn, khi họ là người dẫn dắt câu chuyện một cách cực kỳ duyên dáng và chu đáo đến từng tiểu tiết.

Mặc dù còn vài điểm nho nhỏ có thể cải thiện, nhưng Tales & Tastes ở Sóno xứng đáng nằm trong số những bữa ăn tốt nhất năm 2025 của mình tại Việt Nam. Chỉ có một điều mà mình cứ băn khoăn mãi trong suốt cả buổi tối ngày hôm ấy. Đó là: 
Tại sao Michelin Guide vẫn chưa ghi nhận địa điểm này?","32",,,,"29","3",,,"5"
"18","Nhà hàng Le Petit Nice Passedat/ Marseille/ 3* Michelin.
Thường thì mỗi khi đến một thành phố mới gia đình tôi sẽ cố gắng book một nhà hàng được đánh giá tốt nhất ở đó để trải nghiệm ẩm thực.
Nhà hàng này có thể được gọi là gia đình Michelin. Ông nội mở năm 1917, bố dc 2* michelin và đến đời bếp trưởng Gérald thì đạt đỉnh 3* michelin. Menu xuyên suốt của gia đình đều dựa trên nền tảng đồ hải sản vùng biển Địa Trung Hải. 
Nhà mình lựa bữa ăn trưa với menu Passedat 350e/1pax. Mình thêm phần winepairing 255e nữa. Tổng 1.044e ko có ++ như nhiều nhà hàng khác.
Đồ ăn đẹp mắt, ngon. Nhất là trong khung cảnh nhìn ra biển và chân trời xanh ngắt. 
Phục vụ lịch sự, giữ đủ khoảng cách. Không bị trịch thượng hay có thái độ khinh khỉnh đối với khách hàng như ở Paris. Quan trọng ko biết có phải do nhà hàng tuyển chọn ko, mắt bạn nào cũng xanh như màu nước biển ngoài ô cửa. Nhìn mà kiểu như bị rơi vào mê cung. 🙄
Winepairing ở mức phù hợp với đồ ăn chứ ko phải wow. Rót đủ cho bạn pha 1 bồn tắm ngâm người. 🤣
#diningreview #michelin #marseille","108",,,,"95","13",,,"2"
"35","Tim Ho Wan – dimsum house từng được gắn sao Michelin từ Hong Kong - L7 BY LOTTE WEST LAKE HANOI.

📍 6th Floor, Alley 683, Lạc Long Quân, Tây Hồ, Hà Nội

Trước giờ mình không mê đồ Tàu vì sợ mỡ, sợ vị dầu hăng. Nhưng hôm nay đi ăn Tim Ho Wan, mình phải xin lỗi dimsum vì đã hiểu nhầm tụi nó bấy lâu nay.

Lâu lắm mới quay lại, lần này chơi hẳn buffet. Thực đơn thì nhiều món lắm, mình không thể gọi hết nổi.

Món buffet thì sao?
 • Há cảo wasabi: lần đầu thử mà bất ngờ. Nhân tôm chắc, kết hợp vị wasabi hơi cay the rất lạ miệng.
 • Bánh cuốn tôm thịt: trơn tuột, mướt như lụa, sốt đậm đà. 
 • Sườn hấp tàu xì: thơm lừng, thịt mềm, thấm vị nhưng không mặn gắt. Món này là must-try luôn.
 • Xôi hấp lá sen: thơm mùi lá sen, nhân thịt mộc nhĩ, ăn no lắm.
 • Súp hoành thánh Tứ Xuyên cay: cay tê đúng kiểu Tứ Xuyên mà không bị ngấy dầu.
 • Bánh nướng thịt BBQ: vỏ bánh giòn nhẹ, bẻ ra nhân BBQ đỏ au, mặn ngọt hài hòa. Món đỉnh của chóp mỗi lần tới Tim Ho Wan.
 • Rau chân vịt xào cải thảo: đĩa rau xanh mướt, chần vừa tới giữ độ giòn, phủ sốt đậm đà, trứng bắc thảo, hành phi và ớt sợi. Vị mằn mặn, bùi bùi, ăn lạ mà cuốn, giải ngấy rất tốt.
 • Cánh gà chiên ngũ vị: lớp da vàng ruộm, giòn rụm, cắn một miếng là thơm lừng mùi ngũ vị hương. Thịt bên trong vẫn ẩm, không bị khô, vị mặn ngọt vừa phải.
 • Bánh bao Thượng Hải: vỏ ngoài chiên hơi giòn, cắn vào bên trong là nhân thịt mặn mà, ngọt dịu, nước sốt sệt sệt chảy ra cực kỳ hấp dẫn.

Ngoài menu buffet, mình có gọi thêm vài món à la carte để so sánh. Và đúng là wow!
 • Xíu mại bào ngư: nhân thịt lợn, tôm, topping bào ngư. Nhân chắc, topping bào ngư, béo béo mà không tanh. 
 • Bánh củ cải chiên xào tôm hùm: ngoài giòn, trong mềm, hải sản xào kèm không tanh.
 • Cơm chiên thịt cua Tobiko: bất ngờ ngon. Cơm rang tơi, hạt rời, trên rắc đầy trứng cá đỏ và ruốc tôm.

Mấy món gọi riêng này vị đậm đà hơn, trình bày cũng chỉn chu hơn buffet một chút.

Phần trải nghiệm

➕ Điểm cộng lớn: Đồ ăn nóng hổi, ra khá nhanh. Nhân viên dễ thương, nhiệt tình. Mình mang theo chai rượu vang trắng và hồng đi pairing. Mấy bạn nhân viên còn hỏi: “Chị uống rượu gì mà thơm thế?” vì dimsum vốn rất khó để pairing cùng rượu vang.

➖ Điểm trừ nhẹ: Khẩu phần buffet và cả các món à la carte đều khá nhiều. Đi nhóm đông sẽ hợp lý hơn, dễ chia món để ăn được nhiều thứ. Đồ ăn lên nhanh, nhưng vì buffet chứ không phải mô hình fine dining nên mình cũng không có ý kiến.

✨ Tráng miệng: Không quá đặc sắc, mấy món bánh thì bình thường, chỉ có bánh trứng sữa là ngon và đáng thử.

Túm lại: Tim Ho Wan vẫn giữ phong độ. Đồ ăn đều tay, không ngấy dầu, không gắt vị, hợp cả những ai trước giờ không mê đồ Tàu giống mình.

💰 Buffet giá 485k++/người, chưa bao gồm đồ uống. Còn gọi món lẻ thì dao động tầm 99k – 250k++/món. Với chất lượng và không gian thế này, mình thấy giá rất hợp lý cho một bữa ăn ngon miệng.

#DiningReview #TimHoWan #DimsumLover #HanoiFoodie #BuffetExperience","112",,,,"109","3",,,"25"
"3","#diningreview #saigon

Một chiếc quán craft beer mới toe tại Thảo Điền, với chất lượng đồ ăn được đảm bảo bởi chef Nhu Cuong và đội ngũ bếp Madame Lam.

Quá nhiều điểm khiến mình ưng ý ở Chuồn:
1. Khẩu phần ăn vừa phải, thử được nhiều món hoặc gọi 1 món + 1-2 ly bia đủ chill sau giờ làm.
2. Đồ ăn mang đậm dấu ấn của chef Cường. Và nó NGOONNN.
3. Bia cốm NGOONNN.
4. Giá khá mềm, đã bao gồm VAT nên khỏi phải suy nghĩ lúc gọi.
5. Nhiều vegetarian options, các bạn nữ mê craft beer còn chờ gì nữa?

📍 CHUỒN - STREET FOOD & DRINKS
8 Trần Ngọc Diện, Thảo Điền, Hồ Chí Minh
Mở cửa từ 17:00 – midnight.","57",,,,"52","4",,"1","3"
"7","Rico x Vien dining 

Buổi collab ngày 9/7 tại Rico 

Decor: nhẹ nhàng, tinh tế
Đồ ăn: mình thích nhất starter sứa với lá cóc, sốt mắc mật của món vịt main và phần bánh ngàn lớp bò hầm 

Wine có 4 loại, thì mình thích chai trắng số 2, team hảo ngọt nên vẫn không quen Dry Riesling lắm 😆

Vẫn còn buổi Collab 16/7 tại Viên cho anh em thưởng thức nha.

#diningreview","41",,"2",,"31","8",,,"1"
"6","Mà má mìn | mì bò cay

#dinningreview #saigon 

150/26 Nguyễn Trãi, Phường Bến Thành, Quận 1, Hồ Chí Minh
8am 10:30pm 

Overall Ngon, nước kèo thơm ngọt, cọng mì cán tay tại quán nên là mì mềm, trơn tuột nghe nói là áo qua bột năng nên mới trơn đc vậy, bò mềm, bò viên ngon, sủi cảo ngon luôn.

Giá 1 tô thập cẩm như hình 110k ngay tại quận 1 là hợp lý.","37",,,,"36","1",,,"10"
"4","Phở Nguyên-Hương vị Phở miền Nam.
Cùng anh chị em với phở Phượng và Phở Hoàng được chọn trong hạng Bib Gormand.

Không gian: Minh thích không gian ở quán phở Nguyên này hơn phở Phượng với không gian mới sạch thoáng nằm trên con đường bờ kè Hoàng Sa gió mát.

Về món Phở ở đây mang hương vị miền Nam đặc trưng. Nướng dùng thơm đậm đà,ngọt xương pha lẫn ngọt đường với sợi phở đặc trưng của phở miền Nam 

Mình gọi tô đặc biệt 105k quá to và  nhiều thịt luôn. Mình ăn khỏe mà ăn mãi không hết thịt. Rất xứng đáng. Trong tô đặc biệt có phần đuôi bò được quán lóc xương ra luôn,+ 1 điểm cho quán. Quán dùng gân trong to ăn rất đã miệng.

Khuyết điểm là dù hầm xương nhiều nhưng vẫn bị dính nhiều bột ngọt-mỳ chính. 

Bò viên còn độn bột nhiều nhưng dù sao cũng còn nghe mùi thịt bò hơn các tiệm Phở khác ăn bò viên mà toàn nghe mùi xúc xích công nghiệp.

Nhìn chung khi thèm phở mang hương vị Nam thì quán Phở Nguyên cũng rất xứng đáng ghé qua.

Địa chỉ: 932 Trường Sa. Q3. Tphcm.

#diningreview

#tphcm

#phở

#amthucvungmien.","13",,,,"13",,,,"2"
"2","🔥 ƯU ĐÃI ĐẶC BIỆT DÀNH CHO THÀNH VIÊN DINING REVIEW – GIẢM NGAY 20% TOÀN BỘ MENU TRONG THÁNG 7 🎉
Xin chào Anh/Chị thành viên Dining Review!
Em xin tự giới thiệu, em là Thái, hiện đang là quản lý của GOM, một nhà hàng phong cách Âu hiện đại.
🎁 GOM vừa ra mắt menu mới – mang phong cách ẩm thực châu Âu thanh lịch, tinh tế, với các nguyên liệu được tuyển chọn kỹ lưỡng như bò Wagyu, sò điệp Hokkaido, cá hồi xông khói nhà làm, kết hợp với cách phối vị hiện đại, nhẹ nhàng và đầy cảm hứng.
🔥 Và đặc biệt – trong tháng 7, tháng kỉ niệm nhà hàng tròn 1 tuổi, GOM giảm 20% toàn bộ thực đơn như một lời cảm ơn đến các thực khách yêu ẩm thực đã đồng hành và ủng hộ tụi em trong thời gian qua!
🎂 Ngoài ra, nếu Anh/Chị có sinh nhật trong tháng 7, GOM tặng thêm 10% ưu đãi (tổng giảm 30%) cho mọi hóa đơn. Anh/chị chỉ cần show CCCD để xác nhận và cho phép nhà hàng lưu lại một tấm ảnh lúc thanh toán là được ạ!
📍 Địa điểm: GOM – 2C Trần Thánh Tông, Hai Bà Trưng, Hà Nội
📆 Thời gian áp dụng: Từ 01/07 – 31/07
📞 Đặt bàn qua hotline 084.919.1111 hoặc page nhà hàng GOM Bistro 
💬 GOM không chỉ là một nơi để ăn ngon, mà còn là không gian để thực khách chạm đến những cảm xúc tinh tế từ món ăn, từ không gian đến cách phục vụ.
Nhà hàng rất mong có cơ hội được đón tiếp anh/chị tới dùng bữa trong tháng 7 này!
Em xin chân thành cảm ơn 💛
#diningreview
#gioithieunhahang","25",,,,"23","2",,,"0"
"7","> Bài dịch trên reddit từ 1 thực khách ăn sushi saito.

#dinningreview #drama #sốngkhongdramadoikhongne
# **DRAMA NHÀ HÀNG SUSHI SAITO TOKYO | KHÁCH ÉP PHỤ BẾP UỐNG SAY, RƠI CƠM, CÁ NHƯNG VẪN ĐEM CHO KHÁCH ĂN :O**

Đây là một trong những nhà hàng sushi cao cấp nổi tiếng nhất Tokyo và tôi không tài nào hiểu nổi tại sao.

Món Ikura và Katsuo thì khá ngon. 9.5/10. Còn lại thì cao lắm cũng chỉ 7/10. Không có món nào được xem là “đỉnh” trong thể loại của nó.

Nhưng điều thực sự khiến trải nghiệm này trở nên tệ hại là vị đầu bếp và những thực khách khác.

Đối với những ai chưa biết, nhà hàng có hai suất ăn: 18:00 và 20:30. Bạn đứng chờ ngoài cửa và họ sẽ gọi tên từng người vào chỗ. Vấn đề là ngay khi họ bắt đầu gọi tên, ba nhóm khác liền lao vào cửa chen hàng như thể họ sợ không được gọi tới. Ừ thì, cũng chưa đến mức quá tệ, nhưng rõ là có dấu hiệu chẳng lành cho bữa ăn sắp tới.

Để dễ hình dung, có 5 nhóm khách. Ta cứ gọi là nhóm A, B, C, tụi tôi, và D.

Nhóm A là khách quen. Tôi nghĩ đây là đêm thứ ba liên tiếp họ đến và họ mang theo một chai Dom (Dom Pérignon – rượu champagne đắt tiền), rồi mua thêm 3 chai rượu trắng khác. Vừa ngồi xuống, họ rót nửa ly Dom cho bản thân và cho đầu bếp, bắt ông ấy uống hết một hơi. Ngay sau đó là thêm 3 ly nữa. Họ cứ tiếp tục như vậy và ông đầu bếp nốc 5–6 ly liên tục ngay cả trước khi bắt đầu làm gì.

Nhóm C là một nhóm đàn ông già cỡ 65 tuổi trở lên (cũng là khách quen), ngồi nói trắng trợn về việc mua các cô gái Thái còn trẻ, thậm chí có thể là chưa đủ tuổi. Họ còn rủ đầu bếp đi “girls bar” (quán bar có tiếp viên nữ) nơi họ sẽ “chuẩn bị” một cô gái cho ông ta. Đầu bếp thì ngồi nói xấu bạn gái mình, còn ông Saito bước ra nói với đầu bếp là đi theo nhóm khách đến cái quán đó.

Nhóm B thì nhập cuộc bằng cách bắt đầu cho đầu bếp uống thêm một ly vang đỏ.

Vị đầu bếp (là đệ tử của ông Saito) suốt buổi cứ đánh rơi cơm, làm đổ dụng cụ. Có lần còn làm rơi nguyên một miếng sushi xuống sàn. Ông ta cũng làm hỏng một miếng cá, rồi lẩm bẩm “ôi hỏng rồi”, nhưng vẫn đem phục vụ món cá đó cho khách như không có chuyện gì xảy ra. Ông ta còn thiên vị rõ rệt, cho các nhóm A, B và C phần sushi to hơn (gấp đôi). Có lúc thì quên mình đã phục vụ món gì rồi nhầm lẫn khi dọn món tiếp theo.

Cuối buổi, nhóm A gọi một vòng rượu sake cho cả nhà hàng, rồi pha nó vào ly vang trắng và bắt phụ bếp uống. Người phụ bếp uống xong thì chạy thẳng vào bếp để ói.

Tôi có điên khi thấy chuyện này là không thể chấp nhận được không? Mình đang trả 48,000¥ mỗi người cho một bữa ăn sushi tạm được, kèm theo một cái rạp xiếc kinh tởm như vậy. Mình có đòi hỏi quá đáng không khi mong là đầu bếp hoặc ông Saito phải đứng ra chấn chỉnh mấy cái trò này?

Trải nghiệm ăn uống: 0/10 và sẽ không bao giờ quay lại.

Link reddit dưới cmt.","144",,,"18","118",,"4","4","12"
"4","Omakase tại Maguro Studio-Tphcm
Hôm qua vừa có bữa tối Omakase tại Maguro sau khi biết nhà hàng vừa nâng cấp không gian và chỉnh sửa Menu.

Set mình ăn có giá 2.5tr++. Các nguyên liệu đều rất tươi ngon. Các món phần vừa vặn không quá nhiều. Các món mình có để bình luận phía dưới hình món ăn bên dưới.👇

Trong các món trong set menu mình ấn tượng với 1 số món như 

✨Thịt cá Vẹt với phomai xanh. Thịt cá dày nướng cháy xém rất đã miệng. Nhìn chung trong các loại cá hôm qua thì mình thấy cá Vẹt là tuyệt vời  nhất. 

✨Trứng hấp với thịt cua và gạch cua lông Bếp làm ngon.

✨Tôm ngọt và gạch tôm khè lửa cũng ấn tượng.

✨ Các phần cá trong sushi đều là cá Dry aged nên cảm thấy thịt ngọt đậm đà hơn.

🎈Món chưa ưng là thịt bò Wagu cuộn sò điệp. Sốt hơi mặn quá.

🍷🥂Phần đồ uống quán có các các dòng rượu Sake Dassai uống mượt mà. Đặc biệt khi khách gọi rượu Sake theo chai thì quán sẽ mở 1 bài nhạc riêng match với dòng rượu đó. Ý tượng hay lạ.

Phục vụ: Rất tận tình. Nhớ tên và gọi tên khách trong suốt bữa ăn đến khi ra về. 

Tuy nhiên Bếp ít tương tác với khách trong suốt bữa ăn. Chỉ giải thích thành phần món ăn rồi thôi. Và cũng không có biểu diễn nhiều tiết mục như bên Yuzu.

Không gian: nhà hàng không có nhiều chỗ ngồi. Thiết kế trẻ trung năng động.

♦️Tóm lại mình thấy set 2.5tr này cũng vừa vặn rồi. So với set 3.5tr ko hơn là bao nhiêu. Nên mọi người gọi set 2.5tr là ổn rồi

Ngoài omakase quán còn có thực đơn gọi món và set menu cho bữa trưa. Tuy nhiên 1 số món trong Omakase ko có trong Thực đơn gọi món.

🎁🎀Với thành viên đọc pass Dining Review quán sẽ tặng 1 món ăn cho khách theo ngày.

 Địa chỉ: 19 Đông Du. Q1. Tphcm

#diningreview

#omakase

#Tphcm","38",,,,"33","5",,,"2"
"17","Bún bò Ngự Bình chân cầu Nguyễn Văn Trỗi , Top 1 sài gòn k đối thủ.
> 82 Cư Xá Nguyễn Văn Trổi, Phường 15, Phú Nhuận, Hồ Chí Minh, Vietnam
>  3–8 PM

Thiệt ko biết cái mồm của mấy giám khảo michelin HK có bị sao không mà bỏ rơi 1 legend về quán bún bò này đã có thâm niên ngót hơn 50 năm từ trước giải phóng tới bây h, mà cũng hay, thà như như vậy khi ăn khỏi phải xếp hàng.

Về lịch sử quán, thì chủ là một cô người huế, lúc mới bán chỉ là một gánh bún bò nhỏ, từ từ bán rất đông mua luôn căn nhà hiện tại và hiện tại cụ đã mất, có 5 đứa con nhưng k ai tiếp quản, hiện tại quản lý vẫn ở lại để tiếp tục sự nghiệp, rất may mắn là hương vị vẫn không thay đổi gì hết. 

Nghe nói thời kì đỉnh cao 1 tháng doanh thu 12 tỉ :)), có cơ sở vì 1 tô bún bò mấy năm trước đã 80k/tô, hiện tại là 110k/tô, trà đó 3k nữa 113k như hình. 1 người vô ăn sương sương phải 500k 600k, tiền triệu easy. Nhưng phong tục người huế khá khó hiểu khi không truyền nghề, không cho 5 đứa con kế tục, hiện 5 người con vẫn ở ngước ngoài.

Nói về hương vị thì tô bún bò này tất cả điều đặc biệt, cọng bún k là bún thường, nó chắc, mẩy, trơn bóng, nước lèo ngọt đậm sâu, thơm thoang thoảng vị mắm chứ không nồng nặc, bò và giò hầm cực kì mềm, đặc biệt ớt ở đây rất ngon. cơ bản 1 tô dọn ra đã vừa ăn k cần nêm nếp nhiều. 110k, không có opt thêm/bớt thịt gì cả, muốn ăn thêm mời gọi 1 tô nữa :)). 

Và đặc trưng của người huế khi làm FB là siêu siêu siêu kĩ tính, cực kì sạch sẽ, dụng cụ bàn ghế, nhà cửa vẫn còn y nguyên từ trước giải phóng tới h, thời gian như không chạm đc vào nơi đây vị. chính vì vậy quán vẫn sống tới tận bây giờ. Nghe nói thời còn sống, bà 5h sáng dậy xuống bếp check toàn bộ xem chuẩn chỉ chưa, chưa thì mời làm lại, rất khó tính.

Và cách bán đồ ăn của ng huế y chang người hoa: rẻ là không ngon, ngon thì không rẻ, càng ngày càng lên giá :)).","35",,,,"34","1",,,"5"
"3","**The Palm Restaurant & Bar**

10A Phạm Ngọc Thạch, Quận 3, TP. HCM 

Ngồi ăn ở nhà hàng này cảm giác cứ như đang ngồi trong một căn hộ áp mái í mọi người, rất ấm cúng và yên tĩnh. Nội thất tinh tế, vừa đủ chứ không khoa trương. Tường kính nhìn ra 4 phía từ tầng 10 khách sạn boutique **Bach Suites Saigon**, view Hồ Con Rùa buổi tối rất gì và này nọ. Những ai không thích một bữa tối ê hề giống mình, mà chỉ muốn nhấm nháp cocktail (với mấy món tapas) thì có thể chọn ngồi ở quầy bar bên dưới.

**Chỗ này đặc biệt thích hợp để hẹn hò nè :)**

**Đồ ăn:** Mình được bạn mời đi ăn tối, kêu nhà hàng mới mở, nên lúc đầu cũng không để ý tìm hiểu xem chỗ này là như thế nào. Nhưng chỉ cần đọc lướt qua trang đầu của cuốn thực đơn là mình đã có thể đoán được ai là người đứng sau đồ ăn ở đây rồi. Là ai thì mình sẽ nói ở bên dưới.

Các món mình đã thử:
**- Tuna Tiradito:** một món ăn theo phong cách ẩm thực Nikkei (fusion Peru - Nhật). Kết hợp cá ngừ đại dương sống với sốt làm từ nước cam tươi và lòng đỏ trứng gà sous vide, dầu thảo mộc và dầu ớt Tứ Xuyên.
**- Ức vịt ủ khô**, ăn kèm jus vịt, port wine sauce, puree củ dền và siro cây phong.
**- Xiên thịt xông khói cuộn đậu bắp** nướng than hoa, ăn kèm với sốt chipotle mayo.
**- Taco tôm nướng bơ tỏi**.

Trong đó, ấn tượng nhất với mình là món vịt, do bếp nhà hàng tự dry age 14 ngày. Trong 14 ngày đó, da vịt liên tục được can thiệp xử lý theo kỹ thuật của món vịt quay Bắc Kinh để tạo ra kết cấu giòn đặc biệt hơn bình thường. Trước khi phục vụ món này, bạn nhân viên còn mang cả hộp gỗ xông khói nguyên cái ức vịt ra cho mình xem nữa. Nếu vịt là hero of the dish thì puree củ dền với siro lá phong chính là sidekick. Một chấm đỏ hồng trên dĩa, vừa đẹp mắt, vừa ngọt và thơm vô cùng.

Vị Chef mà mình đã mau chóng đoán ra và được sự xác nhận của bạn phục vụ không ai khác ngoài Chef Sakal Phoeung

 - một cái tên đã quá quen thuộc với giới ẩm thực và đầu bếp ở Việt Nam rồi, nên chắc mình nhận xét nhiêu đó về đồ ăn thôi ha😅

**Giá cả:** Mình thấy nhà hàng định hình concept là casual dining, và có lẽ cũng vì là tài sản của khách sạn bên dưới, nên giá đồ ăn thực chất khá mềm so với khẩu phần ăn, chất lượng món ăn và vị trí địa lý. Như món vịt trong hình mình ăn xong còn phải kêu với bạn nhân viên là khẩu phần nhiều thịt quá, mà giá chỉ có 490K (chưa VAT và SC).

**Dịch vụ:** Có lẽ cũng vì áp dụng tiêu chuẩn của khách sạn nên nhân viên phục vụ rất tận tình, chu đáo và chuyên nghiệp. Bạn phục vụ tư vấn tụi mình về đồ ăn, cởi mở chia sẻ các điểm đặt biệt của từng món giống vụ da vịt bên trên. Mình không có gì để chê luôn.

Xin hết review lâu lâu mới ngoi lên một lần ạ :)

#diningreview #saigon","43",,,,"38","5",,,"6"
"10","Review Chico's Pizza Bar-Tphcm.
Đã nghe về nhà hàng này đã lâu vì bột bánh Pizza ngon hôm nay mới có dịp ghé.

Địa điểm và không gian:

Nằm trên con đường Nguyễn Văn Hưởng quẹo vô 1 con hẻm nhỏ yên tĩnh. Quán có không gian xanh mát trong lành rộng rãi. Có chỗ ngồi bên trong với máy điều hòa và không gian ngoài trời nhiều cây xanh mát mẻ.

Món ăn:

Hôm bọn mình lại có gọi 3 món Signature của quán.

*Món đầu tiên là Mỳ Carbonara. Món này ở đây làm chuẩn vị Ý. Nấu hoàn toàn bằng Phomai Percorino Romano không  dùng kem tươi. Lúc mới ăn miếng đầu tiên mình hơi sốc nhẹ vì độ mặn và béo cực của phomai nhưng dần dần ăn các miếng tiếp theo sẽ ghiện. Mỳ quện với phomai chảy ăn kèm với má heo chiên giòn cũng mặn rất đậm đà uống kèm Bia IPA ""Đê mê"" vị quất là đúng bài luôn.

Món thứ 2 là món Brisket Calzone

Bánh Calzone này thì cũng không quá xa lạ nhưng ở đây mình thấy bột bánh của quán làm rất ngon,không quá dày ăn giòn tan,cắn nghe rộp rộp. Nhân bánh với Thịt gầu bò xông khói 12 tiếng kiểu Mỹ với sốt tứ xuyên cay nhẹ và phomai Provolone,cải lên men Sauerkraut và ớt Japapeno. Mình thấy thịt nướng củi rất thơm mùi xông khói. Quán dùng củi cây Nhãn để nướng thịt nên có thể vì vậy mà vị khói rất thơm đặc trưng. Bánh này ăn chấm với sauce BBQ và uống với Bia IPA đúng là tuyệt vời.

Món thứ 3 là mỳ cọng lớn Pappardelle được cán bằng tay và được cắt bằng tay với thịt Ragu cừu xông khói . 1 ngày quán làm những phần mỳ này với số lượng có hạn. Lúc mình đến được may mắn xem Bếp cán mỳ và cắt mỳ bằng tay. Bếp làm thấy cũng cực nhưng chất lượng sợi mỳ mềm xốp cực kỳ xứng đáng. Món này quán làm đúng ngon tuy nhiên đợi làm hơi lâu. Nêm nếm vừa miệng.

Về đồ uống ngoài Bia rất ngon thì cafe của quán cũng rất đáng uống. Quán có nhiều loại cafe được rang thủ công với số lượng nhỏ để giữ nguyên hương vị từ vùng đất ấy. Quán có nhiều loại cafe hay ho như Brazil 🇧🇷 Arabica Cerrado,Colombia 🇨🇴Decaf,Ethiopia 🇪🇹Yirgacheffe và Vietnam 🇻🇳Daklak Robusta. Có lẽ mình sẽ quay lại quán 1 dịp khác để thử riêng các loại cafe này.

Khẩu phần của quán khá to. Giá cả cũng ko quá đắt. Giá của quán là net luôn nên không lo ++ thêm gì cả.

Phục vụ theo kiểu casual nhanh nhẹ thân thiện. 

Nhìn chung đây là 1 quán lowkey yên tĩnh xanh mát đồ ăn ngon bia ngon đáng để ghé chill chill. Khách ở đây mình thấy khách Tây nhiều hơn khách VN.

🎁🎀🎗️Thành viên Dining Review mỗi 1 khách quán tặng 1 viên Croquetas Gầu Bò Xông Khói để khai vị.

Địa chỉ: 188BE14 Nguyễn Văn Hưởng. Thảo Điền. Tphcm

#diningreview

#tphcm

#pizza

#pasta 

#thaodien","34",,,"1","30","3",,,"5"
"2","Nhà hàng steak nhưng lại quá nhiều rau!!!

 Stoker
• 2 Đặng Hữu Phổ, P.An Khánh, TP.HCM (phường Thảo Điền Q2 cũ)
#diningreview #gioithieunhahang

Nhân dịp 15 nhà hàng đang chạy special menu cho thịt cừu Úc, trưa hôm qua mình có ghé lại Stoker sau một thời gian khá lâu. Ấn tượng của mình ngày trước là đồ ăn vẫn khá nặng vì thiên về thịt. Nhưng hôm nay, phải nói là rất ưng set lunch ở đây. 
Giá 290++

Khai vị:
1. Salad dưa hấu và các loại rau rất thanh mát nhẹ nhàng, mà vị vẫn đậm đà.
2. Món Tôm Croquetas (viên tôm chiên) mình không kịp chụp (do tham ăn quá) khá là bự và đặt trên một lớp salad trộn chua chua thanh thanh.
3. Smoked Lamb carpaccio (Cừu xông khói thái lát tươi) ăn theo kiểu salad. Hix, món này phải nói là siêu ngon, ngon hơn hẳn Beef Carpaccio classic thông thường. Cừu không hề có mùi gì. Mình hỏi bạn chef smoked bao nhiêu tiếng? Thì  bạn bảo có 1 tiếng thôi, nhưng quan trọng là bạn marinated tầm 3-4 ngày. Bí quyết là dùng loại gia vị chuyên dùng sản xuất Gin ướp cùng rượu vang để acid thẩm thấu, ngoài ra phần thịt Striploin của Cừu đã lọc sạch sẽ mỡ nên đảm bảo mùi cừu không còn nữa. Bởi vì mỡ là nơi lưu trữ mùi nhiều nhất. 😅 Mở mang tầm kiến thức quá nhiều.

Main course:
1. Bạn tui chọn món steak frites tenderloin (thăn nội) classic - 150gr. Nhưng cái mình muốn nói là cái rau xà lách ăn kèm. Làm mình nhớ đến cũng món ăn tương tự ở Nomad, Melbourne. Nó rất fresh, giòn tan, đầy mùi vị chứ không chán nhách như mấy salad rau xanh trộn bình thường. Chấm 10đ

2. Tui gọi món tui mê nhất trong menu lunch, Vai cừu nấu chậm, xé tơi, ăn kèm hummus, smoked yogurt, quinoa... Tui nói mê vì muốn thử ngay từ cái nhìn các nguyên liệu thành phần, vì khoái mấy món mang hơi hướng trung đông, mediteranian... Vị cừu rất vừa phải, không bị mềm quá, không bị khô quá, rất phù hợp khẩu vị Việt Nam vì cân bằng. Ăn kèm rau nên không hề nặng một chút nào còn vị thanh mát của yogurt nữa. 🥹

Ăn xong no nê thật sự. Mình nói set lunch giá 290++ như này quá đáng đồng tiền bát gạo. Bạn đáng nhẽ phải trả tiền hơn rất nhiều để được ăn những món được chế biến cầu kỳ như thế này. Hiện đang có rất nhiều deal hấp dẫn tại các nhà hàng chạy special menu cừu. Mình đang đi khám phá dần, ai muốn xem menu và đặt bàn thì link ở comment nhé!","55",,,,"44","11",,,"4"
"5","# **Mì Gốc bò cay xóm đất Q6 - đỉnh nóc kịch trần. **

**#saigon #dinningreview**
> Địa chỉ: 174A Đ. Xóm Đất, Phường 10, Quận 11, Hồ Chí Minh, Vietnam 
>  6:30–11 AM

Mình dẹp cái quán bò kho gánh michelin bib đó qua 1 bên đi, nếu xếp hạng bò kho thì người việt nấu không đỉnh bằng người tàu quận 5 về bò kho, nhưng nghiệt ngã là sau khi ăn chỗ Bò kho quán này thì hiện tại nó đang chiếm vị trí số 1 trong tâm trí mình, hồi chiều ngồi cà phê bỗng nhiên gặp một tín đồ ăn uống nhà kế bên chỗ bà trang bán bò kho này cũng xác nhận lần nữa là bò kho bà này bán đỉnh chóp kịt trần thiệt, 1 là miếng bò gân của bả, nước bò kho đậm đà, cay nồng xé nách, hơi sệt sệt, vô gọi 1 tô hủ tiếu bò kho, 1 ổ bánh mì, 1 dĩa gân bò kho ăn thêm ta nói ngay tại giây phút đó là đã giải thoát khỏi sa bà này rồi chứ k còn đâu xa nữa.

Overall: 10đ cho bò kho, quán sạch sẽ do cái nết bà chủ sạch sẽ, ăn nói nhẹ nhàng có duyên, bả xinh gái lắm chắc hồi trẻ cũng hót gơ chứ k dừa. 

Bán đủ thứ mì mềm, mì gói, hủ tiếu, bánh mì. Mì nước, bò kho v.v. 

Dạo này Fine Dinning sg bị chững lại, k có quán mới, k có menu mới, chán :(","33",,,"1","30","2",,,"9"
"3","🌟 Chúc mừng Ngày Cơm Tiêu Thế Giới! 🌟

Chỉ hôm nay (3/7), thưởng thức ưu đãi Mua 1 Tặng 1 Cơm Bò Tiêu tại hơn 500 nhà hàng Pepper Lunch trên toàn thế giới! 🎉

Đừng bỏ lỡ cơ hội tuyệt vời này — hãy rủ gia đình, bạn bè đến Pepper Lunch gần nhất để tận hưởng trước khi kết thúc nhé! 🥰🥰

#WorldPepperRiceDay #PepperLunchVietnam #DiningReview #Vietnam

Hello all! Pepper Lunch is running a 1 for 1 Beef Pepper Rice deal today in all 500+ outlets all over the world to celebrate World Pepper Rice Day! Only for today 3/7! So rush down to your nearest Pepper Lunch tonight and grab it before it ends. 🥰🥰🥰🥰 #WorldPepperRiceDay #PepperLunchVietnam #Diningreview #Vietnam","18",,,,"15","3",,,"1"
"7","𝐑𝐈𝐂𝐎 𝐱 𝐕𝐈𝐄𝐍 | 𝐀 𝐓𝐚𝐬𝐭𝐞 𝐁𝐞𝐲𝐨𝐧𝐝 𝐁𝐨𝐫𝐝𝐞𝐫𝐬

𝐌𝐨̣̂𝐭 𝐭𝐫𝐚̉𝐢 𝐧𝐠𝐡𝐢𝐞̣̂𝐦 𝐚̂̉𝐦 𝐭𝐡𝐮̛̣𝐜 𝐯𝐮̛𝐨̛̣𝐭 𝐦𝐨̣𝐢 𝐫𝐚𝐧𝐡 𝐠𝐢𝐨̛́𝐢

Thân chào anh chị hội viên nhóm Dining Review!

Nếu anh chị đang tìm kiếm một trải nghiệm ẩm thực đặc biệt cho tháng 7, đừng bỏ qua sự kiện kết hợp giữa Vien và RICO Seafood & Grill mang tên: 

𝐒𝐞𝐚&𝐋𝐚𝐧𝐝 | 𝐀 𝐓𝐚𝐬𝐭𝐞 𝐁𝐞𝐲𝐨𝐧𝐝 𝐁𝐨𝐫𝐝𝐞𝐫𝐬

Với 5 đầu bếp từ 2 nhà hàng, thực đơn trải nghiệm 7-8 món được sáng tạo như một hành trình vị khám phá - nơi hương vị Địa Trung Hải phóng khoáng hoà cùng tinh thần ẩm thực Việt đương đại đậm chiều sâu văn hoá.

📍𝟎𝟗.𝟎𝟕 𝐭𝐚̣𝐢 𝐑𝐈𝐂𝐎 𝐒𝐞𝐚𝐟𝐨𝐨𝐝 & 𝐆𝐫𝐢𝐥𝐥

📍𝟏𝟔.𝟎𝟕 𝐭𝐚̣𝐢 𝐕𝐢𝐞𝐧 𝐃𝐢𝐧𝐢𝐧𝐠

Dành riêng cho các thành viên nhóm Dining Review, Vien ưu tiên đặt bàn sớm kèm ưu đãi 10% – như một món quà mở đầu cho trải nghiệm đáng nhớ.

Anh chị vui lòng nhắn em Giang hoặc liên hệ hotline 038 845 1919 để em gửi thêm thông tin chi tiết và hỗ trợ mình đặt chỗ nhé ạ. 

Rất mong được đón anh chị tại Vien với sự trân trọng và chu đáo nhất ạ.

#diningreview
#gioithieunhahang","20",,,,"19","1",,,"0"
"11","Bò kho Gánh, Mi cheo lin bib.
#dinningreview. #saigon #michelindởec 

Ưu điểm, concept hay với nguyên cái mẹt gia vị đầy đủ súng ống, bò mềm, nhược điểm chí mạng: quá ngọt, như gu miền tây vậy, và nước lèo không thơm. Nhiều khi k biết cái lưỡi giám khảo micheolin nó có bị nhôm không hay hảo ngọt nữa :). 

Giá tô trong hình chừng 60k, tô full tóp ping 110k. Tính ra là khá cao với mặt bằng chung chắc tại có michelin bib.

Recommend quán khác Đỉnh chóp của bò kho nên thử : Mì bò cay xóm đất bên quận 11, ta nói kịch trần đỉnh nóc dựt dựt.","25",,,"6","18","1",,,"1"
"3","🍹Speakeasy Bar (part 1)

📗Hybrid 
Quán siêu nhỏ, núp hẻm, hẻm không có bảng hiệu nên kiếm cũng hơi mệt lúc nửa đêm. Phía ngoài đang sửa chữa nên nếu anh/chị nào ghé trong vài tháng tới thì nên lưu ý mỹ quan không được đẹp. Nhạc bình thường, lowkey, hẹn bạn hợp để tâm sự. Bartender thân thiện, ít nói. Có happy hour.
Sau khi tâm sự với nhiều bartender ở SG thì hầu hết các bạn đều xếp Hybrid không nhất thì nhì trong giới bởi: chất lượng thức uống, menu lạ và đa dạng có chia theo độ cồn, độ phức tạp của công thức, kỹ thuật chưng cất cầu kỳ, máy phân ly hiện đại, tính đặc trưng cao v.v....Tất cả đúng với em vì sau khi thử 4 ly bên này, em vẫn nhớ ly đó như thế nào và khả năng quay lại 100%. 

📗 Ủ 
Vị trí mặt tiền hẻm nhưng xa trung tâm, hơi lạ. 10 điểm cho kiến trúc sư thiết kế quán và tận dụng đèn tạo hiệu ứng bí ẩn và sang trọng. Quán rộng, đi nhóm bạn đông được. Nhạc bình thường, lowkey. Bartender hòa đồng. Không happy hour. Có đồ ăn ( em chưa ăn )
Menu đa dạng và có gu riêng trong việc đặt tên và phân loại. Mocktail nhiều so với quán khác. Về độ phức tạp của thành phần thì có nhưng để tạo ra hương vị khó quên thì còn cần nỗ lực hơn. Em sẽ quay lại 50% do đã dặn ít ngọt nhưng vẫn hơi ngọt so với khẩu vị. Bên này không có snack nhưng châm nước trà ấm liên tục. 

📣 The Arth
Quán lầu 1 chung cư cũ cầu thang không có đèn. Trần cao và trang trí kiểu châu Âu cổ xưa nên vừa mở cửa ra là thấy thích liền. Quán không quá rộng, hợp hẹn hò. Tùy hôm mà có live band tiếng Anh, DJ đánh nhạc hip hop, nhạc sôi nổi hơn sau 11h khuya. Bartender rất chủ động nói chuyện tương tác, chơi trò chơi, mời nước với khách dù là đi một mình hay ngồi với bạn. Có free flow thứ tư. Có đồ ăn mà thôi xin đừng.
Menu chuyên về classic, spirits nhiều hơn, phần signature khá khiêm tốn, rất dễ uống, thơm, chất lượng nhìn chung là tốt.
Em quay lại quán nhiều lần do nhạc hợp gu, cocktail ổn, quán đẹp và sang.

📣Bloom
Quán lầu 1, bên dưới là shop bán đồ, có tuổi đời lâu nhất trong list lần này. Không gian quán nhỏ, đi cuối tuần khá đông. Live band ca sĩ hát khá hay tận 4 ngày trong tuần (Hoa, Anh, Việt) và dàn âm thanh cực xịn (có phụ thu những hôm này). Bartender ít nói. Có happy hour. 
Menu signature đa dạng, nhiều sự lựa chọn và thay đổi món mới thường xuyên, hương vị chút nữ tính. Độ phức tạp và đặc thù ở mức tốt.
Em quay lại quán nhiều lần do live music chất lượng hơn nhiều những quán khác. Đồ uống cũng tương ứng với giá cả.

#cocktail #saigon","50",,,,"43","6",,"1","13"
"2","ISHIDAYA tại địa chỉ số 8A Hàng Cháo, Đống Đa, Hà Nội.
Xin chào các anh chị trong nhóm Dining Review,

Là một nhà hàng mới đi vào hoạt động và hy vọng sẽ là một điểm sáng mới trên bản đồ Omakase tại Hà Nội, ISHIDAYA đã có dịp được ra mắt anh chị qua 1 bài viết đầu tiên trong nhóm và nhận được rất nhiều sự ủng hộ quý báu. Và để thay cho lời cảm ơn, em xin phép đại diện cho nhà hàng gửi tặng các thành viên ❤️ ưu đãi 20% ❤️ được áp dụng tới hết tháng 8 khi anh chị ghé ISHIDAYA dùng bữa ạ.

Với mô hình Omakase thì bên cạnh những trải nghiệm độc đáo và cao cấp, nguyên liệu chính là yếu tố luôn được bếp trưởng Takahiro Ishida chú trọng nhất trong mỗi bữa ăn. Nguồn nguyên liệu tại ISHIDAYA được tuyển chọn từ những nhà cung cấp uy tín nhất, đa dạng các loại cá, hải sản, thịt,... cao cấp để anh chị có thêm nhiều lựa chọn phong phú khi thưởng thức.

Đặc biệt tại nhà hàng chúng em có set menu Tempura Omakase đặc trưng. Thưởng thức từng miếng Tempura giòn rụm được chế biến ngay tại quầy bếp, với những nguyên liệu đặc biệt như cá Ayu, hàu Nhật, tinh hoàn cá tuyết,... chắc chắn sẽ là trải nghiệm rất đáng mong đợi ạ.

Anh chị có thể tìm hiểu thêm về các set menu hiện tại và không gian nhà hàng tại website chính thức: https://ishidaya3.vn/. Chúng em cũng rất sẵn lòng lắng nghe những yêu cầu đặc biệt từ quý thực khách để chuẩn bị một thực đơn được thiết kế riêng, hoàn hảo theo sở thích và mong muốn của anh chị.

Để đặt bàn và tận hưởng ưu đãi đặc biệt này, xin mời anh chị liên hệ qua hotline 096.335.1243 hoặc gửi tin nhắn trực tiếp qua fanpage chính thức của nhà hàng “Ishidaya - The 3rd Generation”.

ISHIDAYA rất mong sớm được đón tiếp các anh chị tại nhà hàng ạ

#DinningReview #IshidayaThe3rdGeneration #gioithieunhahang","30",,,,"28","2",,,"6"
"7","TUYỆT TÁC ẨM THỰC GIAO HOÀ CÙNG MANOTSURU SAKE
📅 04/07 – 05/07/2025
🕕 6:00 PM – 10:00 PM | 📍 Mizumi Westlake

🌟 Một lần nữa, ngọn lửa đam mê được thắp lên tại Mizumi Westlake với Chef Andy Huỳnh đến từ Regent Phu Quoc tái ngộ cùng Chef Hảo Phạm – Bếp trưởng Mizumi – trong một đêm tiệc thăng hoa giữa ẩm thực đương đại và nghệ thuật thưởng thức sake Nhật Bản.

Sự kết hợp đầy cảm hứng giữa hai đầu bếp tài hoa mang đến một thực đơn đặc biệt, kết hợp giữa kỹ thuật tinh xảo và chiều sâu văn hóa ẩm thực.

🍶 Đồng hành cùng thực đơn là ba dòng sake tuyển chọn từ nhà sản xuất Manotsuru – biểu tượng của vùng Niigata, được mệnh danh là cái nôi của những dòng sake thượng hạng bậc nhất Nhật Bản. Mỗi sự kết hợp đều làm nổi bật chiều sâu hương vị và mang đến những cung bậc cảm xúc mới mẻ trong từng món ăn.

Dành riêng cho thực khách của nhóm Dining Review, Mizumi giảm giá 10% tổng giá trị hóa đơn khi đặt bàn thưởng thức tuyệt phẩm ẩm thực tại Mizumi Westlake.

📩 Liên hệ mình qua số 0982.046.388 hoặc inbox để được hỗ trợ đặt bàn nhé.

#MizumiWestlake #DiningReview
#gioithieunhahang","23",,"1",,"19","3",,,"0"
"16","🇮🇹 Buffet chủ đề món Ý tại Layered – Tầng 21, Khách sạn L7 Westlake Hanoi by Lotte
📍139 Võ Chí Công, Tây Hồ, Hà Nội

Là một người yêu ẩm thực Ý, mình khá bất ngờ khi tình cờ phát hiện Layered có buffet theo chủ đề mỗi ngày.

Ấn tượng đầu tiên là không gian: nằm trên tầng 21 nên view cực kỳ thoáng, nhìn trọn thành phố. Nhà hàng bài trí đẹp, ánh sáng dịu, không ồn tạo cảm giác thư giãn cho một buổi tối nhẹ nhàng.

🌟 Về món ăn:

Thực đơn không quá nhiều như các buffet truyền thống, nhưng điểm cộng lớn là món nào cũng ngon, chuẩn vị, được chăm chút kỹ như món A La Carte trong nhà hàng Ý.
 • 🥩 Steak: Có cả món mời tận bàn và steak trên line buffet. Thịt mềm, thơm, kể cả khi để nguội vẫn giữ được vị ngon – điều khá hiếm thấy.
 • 🦐 Hải sản nướng: Gồm sò điệp, tôm, vẹm… nướng vừa tới, giữ được độ ngọt, không bị khô. Sò điệp là điểm sáng, thơm nhẹ mùi bơ, mọng nước.
 • 🍝 Món Ý:
  • Pizza đế mỏng, nhân vừa phải, đúng phong cách Ý.
  • Mì Ý thì không quá ấn tượng.
  • Bù lại có meatball sốt cà chua đậm đà, thơm mùi thảo mộc.
  • Súp cà chua cũng ngon, ăn kèm bánh mì nướng rất hợp.
 • 🥓 Góc món Hàn: Có ba chỉ nướng, nhiều loại kim chi và nồi cơm trắng – chuẩn kiểu người Hàn ăn cơm với đồ nướng, tạo cảm giác rất đời thường.
 • 🍣 Sushi: Đầy đủ các loại từ maki đến nigiri, tuy không quá đặc sắc nhưng là một lựa chọn nhẹ nhàng để đổi vị.
 • 🥗 Salad: Theo phong cách Địa Trung Hải – nhiều rau xanh, olive, cà chua bi, mozzarella, sốt chua nhẹ – rất cân bằng vị giác.
 • 🍰 Tráng miệng: Mousse, tart, kem, chè… trình bày xinh, vị vừa, không bị ngọt gắt. Phần này thật sự đáng thử.

Mình có uống thêm một chai rượu vang – nhẹ nhàng, dễ uống, giúp tổng thể bữa tối thêm phần trọn vẹn.

💁‍♀️ Về dịch vụ:

Nhân viên dễ chịu,￼ hiểu khách, phục vụ món tận bàn lịch sự, tinh tế, ￼nhanh nhẹn. 

💰 Giá:

799.000++/người – với trải nghiệm tổng thể từ món ăn, không gian đến dịch vụ thì mình thấy hoàn toàn hợp lý.

✨ Tổng kết:

Nếu bạn yêu món Ý và muốn tìm một không gian riêng tư nhẹ nhàng, với đồ ăn được đầu tư đúng vị và dịch vụ chất lượng – Layered 7 Westlake rất đáng để thử. Mình chắc chắn sẽ quay lại vào buffet chủ đề Pháp hoặc hải sản cuối tuần.

#DiningReview #ItalianBuffet 🇮🇹 #WestlakeView 🌃 #GourmetExperience","85",,,,"79","6",,,"17"
"29","1 quán ấm cúng nhỏ xinh nhưng gọn gàng, sạch sẽ. Bánh mỳ  mềm, thơm được trộn với tôm hùm và sốt rất quện. Với 390k/ set , mình khá hài lòng với súp bí đỏ và salad ăn kèm... 
📍Lobster Queen - Lobster Roll -Địa chỉ: 52 Thợ Nhuộm, Hoàn Kiếm, Hà Nội
#diningreview
#LobsterQueen","118",,"1",,"108","9",,,"19"
"60","Chào anh chị, mình là Cao Cường - quản lý tại nhà hàng Samwonjung. Sau một thời gian mở bán trải nghiệm, mình rất vui được thông báo rằng cơ sở mới Samwonjung Nguyễn Quang Bích sẽ chính thức khai trương vào ngày 03/07/2025!

Với tinh thần “Timeless Korean Dining”, Samwonjung mong muốn trở thành nơi thực khách có thể tận hưởng trọn vẹn những giá trị truyền thống của ẩm thực Hàn Quốc giữa lòng phố cổ Hà Nội - từ hương vị món ăn, không gian cho đến cung cách phục vụ chỉn chu và ấm áp.

Để chào đón ngày đặc biệt này, đội ngũ nhà hàng đã chuẩn bị một buổi tiệc khai trương với nhiều trải nghiệm hấp dẫn:

🍽 Tặng món “đặc biệt” từ Bếp trưởng

🎶 Nhạc Jazz live từ 19h - 21h

🎁 Tặng quà lưu niệm để tri ân khách hàng

🍻 Tặng 1 cốc bia thủ công Seoul Lager

Vì số lượng bàn có hạn, rất mong anh chị liên hệ đặt bàn sớm để Samwonjung có thể chuẩn bị đón tiếp chu đáo nhất!

📞 Liên hệ đặt bàn: 086 841 4266
 📍 Số 20 Nguyễn Quang Bích, Quận Hoàn Kiếm

Hẹn gặp anh chị vào ngày khai trương để cùng chung vui, thưởng thức những món ăn tinh túy và tận hưởng không khí đặc biệt mà Samwonjung đã chuẩn bị riêng cho ngày đầu tiên đầy ý nghĩa này.

#diningreview
#KoreanBBQ
#samwonjung

[#gioithieunhahang](https://www.facebook.com/hashtag/gioithieunhahang?__eep__=6&__cft__[0]=AZWkfLNySR67JIuFiQ9XtKyA4J7ibgImYNVexp9vjOS0PlhAlX8FBZ22NU2VLHgJ4o_tGs0t6AQtCZ2wkOmw43uGNBPL5rL3fwJD_F0mY9qD84LC9gXwZ1lvBae1dQ2cdJhDrL3cB9x243WI52ys_NuMbarY93C7tPakD0LuikGQCw&__tn__=R]-R)","154",,"1",,"135","18",,,"4"
"5","Xin phép chia sẻ với group mình một event ý nghĩa của VietHarvest- DNXH góp phần giảm lãng phí thực phẩm và giảm nạn đói với nhiều chương trình có ý nghĩa. 

Group mình làm 1 mâm đi phú bà Nguyễn Thị Hồng Nhung 🙂

#diningreview #diningreviewhanoi","9",,,,"7","2",,,"0"
"118","Có thể là Bánh mì muối ngon nhất Hà Nội! 

Ngoài nghề chính là đi săn canele thì tôi còn nghề phụ là sát thủ săn lùng shio pan. 
Shiopan - bánh mì muối - nghe thì thấy đơn giản nhưng để làm ngon được khá khó. Vẫn công thức ngoài giòn trong mềm, mặn vừa phải, thơm đặc trưng. Bên Hàn thì trend shiopan này đến giờ vẫn nóng rừng rực chưa hạ nhiệt. Ở VN thì chủ yếu mấy hàng bánh bên Mỹ Đình làm shiopan tạm tạm chứ mấy hàng khác đều bị dai hoặc dày đặc ruột quá.

Clara.T mình ăn entremet mấy lần. Vị rất chỉnh chu, đúng tay đầu bếp học Pháp về. Bao bì thì phải nói là sang xịn nhất trong tất cả hàng bánh mình từng ăn ở VN. Mua 4 cái bánh hết có hơn 100k mà túi giấy cứng xịn, giấy giới thiệu cách dùng bánh, thìa dĩa giấy ướt, hộp đựng bánh thiết kế chuẩn từng li không thừa thiếu xộc xệch tí nào. Mọi người đặt entremet mới thấy sự cầu kì của packaging bên này, hộp đựng bánh nhỏ xinh nhưng chia 2 tầng, tầng trên là bánh, tầng dưới kéo ra kéo vào như bao diêm ý thì để đựng đá khô. Nói chung bao bì bên này 11/10 không có nhưng. 

Bánh Shio Pan bên này đang có 4 vị: classic, cheesy garlic, salted egg, corn. Vị nào cũng ngon cũng thơm. Có cái cheesy garlic thì hơi nhiều cheese và butter một chút, ai không thích ngấy sẽ không thích lắm. Vị corn khá đặc sắc, must try! 

Clara.T thì ra menu mới liên tục và rất sáng tạo. Nói chung các bác nên thử hàng này một lần ạ em nói thiệt! Yên tâm entremet đế biscuit chất lượng chứ không đế bông lan như đa số hàng entremet khác đâu ạ! 

#diningreview #diningreview_hn #claratpastry","377",,"3",,"349","25",,,"80"
"48","Yiam Yiam Seafood khu Ngoại giao đoàn. Nay có việc mạn gần đây nên sà vào ngay.

Đồ ăn ngon, hợp lý. Chuyên cua Năm Căn chất lượng với hơn chục kiểu chế biến. Mình gọi cua cốm chế biến kiểu curry Thái và cua gạch hấp sữa đều ngon. Curry Thái hơi nhạt so với khẩu vị chút, nhưng chắm bánh mì vẫn rất vào.

Miến cua đầy mùi lửa thơm ngon, thịt cua khá nhiều.

Các món ăn chơi cũng vừa miệng bon mồm trong lúc chờ cua lên. 

Cơ bản là hài lòng. Mỗi cái hơi xa nhà. 😛

#diningreview
#yiamyiam
#NgoạiGiaoĐoàn
#thaifoods","203","1",,"1","183","18",,,"20"
"9","Đà Lạt [Bánh xèo Rốt]
Nếu là fan của bánh xèo thì nhất định phải đi ăn Bánh xèo Rốt nha cả nhà ơi.

Bánh xèo ở đây vỏ mỏng giòn tan mà đặc biệt là không bị sũng dầu ăn.

Thích nhất là mấy hũ rau tươi rói rửa sạch sẽ phân chia từng loại một.

#diningreview #dalat #ngocreview","53",,,,"47","6",,,"2"
"0","Hương ngự quán 90A/2 thạch thị thanh 
#dinningreview 

Quán này tìm đc trên tóp tóp, nó gần slow cf, gần nhà ba teria cf mới mở nên 1 combo cà phê r qua đây ăn rất tiện. 

Cô chủ người huế nên rất kĩ tính, đồ ăn nêm nếm vừa miệng, chie gọi món còn cơm canh rau xào là free theo món. Thấy menu khoảng 7,8 món mặn.

Giá trong hình luôn trà đá 120k gồm trứng chiên tóp mỡ, cá mùi chiên giòn, canh mồng tơi với rau xào free đi kèm. 

Và k thể thiếu chén nước tương dằm ớt được! Ai hệ k cay xin hãy lui 3 bước 🤣.","17",,,,"17",,,,"1"
"12","Lamai Garden Summer menu 2025

Thật là refreshing khi được trải nghiệm summer menu tại Lamai Garden. Fan của đồ ăn thanh nhẹ sẽ vô cùng hài lòng, còn những người thích đồ béo ngậy (như mình) cũng sẽ appreciate sự thay đổi trải nghiệm này, once in a while.

Nhà hàng sử dụng 100% nguyên liệu Việt Nam, farm-to-table nên phải hoàn toàn dựa vào độ fresh của nguyên liệu và công thức, kỹ thuật nấu để mang lại món ăn ngon cho khách hàng.

Mình highly recommend non-alcoholic pairing. Mùa hè nên mình expect nguyên liệu sấu, tuy nhiên lại ko có. Tuy nhiên các loại nước đều rất ngon, pairing khá hợp.

Món ăn ngon, dịch vụ thân thiện, khẩu phần vừa đủ, không cảm thấy nặng nề, là hoàn hảo cho 1 buổi summer date.

Đặc biệt: Nhà hàng đang tham gia chương trình đặc quyền ẩm thực của Visa. Với mức giá 1.8tr 1 người và có ưu đãi Visa thì tương đương đi 2 người trả 1 người, quá hời so với trải nghiệm.

#hanoidining #michelinhanoi #greenstarmichelin","96",,,,"92","4",,,"7"
"66","SANDO by PHAGIA - Tôi ăn trước để các bác khỏi phải ăn 🙃

Thấy hình ảnh chỉnh chu đẹp đẽ là nghi nghi rồi (cái gì đẹp thường khó ngon ví dụ như brunch ở Úc), nhưng nhìn tamago trứng chảy núng nính quá vẫn phải cố order ăn thử, rồi bị bồ mắng cho vì tội in charge đi chợ bữa trưa chủ nhật mà cho anh ta ăn đồ quá tệ! 

Sando nhìn thì dễ nhưng để mà ngon được thì khá cầu kì, làm sao nhân mềm mà vỏ vẫn giòn, vỏ bánh giòn ngoài mà cốt bánh vẫn mềm, trứng chảy thì làm sao đến tay khách vẫn chảy chứ k overcook, steak thì làm sao đến tay khách không bị khô, tonkatsu thì làm sao đến tay khách vẫn giòn rụm chưa ngấm dầu ra vỏ. 

Thường sando ngon nhất khi ăn tại cửa hàng. Nhưng chs hồi đi Nhật tôi ăn bừa tonkatsu sando ở ga tàu mà cũng ngon điên đảo. 

Quay lại Sando Phagia thì như các tiêu chí tôi nêu ở trên thì chỗ này k được gạch đầu dòng nào. THỊT BÒ CÒN SỐNG, THỊT LỢN CÒN SỐNG (ảnh ở cmt)! Miếng steak mỏng, ngoài thì cháy nhưng trong thì raw kéo sợi chewy hơn haribo! Tonkatsu bên trong thịt đỏ hồng luôn! Lại thêm sốt quá mặn và ngấy. Paipai! 

À giá 120k tamago, 160 tonkatsu và 190k steak nha. Đờn ông phải ít nhất 2 cái mới no. Chị em thì 1 cái và 1 side là ấm bụng. 
À side thì karaage ỉu, taro chips ỉu. 
Nhắc lại là đồ ăn tới tôi ăn ngay. Vì t tôn trọng quy tắc thời gian từ kitchen đến table. Và nhà t cách cửa hàng 15p shipping sharp! 

Paipaii Phagia hẳn! 

#diningreview_hn #diningreview #phagia #sandobyphagia","279",,"1","48","218","5","2","5","17"
"7","📍 Tân Nhã - ẩm thực Chợ Lớn
Vẫn là kiểu nhà hàng Hoa xưa cũ ít làm truyền thông & chủ yếu là khách quen, book trước vài ngày vì mỗi tour NH phục vụ ~40 khách. Menu ko wa nhiều món nhg để chọn gọi món nào lại khó khi món nào cũng ngon 🤤.  Team tầm 6ng nếu ăn lần đầu thì nên chọn món làm nên tên tuổi của quán là heo sữa quay với  da heo giòn rụm chấm với sốt tắc mật ong, hành chẻ rất cuốn. Tiếp đến có thể thử thêm 1 trong các món như chim quay, cá mú sốt, sò huyết Tứ Xuyên, đùi ếch/ mực rang muối, mì xào thập cẩm, miến cua tay cầm…👍🏻

🏫 Đ/c:
• 100 Trần Tuấn Khải, phường 5, quận 5
• Trưa từ 11h - 14h, tối từ 17h - 22h (nghỉ thứ Hai hàng tuần)
#dinningreview
#tphcm","62",,,,"57","5",,,"11"
"1","#diningreview 
Bakeboy - Nha Trang

Nhà mình hay đi nghỉ ở Nha Trang và lần nào vào mình cũng ghé tiệm bánh này. Tại nó như một tiệm bánh cafe trong mơ của mình vậy.

Dạo này mình hay thích coi reels của bạn Cherrysgoods - một bạn châu Á làm chủ tiệm cafeteria ở bờ biển Bondi, Úc, xem bạn vận hành lò bánh mỗi này cho ra hàng khay bánh croissant rồi brunch set mà mê mẩn.

Gặp Bakeboy mình thấy đúng kiểu đó. Quán nằm ở khu Mường Thanh Viễn Triều, view ra biển Hòn Chồng, bước vào là thấy sực mùi bánh trái. Bé nhà mình thì đam mê croissant, lần nào vào cũng phải làm hết một chiếc “croissant béo”, còn mình thì thấy món goose croissant quả là rất vừa miệng.

Cảm giác chung là các tiệm bánh ở Nha Trang chất lượng đều ổn, có khi vì đông người Nga sinh sống nên chất lượng bánh ở đây không thể tệ được.

Giá thì so với các tiệm croissant ở SG mình nghĩ là khá mềm, 32k cho chiếc plain croissant.

À nhưng cafe thì không quá xuất sắc đâu. Mong quán cải thiện menu nước.","9",,,,"9",,,,"2"
"30","VOUCHER KHỦNG DÀNH RIÊNG CHO DINING REVIEW MEMBER: khám phá hương vị thịt Cừu Úc tại 15 nhà hàng tại Thành phố Hồ Chí Minh.

Xin chào các tín đồ sành ăn của Dining Review. 

Mình là Hương, hiện đang đồng hành cùng Meat & Livestock Australia (MLA) – Hiệp hội Thịt và Gia súc Úc trong hành trình mang thịt Bò và Cừu Úc đến gần hơn với các tín đồ ẩm thực Việt Nam.

Ở đây có ai là fan của thịt Cừu không ạ? Mình đoán chắc là không có nhiều. Trung Quốc hiện đang là nước tiêu thụ thịt Cừu nhiều nhất trên thế giới, sau đó là đến thị trường Trung Á. Còn ở Việt Nam, thịt dê khá phổ biến còn thịt cừu thì vẫn đang khá mới mẻ, do còn có nhiều rào cản ví dụ như các món ăn về cừu khá đơn điệu, giá thành tại các nhà hàng Âu khá cao, nhiều người sợ mùi cừu.... 

Vì vậy, từ 04/07 đến 30/07, MLA kết hợp cùng 15 nhà hàng thiết kế những menu đặc biệt mang hương vị từ món Âu đến Á, sử dụng đa dạng các phần thịt Cừu thứ cấp với khẩu phần nhỏ nhỏ để mọi người có cơ hội thưởng thức, trải nghiệm và dễ chia sẻ với nhau hơn. Ngoài ra, có rất nhiều những ưu đãi áp dụng kèm menu lần này.

💌 Và để cộng đồng Dining Review mình có thêm cơ hội khám phá hành trình này, tụi mình mang đến một minigame thú vị với voucher từ 500,000 đến 1.000.000 đồng dành tặng các bạn tham gia!

Nếu bạn là người yêu thích hương vị đậm đà của các món thịt đỏ – đặc biệt là thịt cừu, thì đừng bỏ lỡ cơ hội này nhé!

ĐOÁN NGUYÊN LIỆU, RINH VOUCHER CÙNG “LAMB IS ON THE MENU”: 

🥩Hình ảnh đính kèm bao gồm 3 món ăn được chế biến bởi bàn tay của các đầu bếp tài hoa trong chiến dịch “Lamb is on the Menu”. Hãy xem bạn sành ăn đến cỡ nào để có thể đoán tên các phần thịt cừu được sử dụng trong 3 món ăn này.

📍CÁCH THỨC THAM GIA: Chỉ với 2 bước đơn giản

Bước 1: Like/thả tim bài viết

Bước 2: Comment tên phần thịt cừu bạn đoán cho 3 món ăn theo thứ tự 1,2,3, kèm hashtag #LambisontheMenu, số may mắn từ 000–999 và tag 2 người bạn cùng bạn khám phá hành trình này!

⏰ Thời gian tham gia: Từ nay đến hết ngày 2/7/2025

🎁 GIẢI THƯỞNG HẤP DẪN:

- 5 voucher trị giá 1.000.000 VNĐ
- 5 voucher trị giá 500.000 VNĐ

👉 Voucher áp dụng tại toàn bộ 15 nhà hàng tham gia chương trình - danh sách và website book bàn sẽ được ghim dưới phần bình luận.

⏰Thời gian bắt đầu đặt bàn: 01/07/2025
📆Thời gian các nhà hàng phục vụ menu đặc biệt: 04/07 - 30/07/2025

Hy vọng hành trình “Lamb is on the Menu” lần này sẽ là cơ hội để thịt cừu Úc đến gần hơn với những người yêu ẩm thực tại Việt Nam

#LambisontheMenu #ThitCuuUc #AussieBeefLambVN #DiningReview #gioithieunhahang","72",,,"1","54","17",,,"4"
"15","Nozawa Bar – Beverly Hills – 1 Michelin Star
CHÊ!

Thật sự quán này được chấm 1 sao Michelin quá không xứng đáng, như kiểu lùa gà mấy đứa Mỹ trắng vậy. Đây là bữa omakase đầu tiên trong đời khiến em cạn lời đến vậy.

Ngay từ đầu, việc đầu bếp lấy cơm trực tiếp từ nồi cơm điện để nắn sushi thay vì cho cơm vào hộp gỗ rồi trộn với giấm đã khiến em chữ “hả?” của em bay lên tận cung trăng rồi. Việc xử lý cơm như vậy tạo ra những cục cơm còn quá ấm, khi cầm lên thì dính tay, hạt cơm dễ bị rơi ra. Ai biết ăn sushi cũng hiểu: linh hồn của món nigiri không nằm ở lát cá mà nằm ở hạt cơm. Cơm mà không đạt thì các yếu tố khác tốt đến mấy cũng không cứu nổi.

Chưa hết, shape của nigiri cũng xấu, trông vụng về, cung Thiên Bình quan trọng ngoại hình nên em xin phép chê. Không gian nhà hàng cũng hơi bí, quán nằm bên trong của một quán sushi casual khác. Có nghĩa là chủ nhà hàng xây 2 quán cùng 1 căn, phía trước là quán casual bên trong làm 1 phòng phục vụ omakase. Phòng bên trong không có cửa thông, ghế ngồi sát nhau, tạo cảm giác không thoải mái lắm.

Thêm một điểm trừ nữa là thay vì hôm đó chỉ phục vụ uni Santa Barbara. Khi đầu bếp mở hộp ra, nhìn miếng uni trong hộp nhựa ọp ẹp là em thấy chán liền. Không chỉ vậy, món ankimo – vốn là món em yêu thích thứ hai chỉ sau uni – lại bị làm quá tệ: sốt cho quá nhiều, át hết vị gan cá.

Đầu bếp hôm đó cũng rất sôi nổi, hoạt ngôn. Em không chắc có phải người Osaka không mà “náo nhiệt” quá mức. Cá nhân em là người hướng nội nên hơi ngại, nhưng em nghĩ nhiều người khác sẽ thích phong cách này nên không tính là điểm trừ. Bên cạnh đó thì quán cũng không để sẵn khăn ướt cho khách lau tay, thật là khó hiểu, cái này nó là rất cơ bản luôn, ở VN đi ăn mấy quán nhậu thôi người ta cũng chuẩn bị sẵn khăn ướt. 

May mắn là có hai điểm cộng. Một là món lobster sashimi, hơi hiếm gặp ở Mỹ. Hai là món tráng miệng cuối cùng: kem ăn kèm các dâu rồi berry, có rượu sake rưới lên, ăn khá ổn. Dịch vụ hôm đó cũng tạm ổn, không xuất sắc nhưng khi em cần hỗ trợ thì chef vẫn rất nhanh nhẹn gọi nhân viên giúp.

Tóm lại, đây là một bữa ăn cực kỳ lãng phí. Một lần là quá đủ. Em sẽ không bao giờ quay lại.

#Michelin

#America

#Omakase

#BeverlyHills","38",,,"1","34","2",,"1","2"
"10","Xin chào các thành viên của group Dining Review! 

Em là Kiều Anh 

Đại diện nhà hàng NIKUSHO Japanese Wagyu BBQ tại 42 Yên Phụ.

Như một món quà và cũng là cơ hội để Nikusho có thể phục vụ mọi người nhiều hơn nữa - những miếng thịt bò Wagyu tuyệt vời chứa đựng toàn bộ sự tận tâm và đam mê của cả tập đoàn. Nikusho xin gửi tới các các thành viên của group Dining Review ƯU ĐÃI 10% món ăn (không áp dụng chung với các chương trình khuyến mại khác) khi đến dùng bữa tại nhà hàng. 

CHƯA HẾT, trân trọng gửi tặng thêm mỗi member 1 phần Niku Sushi – món sushi bò Wagyu đặc trưng tại nhà hàng, như một lời chào thân mật từ Nikusho.

Thời hạn từ nay đến hết 20/7/2025. Khi thanh toán anh chị chỉ cần đọc pass: Dining Review.

Cùng rất nhiều ưu đãi khác như Set lunch chỉ từ 350k/Người hay ưu đãi Mega Platter giảm tới 20%!

Với hệ thống ""Từ Trang Trại đến Bàn Ăn"", chúng em tự hào mang hương vị thượng hạng trực tiếp từ ""trang trại của mình"" tại Nhật Bản đến với thực khách tại Hà Nội. Hy vọng sẽ có cơ hội được đón tiếp các member của Dining Review tại NIKUSHO. 

Cảm ơn anh chị rất nhiều!

#diningreview

#yakinikurestaurant 

#gioithieunhahang

#nikushohanoi","32",,"1",,"26","5",,,"8"
"3","Em chào tất cả các Anh/ Chị trong nhóm thành viên Dining Review, em là Bích Ngọc là đại diện phụ trách các nhà hàng thuộc khách sạn Le Meridien Saigon.

Chỉ còn 3 ngày duy nhất để thưởng thức một buổi tối thăng hoa với đêm tiệc đậm chất châu Âu tại Latest Recipe, nơi những giá trị ẩm thực kinh điển từ Pháp – Ý được tái hiện đầy cảm hứng trong dấu ấn sáng tạo của Bếp trưởng Phi Công. Trải nghiệm ngay món Gan Ngỗng Đút Lò Xốt Rượu Vang Đỏ trong những buổi buffet tối thứ 5, 6, 7 tại Latest Recipe duy nhất tháng 6 này.

Ưu đãi 20% và Free set up bàn tiệc và bánh kem sinh nhật cho các anh chị thành viên Dinning Review.

Mấy lần trước anh chị đặt bàn bên em có hỏi bên em có thuộc Marriott hay không, để có thể sử dụng đặc quyền thành viên Club Marriott, thì câu trả lời là có nha ạ.

Anh chị có thể liên hệ với em qua FB, Zalo cá nhân 0799 528 987 để liên hệ biết thêm các thông tin.
Hy vọng có cơ hội được đón tiếp các Anh/ Chị ghé thưởng thức!

Địa chỉ: 3C Tôn Đức Thắng, khách sạn Le Meridien Saigon.
SDT: 0799 528 987

#Dinningreview
#LatestRecipe
#gioithieunhahang","39",,,,"35","4",,,"0"
"9","LÄPIS - Mixology & Cuisine 

Team Hàu🦪 ơi, chúng mình có thêm 1 sự lựa chọn ngoài các cái tên như Hudson Room, Angelina hay Rico Seafood, ăn Hàu Pháp ở Läpis cũng được 🙂‍↕️ 

Nó ko quá to, ngọt, đủ loại sốt mình cần. 

Freeflow Thứ 5 hàng tuần (cần Pre-book) với giá 399++/ pax chưa bao gồm Rượu. Quán không gian rộng, đẹp, đa dạng nhiều loại Vang, Cocktails, tuy nhiên Cocktails nồng độ cồn hơi thấp nha nên Team oder theo “trình độ” nhé! 

Hàu các bạn ý chuẩn bị cũng chỉnh chu lắm nên sẽ ra hơi chậm, kinh nghiệm là mình gọi luôn 1 lần nhiều suất rồi chờ dần là vừa.

Các món khác Team mình có ăn nhg bị Hàu làm lu mờ nên mình quên mất như thế nào, khẩu phần nhỏ style Fine-Dining nên các bạn đừng bất ngờ là được 😎

See you on Thursday sometimes
#HanoiReview
#DiningReview","66",,,,"61","5",,,"3"
"5","Yatts và Chiếc bàn concept biển cả

Chỉ có 1 chiếc bàn ấy thôi nên các bạn đặt trước Bàn từ 2 người đến Max 4 người nhé! 

Dạo này Yatts có vài món mới, nhưng để xuất sắc nhất thì mình thích Tôm sốt me vs món Dessert Kem Dừa Vải. Còn chân ái thì Hàu Yatts, Gỏi Tôm Sò Huyết vẫn là món hợp concept này nhất 🦪🦐 

Viết ngắn thôi mọi người ngắm ảnh ngắm clip đi nhé!

#HanoiReview
#DiningReview","52",,,,"44","8",,,"3"
"19","Cococake-Bánh dân gian-Tphcm
Tình cờ đi ngang tiệm bánh nhỏ này ăn thấy ngon quá nên phải Review ngay.

Quán có không gian khá nhỏ nên chủ yếu là mua mang đi.

Mình rất ấn tượng với bánh chuối,bánh bò hấp và bánh bò nướng ở quán

Bánh chuối rất thơm. Bột pha rất khéo. Ăn ko bị ngán.

Bánh bò hấp ngon thật sự. Quán sử dụng 100% đường thốt nốt và men cơm rượu tự nhiên. Bánh được ủ men từ nước dừa tươi để cho ra chất bánh trong dẻo dai. Ngon hơn bánh bò thốt nốt mình từng ăn ở Châu Đốc An Giang.

Bánh da lợn của quán có 2 loại. Loại lá dứa đậu xanh và khoai môn và lá cẩm. Núng nính dẻo dai béo nhẹ của lớp khoai môn và đậu xanh.

Ngoài ra nước cốt dừa của quán thơm béo có mùi sầu riêng nhẹ nhưng không bị ngán. Ngọt vừa phải. Chấm với bánh thêm chút đậu phộng rang rất dính.

Chè Bắp và chè bưởi của quán mình cũng khá ưng. Chè bắp thơm nhẹ nhàng mùi bắp non. Chè chưa xuất sắc lắm. Mình đánh giá bánh dân gian của quán ngon hơn chè.

Mình đánh giá bánh ở đây ngon hơn tiệm bánh Bầu Sóc Trăng mà khi trước mình từng review

Khó ở đâu tìm được tiệm bánh Nam Bộ chim ưng như ở đây.

Bánh nêm nếm rất vừa vị không quá ngọt.

Đóng gói sạch sẽ.

Hiện nay quán có chương trình giảm 10% cho hóa đơn 95k. Có giao hàng qua các ứng dụng shoppee và grab hoặc gọi trực tiếp đến quán

Địa chỉ: 18E Trần Quang Diệu Q3

18A/29 Nguyễn Thị Minh Khai. Q1

65A Huỳnh Văn Bánh. PN

669 Phan Văn Trị,Gò Vấp

33 Xa Lộ Hà Nội. Thảo Điền.

#diningreview

#amthucvungmien

#tphcm

#banhdangian","53",,,,"47","6",,,"17"
"2","Sheraton Hanoi  West – 36 Lê Đức Thọ, Nam Từ Liêm, Hà Nội

Thật ra mình không hay đi buffet vì sợ ồn, vội và thường thiếu cảm giác được thưởng thức. Nhưng hôm đó thì khác.

Không gian ấm cúng, nhạc sống jazz nhẹ nhàng, không khí thư giãn vừa đủ để trò chuyện.

Buffet phong phú, nhưng mình chọn đúng những món mình thích và may mắn là hầu hết đều ổn.

🦐 Hải sản: Tôm, cua, vẹm được bày trên đá lạnh, tươi, chắc thịt, mình lấy tới hai lần.
🍣 Sashimi cá hồi, cá ngừ: Tươi và cắt dày.
🍖 Quầy nướng: Có lợn sữa quay giòn kiểu Trung, bì giòn rụm, thịt thấm vị; Beef Wellington nướng chuẩn, phần nhân hồng hào, bột phồng đẹp mắt được cắt tại chỗ.
🧀 Phô mai, cracker, olive ăn kèm rượu vang khá hợp.
🍰 Tráng miệng: Là một bất ngờ lớn. Bánh được trang trí theo chủ đề “Father’s Day”, có cả bánh vest nơ xanh nhìn rất dễ thương, ăn cũng ngon, không bị ngọt gắt. Khu bánh đặt ngay lối vào như một tiệm mini patisserie điểm cộng lớn.

🍷 Đồ uống: Nhà hàng chọn rượu vang khá kỹ. Lúc đầu mang vang trắng ra hơi ấm, mình góp ý nhẹ thì được đổi nguyên một chai mát lạnh để bàn (chai El Concierto Blanco). Ngoài ra còn có whisky, cocktail được pha tại bàn, mình xin thêm whisky với đá để tráng miệng.

🎁 Có cả màn “túi mù” chọn món cao cấp mình và bạn trúng món bào ngư ăn ổn và vui vì trải nghiệm lạ.

Tất nhiên vẫn có điểm trừ nhỏ:
🥩 Cold cut chưa thực sự nổi bật về nguyên liệu.
🥗 Salad phối vị chưa thực sự rõ nét dù bày biện đẹp.
🐓 Có món gà kiểu châu Phi khá lạ nhưng mình chưa thử lại vì đã ăn no.

💸 Giá buffet hôm đó là 1.5tr++/người. Nếu có thẻ thành viên Marriott thì được giảm 30%. Với chất lượng món ăn hải sản, sashimi, thịt, tráng miệng và đồ uống free flow như vậy thì mình thấy hợp lý.

#DiningReview  
#BuffetCuốiTuần   
#HàNộiFineDining  
#WeekendFoodVibes","91",,"2",,"80","9",,,"8"
"0","BepBo-Quán Bò Xèo

Vị trí rất trung tâm đường Pasteur gần Nhà Thờ Đức Bà Saigon. 

Không gian: Trẻ trung thoáng mát. Tuy nhiên trong quán hút mùi chưa tốt khi ngồi nghe mùi đồ ăn từ bếp mở khá nồng.

🌼Đồ ăn:
Nêm nếm hương vị các món ăn rất Việt Nam dễ ăn.
Súp tôm chưa thơm mùi gạch tôm lắm, vị kem béo nhẹ 
Thịt bò của quán ngon mềm
Món mỳ Tagiatelle với sốt sa-tế mang hương vị Việt Nam và  thịt bò Aukobe quán làm ngon.Độ chín bò làm đúng.
Tiramisu cũng bình thường.
Khẩu phần các món ăn của quán hơi bé. Giá rẻ bù lại. 

✨Điểm mình nghĩ quán cần cải thiện.
Nên có bánh mỳ/Snack ăn chơi khi khách đợi lên món ăn
Tô đĩa phục vụ nên giữ ấm cho món nóng. Khi bưng các món nóng ra rờ vào cái tô/ dĩa lạnh ngắt làm mình mất cảm tình.

🌞Nhìn chung trong phân khúc trung cấp thì quán này làm đồ ăn ổn áp.

Địa chỉ: 180A Pasteur Q1. Tphcm

#tphcm
#steak
#district1
#diningreview","24",,,,"24",,,,"6"
"13","HCMC - omakase tầm 1 triệu mà ngon, dịch vụ tốt. Cái này rất thích nên giới thiệu mọi người tầm 1 triệu mà ăn omakase chất lượng. Menu rất hay vì sẽ có set fix gồm sushi, trứng hấp, súp, tráng miệng giá 780k ++. Sau đó là các lựa chọn thêm nếu khách vẫn muốn ăn. Full menu cũng 980k, nếu ăn hào tính riêng. Nhưng rất tiếc mình ăn đúng ngày hết hào. Các món đều rất ngon, cơm ít chứ không bị nhiều. So với Kyiota cùng khu Phạm Viết Chánh thì Tiger ngon hơn hẳn. Trên rooftop nên view rất đẹp. Nhược điểm: có 8 chỗ ngồi nên xin mời đặt trước 1 tuần mới có chỗ
#omakase
#saigon
#diningreview","64",,,,"63","1",,,"9"
"13","PHỞ CHỊ MƠ

🏠Không gian: Bước vào quán là không gian rộng rãi thoáng mát nhiều cây xanh với kiến trúc mang nét Hội An và . Mình bất ngờ khi chủ quán dám ""chịu chơi"" khi thuê 1 mặt bằng khá to chỉ để mở 1 quán phở. Bên trong quán đầu tư chỉnh chu với dàn bếp mở với trang thiết bị cũng không thua kém dàn bếp của các ks 5 sao.
Khi mở menu ra mình thấy giá Phở ở đây cao hơn so với mặt bằng chung khu Thảo Điền. Có thể nói giá ở đây ngang ngửa với giá Ramen của Nhật. Nhưng sau khi nghe bạn chủ quán giải thích vì sao giá thành tô phở cao thì mình cũng chấp nhận.
⭐Một số điểm mình rất ưng:

- Nước Phở ở quán được hầm rất nhiều xương theo tủ lệ 1:1 nghĩa là 1 ký xương sẽ hầm với 1 lít nước và không có bột ngọt. Nên mình khi ăn phải húp sạch nước dùng của Phở mà không sợ bột ngọt như khi ăn tô mỳ Ramen.

-Sợi phở của quán mềm dẻo mịn màng. Có 2 kiểu bánh Phở Nam và bánh phở Bắc cho khách chọn lựa theo hương vị Phở Bắc Nam.

-Mùi vị Phở nhẹ nhàng hương vị Bắc không quá nồng mùi quế hồi.

- Thịt bò chín của quán được làm theo kiểm Sous Vide mà không hầm trực tiếp trong nồi nước dùng như các quán Phở khác nên vẫn giữ được độ mềm mại ẩm của thịt. Quá ngon!

-Bánh quẩy của quán tự làm theo kiểu bột bánh lên men Sourdough. Khi khách order quán sẽ chiên sơ và nướng lại để bánh giòn tan và ráo dầu. Bột quẩy Sourdough của quán ăn rất ngon. Có lẽ đây là lần đầu tiên mình thấy bánh quẩy kiểu Sourdough ở Saigon. Nước chấm bánh quẩy của pha thơm mùi nước mắm chua ngọt nhẹ nhàng.

-Khi khách order thì quán mới múc nước trong nồi đun sau đó rưới lên Phổ để bảo đảm độ nóng nhất định

-Tô chén của quán được giữ nóng trong tủ riêng như trong các bếp của các ks.

- Tương ớt vá tỏi dấm của quán của do quán tự làm bắng rau củ lên men bằng bia tươi ,vị chua ngọt thanh không đụng hàng với tiệm phở nào. Màu tương ớt rất đẹp. Lúc đầu mình tưởng quán có thêm màu trái Gấc vào nhưng đây là màu ớt 100%.

⭐Một số điểm mình chưa ưng.
- Màu nước của quán hơi sậm nâu chưa được màu Hổ Phách như nước Phở Bắc truyền thống.

- Với vị Phở Nam của quán mình chưa cảm thấy mùi đặc trưng của vị Phở Nam.
Với góp ý chân thành thì chủ quán sẽ nghiên cứu để chỉnh sửa lại. Cũng thông cảm vì quán mới mở trên dưới 1 tháng thôi.

Phục vụ: Niềm nở vui vẻ. Các bạn phục vụ của quán đều có kinh nghiệm trong các nhà hàng ks nên không bị lóng ngóng. Có bạn cũng từng làm ở nhà hàng Akuna. Anh chủ quán chia sẽ thì ngoài chất lượng đồ ăn quán cũng muốn đem lại trải nghiệm phục vụ tốt nhất cho khách.

Bỏ qua vấn đề giá thì nhìn chung đây là 1 quán Phở đáng trải nghiệm với sự đầu tư chỉnh chu công phu của anh chủ quán kiêm Bếp Trưởng.

Sắp tới đây quán sẽ phục vụ Cocktail  với các món Tapas thuần Việt  để khách vừa thưởng thức cocktail vừa nhấm với Tapas trong không gian lên đèn lãng mạng .

🎁🎀Quà Tặng cho thành viên nhóm Dining Review là đọc pass là thành viên nhóm sẽ được tặng 1 phần Quẩy sourdough chấm khi đến quán.

Địa chỉ: Phở Chị Mơ
23C Lê Văn Miến. Thảo Điền. Tphcm
#diningreview
#pho
#thaodien
#tphcm","31",,,,"25","6",,,"1"
"30","Chào mọi người,

Mình muốn giới thiệu một địa chỉ mới toanh mà công ty mình vừa ra mắt  YIAM YIAM Seafood - Cua cà ri và hải sản kiểu Thái

Không gian được decor hiện đại, ấm cúng nhưng vẫn giữ được chất tinh tế trong từng chi tiết và phù hợp với mọi nhu cầu của khách hàng. 

Các món nhất định phải thử khi ghé nhà hàng là: Cua xào cà ri trứng, Xôi cua, Cua gạch hấp sữa phô mai Thái, Ngao hoa cà ri xanh. Đặc biệt, nhà hàng sử dụng cua Cà mau Năm Căn được chọn trực tiếp từ bể, có QR truy xuất nguồn gốc rõ ràng. 100% cua dây nhựa không trọng lượng ảo, giúp khách hàng thưởng thức cua với giá hợp lý nhất.

Nhân dịp khai trương, Yiam Yiam dành tặng ưu đãi ĐỘC QUYỀN code giảm 20% toàn bộ món ăn trong menu cho các thành viên trong group khi đến nhà hàng và đọc code “**Dinning Review!**” như một lời mời để các bạn đến trải nghiệm, chia sẻ cảm nhận và đóng góp ý kiến cho nhà hàng. Code ưu đãi sẽ được áp dụng từ hôm nay đến hết ngày 11/07/2025

Mời các bạn ghé cơ sở của nhà hàng tại N03-T3 Ngoại Giao Đoàn trải nghiệm hoặc gọi đặt bàn theo số 024.3960.5555 để được phục vụ tốt nhất ❤️

#gioithieunhahang

#dinningreview

#YiamYiamSeafood

#Thaicurrycrab","52",,"1","1","46","4",,,"5"
"2","Ginza Onodera – Los Angeles (từng đạt 2* hiện tại 1*)
Trong số rất nhiều nhà hàng omakase mà em từng trải nghiệm, Ginza Onodera ở Los Angeles vẫn nằm vững vàng trong top 3 yêu thích nhất của em. Em đến vào thời điểm nhà hàng còn giữ 2 sao Michelin, và theo cảm nhận cá nhân, danh hiệu đó hoàn toàn xứng đáng. Từ nhịp độ phục vụ đến sự chăm chút nguyên liệu, mọi thứ đều rất hợp gu và khiến em ấn tượng sâu sắc.

Điều thú vị là chính nhà hàng này đã thay đổi hoàn toàn quan điểm của em về uni. Trước đó, mỗi lần ăn uni em đều cảm thấy mắc ói chắc do mấy quán trước uni không được tươi, đến mức tưởng mình bị dị ứng cơ. Nhưng từ khi ăn ở đây thì uni lại trở thành món yêu thích nhất của em. Món em thích nhất hôm đó là chawanmushi với topping uni và caviar. Nó là ví dụ điển hình cho sự cân bằng hương vị: trứng hấp mềm mịn, uni ngọt thanh, caviar mặn nhẹ làm món ăn trở nên tròn vị và sâu sắc. Đây là một trong những món signature của quán. 

Một điểm em đặc biệt thích là có nhiều chefs cùng làm một lúc, nên món ăn được dọn ra khá nhanh mà vẫn giữ nguyên chất lượng. Một điểm cộng to đùng là hôm đó ăn xong bụng no căng. Các món nigiri đều được nặn rất vừa miệng, shape cũng đẹp. Món khiến em ấn tượng nhất là sayori, vì đây là loại cá ít xuất hiện trong các quán omakase khác và chỉ có theo mùa. Em may mắn ghé đúng tháng 1 — thời điểm đầu mùa của loài cá này. Nigiri tôm cũng rất ngon — to, giòn, ngọt thịt. Đặc biệt, đầu bếp còn giới thiệu về nguồn gốc và kích thước con cá ngừ dùng hôm đó: hơn 200kg, em nhớ không nhầm thì đấu giá ở chợ cá về. 

Cuối cùng là món tráng miệng - green tea blancmange. Đây có lẽ là món tráng miệng ấn tượng nhất mà em từng ăn ở một nhà hàng omakase. Vị trà xanh đậm, có một chút đắng nhẹ điển hình của matcha, bên trên là một hạt đậu đỏ to — đơn giản mà tinh tế. Món này cũng là món signature của quán luôn. 

Khi biết nhà hàng omakase yêu thích của mình bị tụt mất một sao, em thấy khá hụt hẫng. Em luôn nghĩ nơi này xứng đáng được giữ vững danh hiệu 2 sao. Nhưng dù sao đi nữa, có sao hay không, em vẫn đã có một bữa ăn rất trọn vẹn và recommend ai có dịp nên thử một lần ạ.

#America

#LosAngeles

#MichelinStar

#Michelin2stars

#Omakase","29",,,,"26","2",,"1","1"
"11","HCMC - nhà hàng Con Gà Trống của anh Nam Phố Xinh - chuyên đồ Việt lai Khmer. Các món đều rất ngon. Nguyên liệu tuyển chọn kỹ và tươi rói. Từ mực một nắng, chả tôm đều tươi ngọt, cắn đã miệng, đầy đặn. Món nọng heo béo nhưng gia vị đậm đà vừa miệng, ăn với bánh bao chiên rất hợp. Đặc biệt các loại rau ăn kèm đều được chăm chút kỹ càng, xốt thơm ngon chứ không hề qua loa. Món mình rất recommend ở đây là cơm tấm, dù đặt hơi phức tạp là trước 24 tiếng và phải từ 8 người. Nhưng mà siêu ngon luôn, từ gạo đến sườn, bì, chả, đồ chua và nước mắm. Tinh hoa. Món tráng miệng ăn chè cũng ưng ý lắm, không bị ngọt, 1 phần to ăn no luôn. Lưu ý 1 phần ăn to, nên lúc gọi món cũng không nên quá nhiều lại ăn không hết
Tiếp khách ở đây lịch sự vì chủ chuyên kinh doanh nội thất nên đẹp, sang trọng và thẩm mỹ
#saigon
#khmerfoods
#diningreview","48",,,,"43","5",,,"1"
"9","[Hội An] Một nơi nhất định phải ghé nếu đi Hội An!

La Table Hoi An là nhà hàng mới mở ngay tại đường vào phố cổ.
Chef và chủ chính là anh Pierre – từng làm hơn 7 năm tại La Maison 1888 (ai mê ẩm thực Pháp chắc sẽ biết nhà hàng này nằm trong resort IC Đà Nẵng).

Mình từng có dịp làm việc chung với anh chef nên tin tưởng tuyệt đối. Không gian ấm cúng, thức ăn thì xịn mịn, service và chef cực kỳ chuyên nghiệp mà thân thiện, dễ thương. Và đặc biệt mình thấy giá cả menu dễ trải nghiệm hơn so với mặt bằng phân khúc này ở Hội An và Đà Nẵng.

Nhiều bạn bè mình đã thử và khách cũng feedback rất tích cực, nên mình mạnh dạn recommend cho ai chuẩn bị đi du lịch Hội An hoặc Đà Nẵng, nhớ note lại địa chỉ này nhaaa!

📍La Table Hoi An: https://maps.app.goo.gl/igJKAm4G1HJdkeMx8?g_st=com.google.maps.preview.copy

#frenchdining #hoian #danang #diningreview","172",,,,"145","27",,,"24"
"15","Không ngờ giữa phố xá đông đúc lại có một nơi “ẩn mình” như Maii Bistro. Ngay từ lúc bước vào, mình đã phải dừng lại từng góc chỉ để ngắm nhìn – không gian đậm chất Việt, đầy chất thơ, với từng món đồ trang trí được chọn lọc kỹ càng, tranh treo tường toàn là tác phẩm của các hoạ sĩ Việt Nam mà mình yêu thích. Cảm giác như đang lạc vào một ngôi nhà cổ được chăm chút bằng cả sự nâng niu. Ngồi từ lúc hoàng hôn buông cho đến khi trăng lên, khung cảnh vẫn đẹp một cách nhẹ nhàng, tĩnh tại.

Cảm ơn team Maii vì một bữa tối ấm cúng, đầy chất thơ, với menu “6 sao” được thiết kế riêng cho gia đình mình bởi chef Thắng. Một buổi tối không chỉ ngon miệng mà còn đong đầy cảm xúc.

Maii Bistro - 46 Tây Hồ
#diningreview
#MaiiBistro","85",,,,"71","14",,,"6"
"2","Kumihimo – Trải nghiệm đậm đà hương vị với tiềm năng hoàn thiện

Bữa ăn gần đây tại Kumihimo là một buổi tối tuyệt vời với những hương vị táo bạo, dịch vụ chu đáo và không gian ấm cúng, dù một vài khía cạnh vẫn còn chỗ để cải thiện. Với mức giá khoảng 6,6 triệu VND, đây là một khoản chi đáng giá cho một đêm đặc biệt.
Người phục vụ của chúng tôi, Duyên, ban đầu khá kín đáo, nhưng khi bữa ăn tiến triển, sự chu đáo và ấm áp của cô ấy đã tỏa sáng, khiến chúng tôi cảm thấy được chào đón thực sự. Không gian rất thân mật, dù hơi tối, khiến việc chụp ảnh khá khó khăn – quay video phù hợp hơn để ghi lại không khí. Lưu ý: giờ gọi món cuối cùng là khoảng 21:30, nên bạn cần lên kế hoạch trước.
Bữa ăn bắt đầu với đồ uống. Cocktail đặc trưng Vocation, được quảng bá là đậm chất umami, khiến tôi thất vọng. Nó quá ngọt, thiếu chiều sâu mặn mà như kỳ vọng, và ngay cả một chút nước cốt chanh cũng không thể cứu vãn. Chuyển sang cocktail Passion là một quyết định sáng suốt – nó đạt điểm với hương vị cân bằng và tươi mát.
Về món ăn, Kumihimo mang đến một số món nổi bật. Súp miso cay là điểm nhấn, tràn ngập hương vị và cực kỳ ấm áp. Yêu cầu phục vụ cơm sushi riêng là một quyết định thay đổi cuộc chơi; kết cấu và gia vị tinh tế của cơm khiến nó trở thành ngôi sao của bữa ăn. Món salad cuốn toro và trứng cá muối thì béo ngậy đầy mê hoặc, dù mùi hơi tanh của trứng cá làm giảm trải nghiệm. Món sashimi tổng hợp, gồm bảy loại cá, mỗi loại hai miếng, tươi nhưng không có gì đặc biệt – không đáng để nhắc đến.
Món bò A5 Wagyu và cuộn tôm hùm trứng cá muối thì cực kỳ đậm đà, gần như quá mức với độ béo ngậy. Ngược lại, cuộn lươn và cá hồi đạt sự cân bằng hoàn hảo, rất hợp khẩu vị của tôi. Về tráng miệng, bánh lava sô-cô-la với kem vani thì ổn nhưng có thể hấp dẫn hơn nếu bánh được phục vụ nóng hơn để làm nổi bật phần nhân tan chảy.
Tổng thể, Kumihimo mang đến một trải nghiệm ẩm thực vững chắc với những món đáng nhớ như cơm sushi và súp miso cay. Dù một số yếu tố, như cocktail Vocation và topping trứng cá muối, chưa thực sự đạt chuẩn, dịch vụ chu đáo và không gian ấm cúng đã tạo nên một buổi tối dễ chịu. Nếu bạn tò mò, Kumihimo đáng để ghé thăm để tự mình cảm nhận.

P/S: nhà hàng nằm trong khuôn viên JW Marriott Hanoi

#diningreview
#hanoi
#kumihimo","21",,,,"17","4",,,"1"
"6","Barbak - 22 Quảng an Tay Hồ
Đợt này ăn lại Barbak thấy tổng thể ngon hơn hẳn so với hồi đầu mới mở. Không biết do 2 mẹ con ăn hơi muộn bị đói hay là nó ngon hơn thật 😆😆 
Gọi 1 đống đồ vẫn ăn hết sạch.
💥Tuy nhiên là có Tokbokki Cabonara quá nhạt, cảm giác chef quên cho muối. Sau khi cho muối với tiêu vào ăn lại ngon như bth  🤣
💥Bánh táo nhìn đẹp nhưng ăn cũng ko ngon lắm 🤪🤪
💥Thịt cua củ dền cá hồi ăn lạ lạ hợp miệng bạn nhà em. 😆😆 
Các món còn lại ngon ạ. 
Mỗi tội đi về quên mất túi khoai tây chiên , bảo nvien gói mang về giúp,khách quên mà xong các bạn ý cũng quên mất k đưa lại cho mình 🤪🤪
#hanoi
#diningreview","98",,,,"89","9",,,"11"
"5","**Quán Umai Omakase ở 29 Trần Nhân Tông — đi gặp đối tác mà thành ra lại được ăn ngon bất ngờ  **

 ✨** **Thực ra cũng không phải lần đầu ăn omakase, nhưng lần này thì chọn quán Umai Omakase ở 29 Trần Nhân Tông vì mình cần chỗ lịch sự, riêng tư mà không quá phô trương. Không gian nhỏ thôi, quầy gỗ vòng cung, ngồi ngay trước bếp nhìn đầu bếp làm từng món cũng vui mắt, vừa đủ để trò chuyện công việc mà không bị ồn ào.

 ✨ Ở đây set giá thì không rẻ kiểu ""bình dân"" nhưng cũng dễ chịu so với nhiều chỗ omakase khác ở Hà Nội. Mình ăn set 2tr6/người, tổng khoảng 10 món, chưa tính đồ uống. Mỗi món lên một ít, ăn từ sashimi, nigiri, uni đến lươn nướng, sò điệp... Đầu bếp giới thiệu từng món rất ngắn gọn, đủ để biết đang ăn gì mà không bị dài dòng làm mất nhịp trò chuyện.

✨ Điểm mình khá thích là đồ tươi, làm cẩn thận, vị lên rõ nhưng không bị cầu kỳ phức tạp quá. Các bạn phục vụ thì tinh tế, nhẹ nhàng, vừa chuẩn fine dining mà cũng gần gũi thân thiện.

Nói chung, ai quen ăn omakase rồi thì sẽ thấy set ở đây thuộc dạng chỉn chu, phù hợp để thử trong mấy dịp đặc biệt. Mà nếu cần không gian lịch sự để gặp gỡ đối tác kiểu nhẹ nhàng thì đây cũng là lựa chọn ổn áp đó.

✨ Mỗi người một gu nhưng cá nhân mình thấy đáng thử. Mà mô hình Omakase này hay lắm, mỗi hôm một món cơ, chả hôm nào giống hôm nào. Chắc lần sau sẽ thử xem các set khác có gì thú vị nữa không 

 🌸Địa chỉ: Umai Omakase — 29 Trần Nhân Tông, Hai Bà Trưng, Hà Nội 

#omakase #diningreview #hanoi","66",,,"1","59","6",,,"9"
"4","Có ai giống mình không, mê đồ Nhật mà dạo này chuyển sang ăn theo kiểu lành mạnh hơn 🌿🍚

 Và nhờ vậy mà mình tình cờ biết tới món cơm sữa đậu nành ở Yakuzen – phải nói là một trong những món “lạ mà gây thương nhớ” nhất mình từng ăn.

Nghe tên thì tưởng “khô khan”, nhưng thật ra món này vị thanh, béo nhẹ tự nhiên, không dầu mỡ, không nêm nếm quá đậm chỉ tập trung vào hương vị tự nhiên, kiểu ăn xong thấy bụng nhẹ tênh mà vẫn đủ chất rất dễ chịu  – đúng chất dưỡng sinh Nhật Bản.

👉 Ai theo lifestyle eat clean, thực dưỡng hoặc đang cần reset cơ thể nhẹ nhàng thì nên ghé thử nha.

 Yakuzen còn có deal tặng chả giò cá hồi cho khách đặt bàn trước nữa – món này ăn cùng cũng thú vị lắm. Highly recommended cho mọi người nha,

📍 Yakuzen Healthy Restaurant 
4-6 Nguyễn Thị Diệu, Q.3

#saigon 
#YakuzenHealthyRestaurant
#DiningReview","31",,,,"26","5",,,"2"
"17","📍Quinza – 15A Ngọc Thụy, Long Biên, Hà Nội

Quán nằm hơi xa trung tâm nhưng có không gian thoáng, ngồi ngoài trời có thể nhìn ra sông Hồng và thấp thoáng cầu Long Biên. Phù hợp cho một bữa brunch cuối tuần hoặc buổi tối khi thời tiết mát mẻ.

Mình gọi các món sau:

🥗 Salad chèvre – rau xanh tươi, phô mai dê mềm, đu đủ, óc chó, vị nhẹ mà hài hoà, ăn khá cuốn.
🧀 Crepe mặn Seguin – vỏ bánh giòn, nhân phô mai dê – thịt xông khói – hành caramen, kết hợp ổn.
🍕 Pizza half-half (Salmone & Alpino) – phần viền & đế của Alpino bị cháy, đế hơi khô. Có góp ý và được giảm giá 50%. Mình không thích ￼ phần topping của hai vị này.
🥩 Sườn cừu Úc nướng củi – thịt tươi, nướng tái, nên ăn vẫn còn dai, nhưng vị ướp khá ngon.
🍯 Crepe ngọt Bigoudeme – vỏ mỏng, mềm, ăn nóng với kem lạnh và hạnh nhân giòn khá thú vị.

Thực đơn còn nhiều món khác như hải sản lạnh, pate, pasta và lasagna nhưng mình chưa thử. Ly rượu uống hôm đó khá ổn. Nhân viên dễ thương nhưng còn non kinh nghiệm, hơi lúng túng khi tư vấn món.

📄 Tổng hoá đơn: 1.644.000 VNĐ cho 2 người (có 1 ly rượu và nước khoáng).
📊 Đánh giá:
– Đồ ăn: 8/10
– Không gian: 8/10
– Dịch vụ: 7/10

Nếu bạn thích salad, thịt nướng hoặc crepe mặn, ngọt thì menu ở đây có vài món bạn sẽ thích. Pizza thì mình nghĩ có thể chọn nơi khác ổn hơn. Không gian ấm, phù hợp ăn tối nhẹ nhàng, chill chill cuối tuần.

#DiningReview
#HanoiDining
#TasteWithStyle
#FoodieWithClass
#EveningEats","49",,"1",,"44","4",,,"9"
"16","10 điểm cho Viên Dining - số 3 ngõ Bà Triệu, Hà Nội ạ
Quá xứng đáng nằm trong danh sách Michelin Selected 2025 

Hoa đẹp tuyệt vời by Liti Florist 🥰

Đồ ăn em review từng món dưới comment ạ
#diningreview 
#hanoi
#michelinselected","62",,"2",,"53","7",,,"5"
"0","Tiramisu by Vincenzo.

Từng nghe tiếng tiệm này bán Tiramisu ngon nhất Thành phố nên bữa nay đến thử.

*Không gian:Quán yên tĩnh xinh xắn ở 1 góc Thảo Điền.

*Chất lượng:Bánh Tiramisu ở đây xài nguyên liệu tốt,Mascapone béo thơm mịn tan ngay trong miệng ,bánh không quá ngọt thơm chút rượu và cafe . Tiệm sử dụng Lady Finger đúng chứ không phải dùng bánh bông lan. Nhưng nếu nói ngon nhất Thành phố thì hơi quá. Nhưng tổng quan mình đánh giá Tiramisu ở quán làm ngon không có gì chê. Giá cũng bình dân. 

Nếu bạn nào thèm Tiramisu thì ở đây là 1 nơi đáng thử.
Quán có những loại Tiramisu ổ lớn.Có nhiều vị để lựa chọn

Địa chỉ: 62 Đỗ Quang,Thảo Điền. Q2. Tphcm

#diningreview
#tiramisu
#tphcm
#thaodien","40",,,,"39","1",,,"8"
"8","The Slow Coffee Hội An

Thêm một quán cafe bỏ túi vì view siêu chill và cafe ngon hợp vị. Mình thích đi lúc sớm vì vắng và mát chứ tầm 10h trưa là đông đúc, ồn ào và nắng gắt nữa. Ghé ăn bánh mỳ Madam Khánh xong ra đây ngồi cafe chill chill là hoàn hảo 🫶

#theslowcoffee
#dining review","27",,,,"25","2",,,"2"
"4","ROKA FELLA

Nằm ngay trung tâm Thành phố Hồ Chí Minh, nơi các hương vị hòa quyện và bí mật ẩm thực được hé lộ, Roka Fella là một viên ngọc ẩn mình—trải nghiệm omakase tuyệt vời nhất. Vào một tối thứ Ba, tôi và em họ, khao khát một cuộc phiêu lưu ẩm thực tinh tế, đã tìm đến đây. Nhà hàng trống vắng, chỉ có chúng tôi—một đặc ân hiếm có.
Chúng tôi chọn thực đơn omakase 16 món, một bản giao hưởng hương vị được dàn dựng bởi một đầu bếp sushi dày dạn kinh nghiệm. Trẻ trung nhưng đầy tài năng, anh tiết lộ tám năm tận tụy với nghệ thuật tạo ra những miếng sushi tinh tế. Ngồi đó, vị giác tôi rạo rực, tôi nhận ra tuổi tác đã mài giũa sự tinh tường của mình. Tôi không còn chấp nhận sự tầm thường; mỗi miếng ăn phải cất lên một giai điệu.
Hành trình bắt đầu—món đầu tiên, một vụ nổ hương vị từ tôm và trứng cá tầm. Chỉ đơn giản vậy, nhưng nó nhảy múa trên đầu lưỡi như một bài sonnet. Các món tiếp theo dần hé lộ: sushi tươi rói, một số được điểm xuyết bởi lớp vàng mỏng manh. Rồi đến món súp bông cải trắng thanh tao—một nghịch lý của sự mịn màng và nhẹ nhàng. Làm sao một thứ mượt mà đến vậy lại có thể nhẹ nhàng đến thế? Tôi thưởng thức từng muỗng, không chút áy náy.
Khi món lươn nướng trên cơm xuất hiện, tôi đã chạm ngưỡng no đủ. Sự đậm đà của unagi, lớp cơm êm ái—một đỉnh cao của hương vị. Nhưng hãy cùng nhìn vào những chi tiết—những góp ý mang tính xây dựng:
1.  Tươi ngon tuyệt đối:
 •  Sò điệp và tôm ngọt—trái tim tôi khao khát chúng trong trạng thái tươi nguyên, không chút can thiệp. Chỉ một chút nhiệt thôi, bản chất của chúng sẽ tan biến. Hãy để hơi thở của biển cả tự cất lời.
2.  Súp miso phá cách:
 •  Cà chua trong súp miso—một sự kết hợp bất ngờ. Có lẽ đó là một bản song ca hài hòa giữa đất trời và vị umami. Hãy để nó hấp dẫn, nhưng đừng lấn át.
3.  Nấm truffle và sự cân bằng:
 •  Nấm truffle, trứng cá tầm, gan ngỗng—bộ ba xa xỉ. Nhưng sự tiết chế là kim chỉ nam. Hãy để làn gió biển vương vấn, không bị lấn lướt bởi sự dư thừa.
Và thế là chúng tôi đã dùng bữa—một bản giao hưởng của kết cấu, một vũ điệu của hương vị. Quả thực là trải nghiệm omakase tuyệt vời nhất, với mức giá hợp lý. Khi màn đêm ôm lấy chúng tôi, tôi rời đi với tâm hồn no đủ, trăn trở về sự cân bằng tinh tế giữa dư dả và kiềm chế.

#diningreview
#saigon
#rokafella","33",,,,"28","5",,,"6"
"13","TOK HỘI AN

Cái nóng của Hội an thật đáng sợ nhưng trót book ăn trưa rồi thì vẫn phải lên đường thôi. Mùa này không có lúa, cảm giác nóng bức cùng với cánh đồng trống trơn  khiến mình có chút e ngại khi bước từ xe xuống. Ấy vậy mà không gian thoáng đãng và gió vừa đủ để xua đi cái nóng oi ả. Mình chọn mấy món kiểu mát mát, nhè nhẹ vì không muốn bữa trưa quá nặng bụng. Đồ ăn cũng ổn áp, vừa vặn nhưng chưa có gì để wow. Ngồi tối hoặc qua đúng lúc lúa xanh ngát hoặc chín vàng chắc rất thú vị.

#tok
#diningreview","61",,,,"58","3",,,"4"
"4","NÉN ĐÀ NẴNG

Một bữa tối diễn ra hơi vội, nhưng vẫn đủ để mình cảm nhận trọn vẹn hành trình ẩm thực qua thực đơn 7 món của Nén. 

Ấn tượng nhất với mình chính là sự sáng tạo đầy cảm hứng của Chef và cái cách họ trân trọng những sản vật quê nhà, và khéo léo kể lại những câu chuyện thân thuộc, mộc mạc qua từng món ăn. 

#nén
#diningreview","48",,,,"43","5",,,"4"
"4","Akuna xứng đáng với đánh giá 1 sao Michelin của mình - một ví dụ hoàn hảo về ẩm thực cao cấp hiện đại. Lần đầu tiên tôi trải nghiệm phong cách này là tại Commis, một nhà hàng 2 sao Michelin gần Berkeley, nơi một món salad trông giống thạch bùng nổ với hương vị tươi mới của một khu vườn. Akuna xuất sắc trong cách tiếp cận sáng tạo này, sử dụng các kỹ thuật hiện đại để gây bất ngờ với những cách trình bày độc đáo, đồng thời giữ được hương vị và mùi thơm chân thực, hoặc khéo léo phá cách với những món ăn trông quen thuộc nhưng mang hương vị hoàn toàn mới.
So với East, nơi đầu bếp Ngô Thanh Hòa với phong cách nấu ăn hiện đại đạt 4 sao vững chắc, Akuna tỏa sáng hơn với trải nghiệm trọn vẹn 5 sao. Tôi chắc chắn sẽ quay lại.
Một lưu ý: các món khai vị có xu hướng sử dụng nhiều vị chua, điều này khiến dạ dày trống của tôi hơi khó chịu. Tôi đã yêu cầu bánh mì và bơ để cân bằng lại. Nếu bạn có dạ dày nhạy cảm hoặc đến khi đói, hãy cân nhắc báo trước cho nhà bếp.

#diningreview
#saigon","45",,,,"42","3",,,"2"
"4","East bởi Ngô Thanh Hòa – a solid 4 stars experience 

1.  Cocktail Home Sweet Home: Một sự kết hợp tuyệt vời của me với các nốt hương chua, cam quýt và ngọt được cân bằng. Tôi chỉ ước nó được phục vụ lạnh hơn, vì khu vực ngồi gần bếp mở khá nóng.

2.  Xôi Chiên: Được trang trí với lá sarsaparilla thơm lừng, món ăn này có kết cấu giống mochi với nhân mặn, đậm đà và nước chấm chua. Những chiếc lá độc đáo nâng tầm hương vị, khiến món này nổi bật.

3.  Salad Vườn: Được phục vụ với ba loại nước chấm khác nhau, nhưng món salad này không đạt kỳ vọng. Rau xanh hơi héo, thiếu độ giòn tươi mà tôi mong đợi. Nhiệt độ từ bếp mở có thể đã ảnh hưởng.

4.  Cua Lột: Giòn, ngon và tươi mát, món này dễ ăn nhưng không đặc biệt sáng tạo hay gây bất ngờ.

5.  Tôm Sốt Laksa: Món tôi ít thích nhất. Tôm thì ngọt và tươi, nhưng không hòa quyện với nước sốt. Bản thân nước sốt, với vị cay giống satay, rất đậm đà nhưng cảm giác không liên kết với món ăn.

6.  Má Lợn Nướng Ngũ Vị: Một món ăn cân bằng tốt với má lợn mềm, béo ngậy kết hợp cùng cà rốt muối, củ sen và đậu xanh nghiền. Nước chấm chua đã gắn kết mọi thứ một cách tuyệt vời.

7.  Chim Cút Ngũ Vị: Bản thân chim cút nhạt, phụ thuộc nhiều vào nước sốt quá mặn để tạo hương vị. Khi ăn cùng nhau, món này tạm ổn nhưng thiếu yếu tố gây ấn tượng – không có gì đáng nhớ.

8.  Cá Răng Mực New Zealand: Điểm nhấn của buổi tối. Cá được nấu chín hoàn hảo, ngấm sốt miso cay, kết hợp với salad cam và bưởi tươi mát. Dễ dàng là món yêu thích của tôi.

9.  Tráng miệng: Kem Hương Quê: Chỉ ở mức bình thường.

IMO:  East mang đến trải nghiệm ẩm thực cao cấp 4 sao vững chắc nhưng chưa đạt đến tầm ẩm thực cao cấp hiện đại thực sự. Việc phục vụ salad với ba loại nước chấm không được xem là sáng tạo, cũng không thách thức vị giác một cách độc đáo như ẩm thực hiện đại nên làm. Các món yêu thích của tôi là xôi chiên và cá răng mực. Salad gây thất vọng vì rau héo, và tôm sốt laksa thiếu sự gắn kết. Các món khác dễ chịu nhưng không nổi bật. Ngồi gần bếp mở mang lại góc nhìn sôi động về hoạt động bếp, nhưng nhiệt độ có thể gây khó chịu – điều cần lưu ý.

#diningreview
#saigon","45",,,,"44","1",,,"0"
"6","Yazawa vẫn luôn ở một phân khúc khá cao trong lòng mình và đúng như dự đoán thì Yazawa không phản bội mình dù ở HN :3 
Đây là lần đầu mình thử Yazawa ngoài HN và mọi thứ trên cả tuyệt vời!
Lần này mình thử course Ha Noi Special và thực sự mình phải wow với từng món một từ cách trang trí, chất lượng thịt, sự hài hoà đến từ thứ tự sắp xếp các món ăn.
Vì mình không hiểu về rượu lắm nên mình chọn set wine pairing cho nhanh và đỡ phải suy nghĩ nhiều. Set      wine cho mỗi người là 4 ly với độ đậm vị của rượu tăng dần để phù hợp với từng món ăn. Đợt này may mắn nên nhóm mình được cửa hàng trưởng của nhà hàng phục vụ nên mình thực sự quá hài lòng với chất lượng đồ ăn và chất lượng phục vụ ở đây.

Yukke thì tuyệt với trên cả tuyệt vời, độ ngọt tự nhiên đến từ loại thịt bò cao cấp khiến mình cạn lời, không biết diễn tả sao….
Lưỡi bò dày, thơm ngon! Quá hợp với sốt ponzu hoặc chấm với sốt mơ cũng đủ đỉnh.
Cũng như Yazawa SG thì món Yazawa Yaki là sự lựa chọn không thể thiếu ở Yazawa. Nhưng nước sốt hơi khác trong SG vì họ có dùng củ khoai mỡ?(kiểu nước sốt khoai sền sệt làm sốt). Mình hỏi sao sốt lại khác trong SG thì anh cửa hàng trưởng có nói là ngoài này có 1 số nguyên liệu họ không mua được nên họ đã phát triển loại nước sốt này cho chi nhánh ngoài HN. Đồng thời, sự thay đổi trong cách nấu món ăn giữa 2 chi nhánh cũng giúp trải nghiệm khách hàng tốt hơn và có lý do cho khách đến HN để thử dù có thể họ đã ăn ở Yazawa SG. 
Mình thấy yazawa yaki với nước sốt đặc biệt này quá đỉnh!!!
Course này hơi nhiều nên đến món cơm thì dù nó quá ngon nhưng cũng không thể ăn hết được… 
Bọn mình có 5 người mà không ăn hết 1 thố cơm vì quá to và nhiều.
Tráng miệng dưa lưới Fuji đỉnh của chóp! Dưa gì mà vừa thơm vừa ngọt vừa đẹp ý ạ :(( 
Mình ăn ngon, hạnh phúc mà lại không đủ ngôn từ để diễn tả hết…. 
Thực sự quá là ưng Yazawa… ngoài việc giá cao thì mọi thứ quá là hoàn hảo ạ! Phí thuế tính ra cũng cao ngất ngưởng….

#diningreview
#hanoi
#yazawa","22",,"1",,"21",,,,"1"
"4","HCMC - nếu cần chỗ tiếp khách nước ngoài, giới thiệu ẩm thực Việt mà vị trí trung tâm, giá hợp lý thì Secret Garden tại 19 Lê Công Kiều, Q.1 là lựa chọn tốt. Món miền Nam, khá đa dạng. Mấy món truyền thống kiểu cuốn, bánh khọt, đồ ăn nấu rất an toàn vừa đủ, không chê. 
Tráng miệng có chè 2 loại là chè bưởi và chè chuối dở cả 2 đừng gọi
Theo mình thấy cũng một 9 một 10 với Mặn Mòi nhưng giá thấp hơn tầm 20%, rất đáng cân nhắc. Và đẹp, set up trong nhà gỗ, cửa kính to nhìn ra vườn cây xanh mát, không bị xô bồ, các cụ ra vườn chụp hình cũng xinh 
#saigon
#monviet
#diningreview","44",,"1",,"40","3",,,"4"
"10","Màu - 5 Văn Miếu (7/10 điểm) 
1 quán đi date mới cuối tuần. Menu k có quá nhiều món và có thay đổi theo mùa. 
• Bên ngoài quán tke trông hơi giống quán cafe hơn là nhà hàng ăn.
• Điều thích nhất là ánh sáng tầng 2 rất đẹp. Ấm cúng cozy tối tối thích hợp đi date nhưng khi lên ảnh lại rất nịnh mắt. 
• Đọc review mng chê cách nhân viên pvu. Nvien chưa được đào tạo kĩ để hiểu về đồ ăn để tư vấn nhưng rất ngoan và nhiệt tình. Tuy nhiên k phù hợp với pcach nhà hàng lắm.
Review những món mình đã thử: 
1. Bánh mì brioche cực ngon vì trong mềm và ấm nóng, vỏ phủ đường ngọt nhẹ. Ấn tượng bơ ăn kem vừa có chút mặn chút ngọt mà rất ngậy thơm ( must try) 
2. Cá tẩm bột kèm sốt thì là màu xanh, thanh chua nhẹ hợp và lạ tuy nhiên cá chiên chưa ráo dầu ( bình thường) 
3. Ngôi sao sáng của Màu chính là thịt bê tái ăn với puree tỏi đen, thính gạo, sốt kem,... nhg với cá nhân mình thấy không hợp trong menu lần này. Cảm giác k biến tấu khác lạ so với thịt bê tái ăn ngoài hàng chuyên về bê….. ( chê)
4. Mỳ mực ăn kèm xúc xích k quá ấn tượng. Mỳ màu mực chứ k có vị mực ( bình thường)
5. Thịt lợn Duroc nướng rất ngon, thơm smoky, thịt mềm, juicy, viền thịt nướng giòn, ăn kèm cơm nấm shitake. 1 suất thịt rất bự phải 3 người ăn. 2 ng mình ăn cố k nổi >•< ( must try)
6. Bánh Dessert mình gọi thử cheesecake khoai lang kèm kem. Cheesecake ăn tới lớp ngoài mới thấy rõ vị khoai lang nướng thơm. Nhưng ăn no xong k recommend mng ăn món này vị ăn xg k tiêu mà no đầy lắm ( bình thường) 
Kết thúc bữa nhà hàng có mời tke chai vang theo ý thích và mang về hoặc bày tại quán. Rất trẻ trung. Khá hay 👌🏻
#diningreview","91",,,,"80","11",,,"9"
"19","BÒ KHO ÔNG BÀ GIÀ
Hay đi ngang tiệm này nhưng cũng không để ý. Tình cờ 1 hôm Nguyễn Thị Hồng Nhung  gửi cái clip của Chef Luke Nguyễn đến đây ăn rồi bảo mình đi ăn thử. Thấy cũng hấp dẫn nên hôm nay ghé ăn thử luôn.

Không gian xinh nhỏ nằm cuối con đường Trúc Ly yên tĩnh. Quán dùng máy lạnh nên khi vào nghe mùi bò kho bay khắp quán không được thoáng lắm.

Hôm nay mình chọn sợi mỳ làm bằng tay với trứng ngâm tương chấm với Bò Kho. Style khá giống của Nhật. Giá 115k

Hương vị Bò kho thơm ngon nhưng hơi nồng mùi quế hồi. Thịt bò cắt bảng to. Nước trong không bị nhiều mỡ. Sợi mỳ tươi to bảng ăn rất đã.

Địa chỉ: Bò kho Ông bà già
70 Trúc Đường. Thảo Điền. Q2 Tphcm
#Diningreview
#tphcm
#bokho
#thaodien","45",,,,"41","4",,,"5"
"10","🌿 Sente – Một góc ẩm thực Việt thanh nhã giữa phố cổ Hà Nội
3 năm liên tiếp nằm trong danh sách Michelin Selected (2023, 2024, 2025) Sente (Nguyễn Quang Bích, Hà Nội) là một nhà hàng mang đậm hơi thở Việt Nam, từ không gian đến món ăn.

🪴 Không gian và thiết kế:
Nhà hàng được bao quanh bởi nhiều cây xanh, decor giản dị nhưng tinh tế, mang lại cảm giác mộc mạc, gần gũi.

Vị trí nằm trong khu vực phố cổ, nên Sente cũng là điểm đến thu hút khá nhiều khách nước ngoài tìm kiếm trải nghiệm ẩm thực Việt đích thực.

🍽️ Ẩm thực & trải nghiệm:
Giá cả tầm trung, khoảng 200.000 VND/người, nhưng chất lượng đồ ăn rất ổn.

Mình đã thử khoảng 5–6 món, trong đó:

Hải sản tươi, giòn, vị ngọt tự nhiên.

Các món rau củ cũng tươi, được chế biến đơn giản nhưng tròn vị.

Món nào cũng được decor đẹp mắt, cho thấy sự chỉn chu từ khâu nguyên liệu đến cách trình bày.

Là người khá dễ ăn, nhưng mình vẫn cảm thấy mọi thứ ở đây đều trọn vẹn và hài lòng. Không có cảm giác vội vàng hay qua loa, mà mọi thứ đều nhẹ nhàng, đủ tinh tế để khiến bạn muốn quay lại lần nữa.
 Tóm lại:
Sente là lựa chọn rất xứng đáng để thử, dù bạn là người bản địa hay khách nước ngoài.
Không cần sang trọng quá mức, mỗi chi tiết ở đây đều kể một câu chuyện Việt giản dị mà tinh tế – đúng tinh thần của một địa chỉ được Michelin chọn mặt gửi tên.
#diningreview #Hanoi","61",,"1",,"53","7",,,"3"
"13","HCMC - tình yêu Nephele Restaurant nói trước mình rất thích nhà hàng nên sẽ hơi thiên vị. Menu ngon từ đầu đến cuối. Chốt là thế, không ăn là thiệt thòi, trăn trở
Tầng trệt:

- lươn nước ngọt của nhật được hun khói và nướng. Glaze với một lớp sốt nhẹ được làm từ hạt dổi, ở giữa là hạt bo bo được lên men và nấu risotto. Ngọt và béo từ lươn cộng với cảm giác ngọt tinh bột nhẹ của bobo. Thời bao cấp gian khổ ăn bo bo mà ngon thế này có phải tốt không 
- Brittany oyster của David Herve được trần
trong sốt beurre blanc cùng với dầu lá thông. Bên dưới là hành baro nướng, hạt thông. Ở trên là hành baro cắt sợi chiên giòn, bột rong biển nori và ớt sợi. 
Lên gác:
- Tomato salad: cà chua cherry Đà Lạt ngọt được lột vỏ và để nguyên. Ở bên dưới là cà chua thịt được sấy cùng dưa hấu và tảo bẹ, texture rất giống thịt, giữa là một ít đá bào từ chanh bergamot, dầu chorizo và ăn kèm cùng với rau mizuna và hoa cẩm chướng. Và đặc biệt nhất là nước cà chua, sảng khoái và rất ngọt ngào
- măng tây trắng tempura, măng tây xanh được nướng trên lửa than, kèm mầm đậu ngọt. Ở giữa thì có parfait foie gras de canard, rất icecream texture, nền ở dưới thì có parmigiano reggiano, tiêu lốt và hạt phỉ. Món này mình siêu thích vì xử lý gan ngỗng y như kem lạnh, mà không bị mùi gây của gan. Nhưng ai mà thích gan ngỗng kiểu truyền thống lại không thích vì chê mất mùi đặc trưng. Khẩu vị cá nhân 
- Cồi sò điệp áp chảo, bên ngoài được quấn một lớp bacon. Điểm đặt biệt là dùng chung với xốt
nấu từ chân giò và mỡ iberico. Nấu rất hoàn hảo
- Bánh mỳ Miso Sourdough được nướng mới mỗi ngày của Thuận (con men được nuôi 8 năm), bơ truffle và mật ong nguyên tổ. Món này là cực kỳ ngon. Theo bạn mình, người đi khắp nơi và rất mê ăn uống thì bánh mì này ngon nhất trong đời.
-Bồ câu, dry-aged 4 ngày nướng medium – rare. Xốt vanilla, puree là củ sunchoke nướng vàmận hậu. Ngon lém, rất juicy 
- Món cừu ở đây làm 2 đứa vốn dĩ không thích mùi cừu gây say mê. Đặc biệt là sườn cừu rất ngon, có mỡ ngậy nướng than thơm lừng. Xốt dầu lá sung, ăn kèm puree tỏi và phomai, lá lốt được nhồi fig salsa. 
Tráng miệng rất ngon
- Kem gạo rang ăn cùng với dầu hạt óc chó và kẹo hạt óc chó, trứng cá tầm Krystal Kaviari. - - - Dark chocolate mousse và được cold smoked, ăn cùng với drunken cherry, granite từ phần nước của drunken cherry
Xuống bar dưới nhà tiếp: 
- Rum Canele, ngoài giòn và trong mềm hơi dẻo rất chuẩn
- Coffee mousse, tan chảy trên lưỡi cũng là kết thúc hoàn hảo
P/S: tối qua rất hoàn hảo, đồ ăn, rượu ngon. Chúc mừng Paul rất xứng đáng nhận sao Michelin. Em luôn là số 1 với chị 
#Michelin
#saigon
#diningreview","86",,"2",,"69","14",,"1","5"
"34","Recommend cả nhà đi Hội An ra đây ăn, nhiều đặc sản Cù Lao Chàm và có cơm niêu gia đình giá rất okela mà tươiii, nấu rất vừa miệng . Cơm canh hay hải sản đều ngon
Nhà mình gọi như sau chỉ hết có 1tr5

Tôm càng xanh thiên nhiên sông Thu Bồn. 2 chú tôm đẫm gạch size XL nướng 
Tôm đất sông Thu Bồn rang 
Canh cua đá Cù Lao Chàm nấu rau muống 
Cơm trắng 
Cà muối chấm mắm nêm
Ba chỉ rang cháy cạnh 

( con cua đá Cù Lao Chàm này rất đặc biệt mọi ng tìm hiểu là biết nha, chỉ có mùa thôi. Chồng e năm ngoái ra tận đảo ăn con cua đá hàng chuẩn bảo là con to n hiếm lắm có tem mã vạch cơ, nhà hàng này bán cua trông nhỏ nhỏ e đoán chắc bắt chui chứ cái này k đc đánh bắt bừa bãi vì nguy cơ tuyệt chủng.
Cái gạch cua vị rất khác vì n ăn lá rừng, lá thuốc ở đảo Cù Lao Chàm, lừoi gặm thì gọi bát canh cua như e la đc 2 con , hoặc muốn thử nguyên bản độ đặc biệt thì nên mua cua riêng để ăn hấp mộc ) 

Tay nấu vừa vặn, đậm đà. Bố mẹ chồng e rất kén miệng mà còn khen đấy ạ, nên ai đi cả gia đình nhiều thế hệ thì hãy qua đây là yên tâm
Location đỗ xe thoải mái, to rộng thoáng mát
Phục vụ nhiệt tình 

Ăn cơm  thì đi trưa nha tối hon k phục vụ cơm đâu ạ. 
E hỏi thử giá vài loại hải sản để so sánh thì còn rẻ hơn ra biển An bàng ăn cơ nhất là cái ngao biển 

Menu ảnh cuối các bác tham khảo
📍 Hải Sản Hội An 
138 Hai Bà Trưng - Hội An

#Diningreview
#Hoianseafood
#HaisanHoiAn","211",,,,"193","18",,,"67"
"13","Hidden bar đậm chất Mexico🇲🇽
Ẩn mình giữa phố cổ Hội An, Mezcal Coctelería là một hidden bar đúng nghĩa .. nhỏ, kín đáo nhưng cực kỳ cuốn hút. Đây là quán cocktail đầu tiên ở Việt Nam chuyên về rượu agave như tequila và mezcal, mang đến một trải nghiệm đậm chất Mexico từ hương đến vị.

Menu cocktail đầy sáng tạo với nguyên liệu như ớt khô Mexico, các loại gia vị đặc trưng và đặc biệt là 12 loại rượu ngâm dứa Nam Mỹ (infused mezcal) – trong đó có loại được mang trực tiếp từ Mexico về! Mỗi loại đều có hương vị riêng biệt, cay – khói – chua – ngọt tùy loại, cực kỳ nịnh vị giác.

🍹 Tối nay mình thử 2 ly :
Una Pera Picante: mezcal nền, vị lê thanh, cay nhẹ, hậu vị khói cực thơm và chua của lime

Ly 2 là  xí muội  có  purée đào và hibiscus-infused tequila – chua cay mặn ngọt fruity my-gout cực thơm và ưng ... Đặc biệt là được chọn muối cho viền ly – có đủ loại như muối hồng, muối chanh ớt, muối kiến vàng, muối tôm, muối xí muội … một chi tiết nhỏ mà khiến mỗi ly cocktail trở nên cá nhân hoá và thú vị hơn hẳn.

📍 Không gian ở tầng 2 view phố cổ ( nghe nói nhà hàng bên dưới và cocktail bar này cùng chủ ) , quầy bar nới chuyện thoải mái hoặc ra ban công ngồi ngắm phố, ánh sáng đúng chất hidden bar , chill và vui vừa đủ với list nhạc latin ( mùa đông mê jazz thì hè là phải mê nhạc latin nha quý zị ơiiii ) . Quán bar tke k cầu kì, bạn bartender nói là anh chủ tự tay decor và trang trí, vẽ lên tường để tái hiện cái chất của Mexico 

Ở đây có vài món đồ nhắm 😆 ai mà lười ăn tối thì ghé đây tán gẫu ăn nhẹ là ok.11h30 last order, 12g đêm close ! 

Ai mê cocktail và thích khám phá hương vị mới lạ – #MezcalCoctelería là một điểm đến không thể bỏ qua khi ghé Hội An !

#Diningreview
#hiddenbarinHoiAn
#CocktailbarHoian","81",,,,"76","5",,,"10"
"27","🍣 Sushi Tiger – Sushi băng chuyền của người Nhật tại Hà Nội
📍1144 Đê La Thành, Ba Đình, Hà Nội

Quán mới khai trương được 3 hôm nhưng đã rất đông khách. Mình biết tới nhà hàng vì cùng chủ với Fume ở TP.HCM nơi mình từng ăn Omakase. Menu tại đây do chính bếp trưởng người Nhật cũng là chủ Fume lên công thức và kiểm soát chất lượng, nên mình rất kỳ vọng. Thật may, trải nghiệm hôm nay từ món ăn đến phục vụ đều khiến mình hài lòng.

Điểm mình ấn tượng nhất là quán có bếp trưởng và 3 quản lý người Nhật, túc trực theo dõi quầy, kiểm soát món ăn ra đều và sẵn sàng hỗ trợ khách.

🍥 Sushi băng chuyền chia theo màu đĩa với các mức giá khác nhau mình chọn nhiều nhất các đĩa giá từ 30.000đ đến 50.000đ, rất hợp lý. Ngoài ra, nếu bạn muốn trải nghiệm đầy đủ hơn, có thể quét mã QR để gọi riêng từ bếp, chất lượng cá sẽ tươi và cao cấp hơn.

Mình đi một mình nhưng vẫn ăn được kha khá để thử vị:
– Sushi bụng cá hồi, bụng cá ngừ, cá ngừ thường, sushi lươn nướng, sushi sò điệp, sushi tôm…
– Salad rong biển bạch tuộc, bánh bạch tuộc chiên, soup,…
– Tráng miệng: bánh khoai lang trà xanh (vị ổn, hơi nhỏ)

🧑‍🍳 Quan sát thấy khoảng 70% khách là người Nhật, còn lại là khách Việt. Người Nhật thường gọi theo menu đủ đầy các món sushi, salad, món chiên, món nóng và súp miío.

📌 Lưu ý nhỏ: Quán đông, có hôm 19h30 đã ngừng nhận khách vì hết đồ tươi (vì đồ được đặt theo ngày). Nên nếu muốn trải nghiệm, bạn nên đặt bàn trước.
📌 Không gian gọn gàng, sạch sẽ. Trà xanh miễn phí, gia vị đầy đủ tại bàn.
📌 Phục vụ dễ chịu, chăm chút từng bàn. Ăn xong bữa là no thật sự, dù đi một mình.

💰 Tổng bill hơn 535.000đ (đã giảm 20% khai trương) xứng đáng với chất lượng và dịch vụ nhận được.

✨ Đánh giá cá nhân:
– Không gian: 8/10
– Đồ ăn: 8/10
– Phục vụ: 9/10

👉 Một trải nghiệm sushi băng chuyền đúng phong cách Nhật, chất lượng ổn định, giá hợp lý và rất đáng thử, nhất là với ai thích sự đơn giản, gọn gàng trong ăn uống.
(Hóa đơn & ảnh món mình đính kèm để bạn tham khảo nhé!)

#sushitiger #sushibangchuyennhat #reviewdoannhat #diningreview #tinangoc","78",,,,"76","2",,,"15"
"0","tiếp tục series Michelin ở Đà Nẵng.

khu Phan Tứ gần chợ Bắc Mỹ An này cực kì nhiều quán cháo vịt.

Quán Cô Chủ Nhỏ này thì mình vô tình ghé qua, chứ ko có xem guide gì. 

Cháo ăn tạm ổn. Thịt vịt thì mềm nhưng ko thơm lắm. Được cái ưu điểm là rất rẻ. Gọi đĩa 40k thấy size hết hồn luôn. 

Cùng khu này mình hay ăn quán ngay trước cổng chợ Bắc Mỹ An, lụp xụp bán vỉa hè ngày đầu chợ. Chỉ bán từ 3h chiều, quán này thịt vịt chắc và thơm hơn. Ăn với xoài xanh và chuối chát vô cùng bánh cuốn. 

Ko hợp tiếp khách, chỉ ăn cho vui. 

Ảnh Mr J
#diningreview 

#danang

#amthucvungmien","26",,,,"25","1",,,"0"
"18","Chạy nhanh ra thẩm quán bún bò gần nhà sau khi có danh sách Michelin.
 
Ưu điểm: quán đẹp, dễ check-in dễ tiếp khách

Lưỡi hầm rất mềm và thơm

Nhược điểm: nhiều bột ngọt, và hơi ít rau

Ăn xong tô thập Cẩm vẫn còn đói

Nói chung phù hợp với khách du lịch hơn

#diningreview
#danang","58",,,"9","46","3",,,"2"
"6","Tiệc cocktail của Michelin Ceremony 2025 đãi những gì…
Em phải nói mấy món của chef DAVIDE GARAVAGLIA đến từ nhà hàng 2* CÔTE BY MAURO COLAGRECO Thailand đúng đỉnh

#diningreview
#MICHELINGuideVN
#MichelinSTAR25.","122",,"1",,"111","9",,"1","5"
"73","Đến hẹn lại lên, em đã có mặt… những cái tên mới nào năm nay sẽ được gọi tên ạ? 
Em sẽ update dưới cmt nhé 😌
#diningreview
#MICHELINGuideVN
#MichelinSTAR25","169",,"2","2","147","18",,,"13"
"21","Lâm Vĩnh Mậu-Tiệm chè trên 60 năm ở đất Sài Gòn.

Chủ quán là một bác người Hoa, căn nhà hiện tại được xây theo văn hóa của người Tiều. Quán chè nằm trên con đường Nguyễn Thái Bình Quận 1 chỉ bán vào ban đêm.

Theo bác chủ quán chia sẽ món chè này có từ thời Ông nội của bác từ khi còn là 1 gánh chè rong ruổi và đến đời nay chiếc xe đẩy bằng gỗ, được khắc họa các họa tiết hàm chứa những câu chuyện lâu đời của người Hoa. Trung tâm của hàng họa tiết chính là biển hiệu viết tên Lâm Vinh Mậu.

Theo bác chủ quán chia sẽ  nhờ nấu trong một thời gian dài mà phần nước cốt của mỗi loại chè mới thơm, đậm đà mùi hương hoa quả như vậy. Điểm đặc biệt là bên dưới các nồi nguyên liệu chính là bếp than bằng đất luôn cháy rực để khi nào khách ăn thì chủ quán sẽ đun nóng chè để làm nồng nàn thêm hương vị của chén chè.

Mình để ý có một nồi nước màu vàng nhạt đặt chính giữa xe mà khi làm bất cứ món chè nào, chủ quán đều múc vài muỗng vào để giảm lại độ ngọt cho chè. Ít ai biết nồi nước màu vàng này được nấu từ các loại thảo mộc. Và mỗi khi ăn chè xong Khách được bác chủ quán múc 1 chén nước thảo mộc này để tẩy vị giống như trong 1 nhà hàng Fine Dining.

Khi đến đây nhất định phải thử món chè Hạnh nhân.Phần hạnh nhân được làm thành thạch rất thơm.

Kế đến nên ăn món trứng nấu với củ năng ngọt thanh mát.
Món chè hạt sen thơm lừng mùi sen cũng là món không thể bỏ qua.

Món chè đậu đỏ cũng khá ngon thơm thoảng mùi vỏ quýt khô để khử đi mùi tanh của đậu đỏ .Hơn nữa, trong ẩm thực của người Hoa, cách nấu này cũng giúp món ăn nên thuốc

Phục vụ: Tâm tính chủ quán khi vui lúc buồn. Lúc vui thì rất nhiệt tình kể các bí quyết và những câu chuyện làm nên món chè ngon và cho thực khách thử hết các hương vị chè. Còn khi ko vui thì khách cắm mặt ăn không ai nói ai 1 tiếng nào.

Tóm lại đây là 1 quán chè ngon đáng trải nghiệm nhưng với mức giá không hề ""lề đường"" tầm 50k cho 1 chén chè. Điều khác lạ là ở đây ko có bảng giá. Ăn xong chủ quán tự tính tiền😆

Địa chỉ: Chè Lâm Vĩnh Mậu:31 Nguyễn Thái Bình. Q1. Tphcm
#diningreview
#chè
#tphcm
#amthucvungmien","65",,,,"61","4",,,"11"
"0","Aii tasting menu mùa 3 | Bềnh Bồng. 

Thật sự thì concept việt mà đầu tư kì công, tỉ mỉ từng chút 1 về graphic ntn thì mình mới thấy lần đầu, nhà hàng chịu khó thuê designer vẽ illustrations cho từng tấm card nhỏ xíu, menu làm rất đẹp, thuê nghệ nhân làm múa rối nước làm con rối, làm box thuỷ đình v.v. Rất kì công. 

Thời lượng dùng bữa gần 2h, lâu hơn nếu đi đông. Overall món ăn rất ngon, mình ấn tượng ở món vịt trời và món cá trước đó. Có chơi mini game để trúng các quà tặng hấp dững, cao 1 là 1 set menu cho mùa tới. 

Chef Alain có ra chào và mình bày tỏ rằng chef làm mọi thứ rất tâm huyết nên mình rất ngạc nhiên, góp ý một vài thứ để menu hoàn thiện hơn từ phía góc nhìn là ng đi ăn. Chef rất cầu thị và tiếp thu. 

Phần còn lại hình + video đã nói tất cả. 

#dinningreview #aii","34",,,,"33","1",,,"2"
"2","𝗪𝗔𝗩𝗘𝗦 𝗢𝗙 𝗙𝗟𝗔𝗩𝗢𝗥 | 𝘌𝘔𝘉𝘈𝘙𝘒 𝘖𝘕 𝘈 𝘌𝘜𝘙𝘖𝘗𝘌𝘈𝘕 𝘊𝘜𝘓𝘐𝘕𝘈𝘙𝘠 𝘌𝘚𝘊𝘈𝘗𝘌

Em chào Anh/ Chị, em là Bích Ngọc đại diện nhà hàng của khách sạn Le Meridien Saigon.

Cứ mỗi tháng Latest Recipe sẽ đưa quý thực khách đến một vùng đất mới. Tháng 6 này, làn sóng của những hương vị tại Latest Recipe sẽ tiếp tục đưa Anh/ Chị bước vào hai vùng đất đầy mê hoặc: Pháp và Ý. Từ 𝘎𝘢𝘯 𝘯𝘨𝘰̂̃𝘯𝘨 𝘢́𝘱 𝘤𝘩𝘢̉𝘰 béo mịn, 𝘙𝘪𝘴𝘰𝘵𝘵𝘰 𝘵𝘰̂𝘮 𝘩𝘶̀𝘮 thơm ngậy đến 𝘉𝘰̀ 𝘹𝘰̂́𝘵 𝘯𝘢̂́𝘮 𝘮𝘰𝘳𝘦𝘭 đậm đà, từng món ăn là một điểm dừng chân đáng nhớ giữa lòng châu Âu.

Bên cạnh quầy hải sản đặc biệt và các nguyên liệu cao cấp, đừng bỏ lỡ cái kết ngọt ngào với 𝘛𝘪𝘳𝘢𝘮𝘪𝘴𝘶 chuẩn vị Ý hay phần 𝘊𝘳𝘦̂𝘱𝘦 𝘧𝘭𝘢𝘮𝘣𝘦́ bốc lửa ngay tại bàn.

Sẵn sàng cho một trải nghiệm vị giác đậm chất châu Âu với ưu đãi 20% cho thành viên Dinning Review.

Hy vọng có cơ hội được đón tiếp các Anh/ Chị ghé thưởng thức!

Địa chỉ: 3C Tôn Đức Thắng, khách sạn Le Meridien Saigon.
SDT: 0799 528 987
#gioithieunhahang
#diningreview
#saigon","8",,,,"7","1",,,"1"
"10","Luna d’Autunno – 27 Phố Nam Ngư, Cửa Nam, Hoàn Kiếm, Hà Nội

Gần đây có vài anh chị hỏi mình: “Pizza ở Luna bây giờ còn ngon không?”. Mình cũng tò mò nên đã quay lại sau đúng 10 năm để xem mọi thứ có gì khác.

Thật lòng mà nói, khi Hà Nội đã có quá nhiều nhà hàng Ý mới, hiện đại và sáng tạo hơn, thì Luna dường như vẫn giữ nguyên mọi thứ như xưa từ cách bài trí, đến không khí. Không gian hơi cũ, buổi tối mình tới chỉ có khoảng 3 bàn khách, khá vắng.

🧀 Về món ăn:
 • Salad burrata & cà chua: tươi, vị ổn nhưng không đặc sắc
 • Bruschetta cà chua & olive: ăn tạm, chưa thực sự ấn tượng
 • Ravioli nhân rau: phần vỏ hơi cứng, nhân chưa nổi bật
 • Pizza anchovy (cá cơm): đây là điểm sáng nhất bữa ăn! Nướng khéo, viền giòn, topping đậm đà rất hợp gu mình.

📌 Một điểm trừ là quán phục vụ nước lọc bằng chai Dasani nhựa lớn, khá bất ngờ với một nhà hàng Ý lâu đời như Luna. Bù lại, nhân viên lễ phép, dễ chịu.

✨ Đánh giá cá nhân:
 • Không gian: 7/10 
 • Đồ ăn: 6/10 (trung bình, trừ pizza đáng thử)
 • Phục vụ: 8/10

💰 Tổng bill hơn 900K cho 2 người.

Luna có thể không còn là lựa chọn hàng đầu cho một bữa Ý trọn vẹn, nhưng nếu bạn chỉ muốn ăn một chiếc pizza nướng lò thật ngon, thì đây vẫn là một địa chỉ nên thử.

#pizzaHanoi #lunadautunno #italianfood #diningreview","47",,"1",,"46",,,,"4"
"53","> Đây là bài dịch 1 sao cho nhà hàng Sushi Jiro
# **Drama nhà hàng Sushi Jiro - Dream of Sushi | Ngửi khách trước khi vào nhà hàng để kiểm tra mùi nc hoa | 20 miếng sushi trong 20 phút giá 55.000 yên :))**

#dinningreview #drama #sốngkhôngdramađờikhôngnể 

# **Jane Wong – 1 sao**

“Bỏ qua là tốt nhất. Giá trên trời. Tôi đến từ New York và nhà hàng này chẳng có gì đặc biệt, hoàn toàn không xứng đáng với mức giá **55,000 yên/người (tháng 11/2024)**.

Chúng tôi nhờ lễ tân khách sạn đặt chỗ hộ, và họ đặt được cho buổi trưa. Ngay từ lần tương tác đầu tiên, **một người bước ra và ngửi chúng tôi để chắc chắn rằng mùi của chúng tôi ‘ổn’**. Người đó nói có người trong nhóm tôi dùng nước hoa – nhưng không ai xài cả.

Ông ta yêu cầu chúng tôi ra ngoài để có thể ngửi từng người riêng biệt, và sau khi không xác định được ai có mùi, **yêu cầu chúng tôi đi vào nhà vệ sinh rửa tay**.

Làm sao mà đó lại là ấn tượng đầu tiên chứ??

Sau đó, bạn được dẫn vào quầy sushi, nơi họ đưa từng miếng sushi ra **như một dây chuyền sản xuất**: bạn có khoảng **20 phút để ăn hết 20 miếng**, và nếu bạn chưa ăn xong miếng trước thì họ **tiếp tục đưa ra miếng tiếp theo**.

Tổng thể, chất lượng cá thì tốt, nhưng **không vượt trội** hơn so với nhiều nhà hàng khác, đặc biệt là so với các nhà hàng ở New York. Tôi không nói là họ không giỏi, nhưng với mức giá này, tôi mong đợi nhiều hơn thế.

**Tránh xa chỗ này và hãy đem 55,000 yên của bạn (khoảng 350 đô) đi tiêu ở chỗ khác còn hơn.**”

**Điểm đánh giá:**
* Đồ ăn: 2
* Dịch vụ: 1
* Không khí: 1

# **Oscar Z** – 1 sao

“Tất cả mọi người đều đến đây vì Jiro-san, nhưng khi chúng tôi đến nơi thì được thông báo rằng **Jiro không phục vụ người nước ngoài**, chỉ phục vụ người Nhật.

Khách nước ngoài sẽ do con trai ông, Yoshikazu, phục vụ. Tuy nhiên, **cách Yoshikazu đối xử với khách nước ngoài rất thiếu tôn trọng**, gần như là vô lý.

Trước bữa ăn, chúng tôi được phổ biến hàng loạt quy tắc:
* Sushi **phải ăn ngay sau khi được phục vụ**, không được để lại,
* Phải **ăn mặc trang trọng**,
* Phụ nữ **không được dùng nước hoa**,
* **Cấm chụp ảnh** (nhưng khách Nhật thì vẫn được chụp),
* Và phải **ăn hết 20 miếng sushi trong vòng chưa đầy 30 phút** – không có thời gian để tận hưởng.

Tôi tuân thủ tất cả, nhưng trong suốt bữa ăn, **Jiro và Yoshikazu hoàn toàn phớt lờ khách nước ngoài**, chỉ trò chuyện với khách Nhật ngồi bên cạnh.

Họ thậm chí **lấy lại trà đã để trước mặt tôi để phục vụ khách Nhật trước** – hành động phân biệt trắng trợn.

Quy trình ăn như một dây chuyền lắp ráp, nguyên liệu được chuẩn bị sẵn bởi học việc, rồi mới đưa lên quầy sushi.

**Sushi cho khách nước ngoài thì do học việc cuốn**, còn Jiro chỉ tự tay làm cho khách Nhật. Cách đối xử phân biệt này thực sự khiến tôi cảm thấy khó chịu.

Sau bữa ăn, Jiro **đứng máy móc trước cửa để chụp ảnh cùng khách**, không cười, không giao tiếp, chỉ nói “tạm biệt” với người dẫn chương trình người Nhật.

**Thái độ của ông đối với khách Nhật thì khác hẳn** – cúi chào sâu khi họ rời đi.

Dù Jiro nổi tiếng với nghề sushi, **cách ông và con trai đối xử phân biệt khiến tôi khuyên rằng khách nước ngoài nên tránh xa nơi này.**

Thiếu lễ độ từ cả cha lẫn con phản ánh kém về họ.
Một người được tôn kính không chỉ giỏi về kỹ thuật mà còn phải biết **đối xử tử tế với người khác**.

# **“Nếu con không được dạy, đó là lỗi của cha.”**

Nếu họ đã không thích phục vụ người nước ngoài, **thì đừng nhận phỏng vấn báo chí nước ngoài**, **đừng chấp nhận đặt chỗ từ khách nước ngoài**.

Tôi tôn trọng mọi quy định của họ, **nhưng không nhận được chút tôn trọng nào từ họ cả**. Tôi chắc chắn sẽ chia sẻ trải nghiệm kinh khủng này với tất cả bạn bè mê ẩm thực của tôi.”

# **King Hal – 1 sao**

“Chúng tôi đã lên kế hoạch kỷ niệm ngày cưới quanh buổi ăn này – và chỉ có thể đặt chỗ thông qua khách sạn 5 sao.

**Đừng tin vào bộ phim tài liệu đó.**

Chúng tôi **hoàn toàn THẤT VỌNG** sau khi bỏ ra **110,000 yên cho 2 người (~17 triệu đồng)**.

**1. Hãy hạ kỳ vọng về dịch vụ xuống.**
Bộ phim tài liệu cho thấy dịch vụ tốt và nghệ thuật sushi, nhưng **không hề có điều đó ở đây**.

Jiro nằm trong ga tàu điện ngầm Ginza, **không có bảng hiệu tiếng Anh** nào cho khách nước ngoài.
Họ yêu cầu đến sớm ít nhất 20 phút – Jiro **mong bạn phải đến sớm.**

Chúng tôi hỏi người dân địa phương thì **nhiều người còn chưa từng nghe tên nhà hàng này**.

**2. Quy định ăn mặc NGHIÊM NGẶT**
Chúng tôi đã đến nhiều nhà hàng Michelin khác mà **không có quy định gắt đến vậy**.
Lễ tân khách sạn không cảnh báo tôi rằng mặc **quần short và dép sandal là “không phù hợp”**.
Ngoài trời 34°C, độ ẩm gần 100%, mà họ bắt khách nước ngoài phải mặc **quần dài và giày kín mũi**.

Tôi bị yêu cầu **đi mua quần giá 100,000 yên** ở tầng trên để kịp vào ăn. Thật sốc.

**3. Bạn PHẢI ăn hết bữa trong vòng 30 phút.**
Nghe điên rồ, đúng vậy. Giống như một dây chuyền sản xuất sushi quân sự.
Jiro và con trai làm sushi, 2 phụ bếp bưng ra.
Phụ bếp **la tôi vì đã cắn đôi 1 miếng sushi**. Tôi nghe lời, nhưng rất khó vì nhiều miếng to và dai.
Vợ tôi thì được phép cắn 2 lần???

Suốt bữa ăn, **họ cứ giục “ăn nhanh lên”**. Tôi vừa nuốt xong một miếng đã bị dọn tiếp miếng kế.
Chúng tôi **phải cố nuốt phần cuối vì không còn thời gian**.
Sushi thì ngon, **nhưng không có thời gian để cảm nhận.**

**Quy định khác?**
Bạn phải **giữ im lặng tuyệt đối**.
Tôi hỏi Jiro một câu – ông ấy **lờ đi**. Phụ bếp nhìn tôi như phạm tội.
Tôi chấm nước tương – bị **mắng vì họ đã rưới sẵn**. Vậy để chén nước tương làm gì?

Phải ăn bằng tay – **đũa chỉ dùng gắp gừng**. Tôi đặt đũa dựng đứng – bị mắng. **Phải để ngang.**
> 

“Cảm giác như quân đội. Tôi chọn im lặng để tránh bị nhắc nhở nữa.”

**Tôi hy vọng bài này sẽ giúp ai đó điều chỉnh kỳ vọng.**
Nếu bạn kỳ vọng sushi đỉnh cao – bạn sẽ có. Nhưng **đổi lại là dịch vụ khách hàng tệ khủng khiếp.**
So với những chỗ sushi ngon khác, có thể **chỉ ngon hơn 5% – hoàn toàn không đáng số tiền bỏ ra.**

**Góp ý chân thành dành cho nhà hàng Jiro:**
Doanh nghiệp của bạn sống nhờ danh tiếng từ phim tài liệu.
Hãy thân thiện hơn với khách. Không tốn thêm thời gian đâu.
**Khách của bạn phần lớn là người nước ngoài, họ đã quen với dịch vụ tốt tương xứng với giá cao.**

Thả lỏng giới hạn 30 phút, thêm 15 phút thôi, để người ta thưởng thức.
Truyền miệng sẽ lan rộng – và **danh tiếng của bạn sẽ thật sự xứng đáng.**

Văn hoá thiền Nhật Bản là **tận hưởng từng điều nhỏ nhặt, không phải vội vã qua mọi thứ**.

Tôi tin rằng nếu làm được vậy, doanh nghiệp của bạn sẽ **không thể ngăn nổi thành công**, và quá trình chuyển giao từ Jiro sang con trai sẽ suôn sẻ hơn.

**Điểm đánh giá:**
* Đồ ăn: 4
* Dịch vụ: 1
* Không khí: 1","124",,"1","12","108","1","1","1","14"
"9","Chuyến Quảng Châu lần này Tấm có thu hoạch hơi bị vừa ý nè các thánh ăn ơi. 

Lần đi trước đến Quảng Châu cũng ở ngay phố Beijing nhưng thất bại thảm hại khi đi theo các reviewer, nhà hàng ăn bị rất nhiều dầu mỡ😣😣😣, cả 5 ngày tính ra không được nhà hàng hay hàng quán nào thật sự ưng ý kể nhà hàng có ⭐️ nhen. Vậy nên cứ không phải có ⭐️ hay theo chân các reviewer là sẽ ngon đâu ạ vì còn tuỳ khẩu vị của mình nữa. 

Nhưng lần này Tấm cũng ở khách sạn ngay phố đi bộ Beijing Lu nhưng ở hướng khác, chắc vì thế mà hợp phong thuỷ được thần ăn độ tìm được nhà hàng này ngay trung tâm thương mại Teemall nằm trên phố đi bộ nên rất dễ tìm nhé. Mọi người vào thang máy lên thẳng lầu 6 xong đi thang cuốn lên lầu 7 nhé, Tấm đi ăn lần đầu ở đây rất may là không phải đợi bàn. 

Nhà hàng này theo Tấm thấy giống phong cách của Hongkong nên không bị dầu mỡ cũng như nêm nếm rất ngon rất vừa miệng. Ngày đầu 2 chị em Tấm ăn hết 5 món mặn và 2 nước tổng hết 322¥ tính ra tầm 1250.000vnd cho 1 bữa ăn khá thịnh soạn và rất nhiều 😆, tại ngon quá nên 2ce mới có thể tẩu tán toàn bộ đồ ăn vào 2 cái dạ dày nhỏ xinh được đó mng hihi. Và lần quay lại thứ 2, hai chị em rút kinh nghiệm chỉ gọi 2 soup và 2 món mặn ăn đã miệng gì đâu 😛😛😛

Tấm sẽ recommend cho mọi người khi đến nhất định phải gọi món giò heo hầm trà eo ơi nó ngon nó thơm, ngỗng quay, cơm chiên, xá xíu nữa nhen. Còn các món dimsum thì không cần phải nói rồi đến nhà hàng Hoa thì ít nhiều phải có chân gà, há cảo chứ nhỉ 😍. Các món này nhìn hình thôi cũng có thể thấy ngon rồi nên Tấm sẽ không diễn tả nhiều mà sẽ để thông tin tên nhà hàng dưới đây cho mng nhé. 

📌 Nhà Hàng: Tao Tao Ju ở TTTM Teemall (toà mới 7-8 tầng nhen) trên bill Tấm chụp cũng có cả tên tiếng Hoa. 

#TamNguyen207
#diningreview
#quangchau
#MICHELIN
#ănngon","23",,,,"22","1",,,"4"
"2","The Straits - Business set lunch Lầu 28 Sedona Suite 

✅ Giá: 220++ hoặc 240++

✅ Hương vị: 

Chicken soup/ Salad: bình thường

Char Kway Teow : nêm rất vừa miệng và đặc biệt là chef đã bớt lượng dầu cho món này để hợp với khẩu vị người Việt hơn, sợi hủ tiếu cháy xém cạnh khá thơm và mềm

Chili Crab and Prawn Spaghetti : món này biến tấu style rất Á có chút ngọt và hậu chua nhẹ của sốt Singapore 

Tráng miệng: Tiramisu không ngon, cà phê bình thường

✅ Nổi bật: Chiếc view Bitexco bờ sông vừa đẹp vừa xinh có thể coi là xịn nhất khu quận 1. Buổi trưa cũng không đông lắm, không cần đặt bàn trước. Hôm đi ăn còn gặp được bác GM đi chào mọi người nữa chứ. Theo em biết là bên này mới đổi chef nên nêm nếm chắc tay hơn. Nhìn chung là giá mềm, ăn vừa đủ bụng, hợp mời khách hàng.

#saigon #diningreview #setlunch","16",,"1",,"13","2",,,"0"
"18","# **Cách lấy tiền Refund dù Hotel/Nhà hàng từ chối khi đã thanh toán Online. **

**#dinningreview #drama #refund **
> Qua những drama nảy lửa đọc cmt rất bánh cuốn thì xin phép sẽ ra tiếp 1 loạt bài drama như vị để chúng ta cùng hỏi học từ những lỗi sai/đúng của người khác, mà qua drama vừa qua thì vấn đề ai cũng lo sợ là chúng ta sẽ bị cắn tiền mà k được refund vì policy nhà hàng/hotel như vậy.

**Thật ra Policy của nó như vậy chỉ để hù người không biết, chứ nếu ta tra nhẹ nhàng cách hoạt động của cổng thanh toán thì hiểu ngắn gọn như sau:**

Nhà Hàng/Hotel sẽ thường xài VISA/PAYPAL để làm cổng thanh toán gọi là paygate, không có những paygate thì nhà hàng không thể nào nhận đc tiền của mình, thế vì ta bóp cổ VISA/PAYPAL thì nhà hàng phải ói tiền ngược lại mình dù không muốn, dù policy ntn đi nữa cũng phải trả tiền lại (95%). Có 1 luật rất hay mà mọi ng không biết là khi sử dụng dịch vụ, bạn là vua, tức là VISA/PAYPAL luôn nghiên về phía người mua dù người bán đúng/sai hay sao đi nữa và phần lớn những vụ đòi tiền lại sẽ thành công nên tụi tây lông bạn sẽ thấy nó hay ghi là sẽ refund nếu k hài lòng để bạn an tâm, thật ra ko phải nó muốn ghi vậy mà là chính sách của VISA/PAYPAL luôn bảo vệ người tiêu dùng. Nếu dịch vụ mà láo nháo, bị report quá nhiều, thì VISA/PAYPAL sẽ redflag và disable luôn cổng thanh toán của Nhà hàng/hotel, là móm luôn khỏi làm ăn gì nữa nên cực kì sợ hãi nếu bị report.

Thế tại sao lại ghi no refund: đơn giản là chiến thuật hù người k biết và được bao nhiêu hay bấy nhiêu, thật ra số người k biết mình có thể lấy lại được tiền nhiều hơn số người biết nhà hàng sợ gateway ntn :)).

**Cách lấy lại tiền ntn?**

Nếu thanh toán online thì Ưu tiền PAYPAL rồi tới VISA nhé.

**OPT 1: Mail thẳng nhà hàng đòi tiền xem nhà hàng có trả không?**

Nếu nhà hàng không trả tiền, mail nhẹ 1 câu ngắn gọn đọc thần chú: "" Nếu mày không trả tiền, tao gọi cho bank"" là nó rất sợ, vì bank sẽ làm việc với visa và visa sẽ bóp cổ nhà hàng hỏi tại sao rồi cuối cùng cũng ói tiền lại. Nếu nó biết mình biết luật nó trả tiền lại k nói nhiều.

**OPT 2: Nếu nhà hàng cố chấp:**
**Nếu xài paypal** để thanh toán thì qá dễ dàng, làm 1 cái dispute lên, tiền về chưa tới 7 ngày, có khi 2,3 ngày về.

**Nếu xài VISA, tức là thẻ bank của mình.**
Mình xài vcb đã test thành công là trên app vcb có mục tra soát, vào đó check lệnh nào trả tiền thì bấm vô, tiền về full trong 45 ngày, ko cần làm gì thêm :))).

Vậy là xong r đó :))","109",,,"13","92","2",,"2","32"
"17","Trải nghiệm tại Mingles – nhà hàng 3 sao Michelin duy nhất ở Hàn Quốc. (tính đến 2025)

Đây là một hành trình ẩm thực đậm chất Hàn nhưng mang tinh thần toàn cầu. Tọa lạc khiêm tốn trong một tòa nhà tại Gangnam, Mingles không phô trương về vẻ ngoài, nhưng khi bước vào, thực khách sẽ cảm nhận rõ sự tinh tế từ thiết kế tối giản đến cách bài trí ấm cúng. Đầu bếp Kang Min-goo, người sáng lập nhà hàng, được xem là người tiên phong trong việc đưa ẩm thực Hàn Quốc truyền thống bước vào không gian fine dining đẳng cấp thế giới.

Thực đơn tại Mingles là sự kết hợp nhuần nhuyễn giữa kỹ thuật nấu ăn hiện đại và hương vị truyền thống từ các nguyên liệu địa phương như jang (tương lên men), củ cải muối, hay kimchi ủ lâu năm. Mỗi món ăn không chỉ ngon miệng mà còn mang câu chuyện riêng – từ mùa vụ, địa phương sản xuất, đến cách lên men, bảo quản truyền thống – được tái hiện dưới bàn tay khéo léo của đội ngũ bếp. Thực đơn degustation thay đổi theo mùa, thường gồm khoảng 8 đến 10 món, với những điểm nhấn như cá đá hấp sốt doenjang, lòng đỏ trứng ủ trong ganjang, hay món tráng miệng từ sữa đậu nành và lê Hàn Quốc.

Mà đồ uống ở đây cũng là 1 điểm đáng nhớ luôn ạ - khách có thể chọn pairing với rượu vang hoặc rượu truyền thống Hàn Quốc như soju thủ công, makgeolli ủ men hoa quả, tạo nên trải nghiệm độc đáo khó nơi nào có được. Đặc biệt với một đứa ít uống được rượu thì tới đây mình vẫn chọn được loại rượu nhẹ phù hợp. Dịch vụ tại Mingles cực kỳ chuyên nghiệp nhưng không quá xa cách, đi ăn ở châu Á vẫn có sự niềm nở gần gũi hơn khi đi ăn ở châu Âu ý 🤣 Ko biết sao 🤣

Không gian, món ăn, triết lý, và con người - tất cả làm nên một Mingles đầy chiều sâu và trở thành nhà hàng duy nhất ở HQ đạt 3 sao Michelin tính đến 2025.

#cheomi #dining #seoul","62",,,,"58","4",,,"3"
"2","KIMBO Ramen- Quán Mỳ Ramen do anh chủ người Đài Loan khi đến Việt Nam muốn tạo ra 1 cái gì khác biệt cho Ramen với hương vị rất Việt Nam.

Ở quán mình ấn tượng với Ramen lấy ý tưởng từ món Bánh Canh Cua 🦀độc đáo với nước hầm từ Xương Bò Gyukutsu,gạch cua và gạch tôm béo ngậy. Topping với thịt cua tươi được quán gỡ sẵn,thịt heo Sous Vide và trứng ngâm tương. Món này mình ít thấy quán mỳ Ramen nào làm.

Kế đến là món mỳ Ramen lạnh nhúng với nước cam nấu cùng rong biển và cá ngừ bào với vị chua mặn thanh chua nhẹ nhàng cũng làm mình ấn tượng không kém. Mỳ nhúng vào sốt với texture giòn sực,rất thơm mùi trứng.

Món Shoyu Ramen rất rẻ chỉ 49 k nhưng ăn cũng ngon không kém cạnh với nước dùng trong thanh ngọt  được hầm từ xương heo và sốt chasu

Còn món Kyukutsu Ramen với mùi xương bò béo ngậy ăn với thịt bò Sous Vide và hoành thánh. Hoành thánh vỏ mỏng ăn ngon. Nhân tôm mực hơi ít ăn chưa đã như hoành thánh của người Hoa. Ăn thấy bình thường.

Điểm đặc biệt của quán là dùng xương bò nhập từ Úc để làm nước dùng Tonkutsu thay vì xương heo.Bên cạnh đó Quán dùng thịt bò và thịt heo làm theo phương pháp Sous Vide mềm tan thay cho xá xíu quen thuộc trong món Mỳ Ramen truyền thống.

Theo bên nhà hàng chia sẽ thì anh chủ đã có nhiều quán Ramen bên Đài Loan. Còn ở Vn thì đây là quán đầu tiên làm mỳ Ramen mang hương vị Việt Nam.

Không gian sạch đẹp. Có một số họa tiết Việt Nam như nón lá và hoa sen.

Phục vụ thân thiện.

Giá cả mềm hợp lý.

🎁🎀Đặc biệt quán sẽ tặng món gà chiên Karaage cho 2 khách khi đến quán đọc pass Dining Review. Còn 1 khách sẽ được tặng món trứng ngâm lòng đào. Áp dụng hết tháng 6.

Địa chỉ: Kim Bo Ramen
416 Phan Xích Long. Phú Nhuận. Tphcm
#ramen
#diningreview
#tphcm","21",,,,"21",,,,"4"
"31","Bít Tết Chiến béo
Quán này từng khá nổi tiếng ở Hà Nội cách đây chục năm, thậm chí mình lướt mạng còn thấy nhiều người gọi là “hương vị tuổi thơ”. 

Nhưng cá nhân mình thì trong quá khứ chưa từng thử, nên khi thấy quán mở lại tháng trước và kín lịch đặt bàn trước cả tuần thì khá tò mò. Do đó đã thu xếp qua quán ăn hai lần, lần đầu thử cho biết và lần sau thử xem tay nghề có đều không. 

Cảm giác chung là tương đối hài lòng. Quán chuyên các món đồ Tây nhưng biến tấu nêm nếm theo kiểu Việt, có 3 tầng ngồi thoải mái. Nguyên liệu ăn cảm giác rất tươi, ngon, các loại sốt đều được chế biến riêng cho phù hợp, từ salad cho tới pasta, bít tết.

Các món mình thấy ngon miệng nhất là mỳ Ý, mỳ xào bò, dạ dày chao và bò lúc lắc. Tẩm ướp, nêm nếm sốt đều thuộc dạng rất ngon, ăn không hay chấm cùng bánh mỳ đều đưa mồm. 

Như trẻ con nhà mình rất khoái và liên tục xin thêm đồ ăn. Còn bít tết phô mai thì cảm giác hơi nhạt so với khẩu vị, nếu để vừa miệng thì chắc phải tự thêm gia vị.

Về dịch vụ thì hai lần đến là hai trải nghiệm tương đối khác. Lần đầu đến đợt đầu tháng 5 thì chắc do mới mở lại nên lên món hơi chậm, và theo thứ tự hơi ngược, kiểu salad ra cuối cùng. Lần hai đến là tuần trước thì các món ra đúng thứ tự, tốc độ lên món cũng liên tục. 

Nhìn chung là dù không có ký ức về món này như nhiều bạn, nhưng từ nay có thêm một địa chỉ ăn bít tết Việt ổn, giá cả không quá cao để đưa gia đình tới hay hẹn hò bạn bè. Nếu duy trì thêm dịch vụ ổn như lần hai mình tới thì tốt 😃.

Địa chỉ: 69C Hoàng Như Tiếp, Long Biên, Hà Nội (gần BV Tâm Anh).
#DiningReview #Hanoi #Bittetchienbeo #Steak","193",,,,"181","12",,,"23"
"74","#SundayBrunch ở #LeBeaulieu #sofitellegend #metropolehanoi

Mình team ko cồn nên chọn gói cơ bản là 2.500k++/ng + thuế phí tầm 2.800k, đã bao gồm 1 ly champagne, trà, cafe, nước hoa quả,... uống thoải mái. Với thẻ #Accor đi 2 đc giảm 50% và miễn phí cho trẻ dưới 6 tuổi đi cùng lun thì là mức giá khá hời cho gia đình nhỏ có con dưới 6 tuổi. 

Các món hải sản, salad, đồ ăn nhẹ đc bầy ở quầy buffet, các món chính bạn có thể order ko giới hạn trên menu. Ảnh thêm ở dưới cmt nha. 

Sunday brunch ở đây mình thấy là 1 trong những nơi ok nhất HN. 

#diningreview
#hanoi","271",,"1",,"258","12",,,"14"
"30","Món salad mình mê nhất Vịnh Bắc Bộ. Mà chắc hẳn những ai đã ăn món này đều mê nhỉ? 🥰

Salad rau trái @ Vien Dining 280k giá quá hợp lý. 
Các món tiếp sau ở cmt nha mọi người. 

Menu À la carte ở Viên giá rất hợp lý, ko đắt tí nào. 
Hợp ăn gia đình lẫn tiếp khách luôn. 

Hnay cuối tuần mình đi full bàn, chờ hơi lâu. 
Sau sẽ chọn đi trong tuần xem sao. 

#diningreview","107",,,"1","96","10",,,"5"
"88","> **Đây là bài dịch từ review 1 sao cho nhà hàng Ryugin 3 sao, khách bị từ chối phục vụ dù có thiện chí tẩy hết mùi, ko đc trả tiền, và đuổi về**

**#dinningreview #drama #sốngkhôngdramađờikhôngnể **

# **DRAMA NHÀ HÀNG RYUGIN - TOKYO: BỊ TỪ CHỐI PHỤC VỤ DINNING, MẤT TIỀN VÌ...XỊT NƯỚC HOA**

**1⭐ Kevin Lim:**

Mẹ tôi đã đặt chỗ ăn tối tại nhà hàng này từ rất sớm. Họ yêu cầu **thanh toán toàn bộ** khi đặt, mức giá cũng cao hơn ít nhất **30% so với các nhà hàng 3 sao khác** mà tôi từng ăn. Dù vậy, mẹ tôi vẫn thanh toán đầy đủ với thiện chí.

Đến ngày ăn, mẹ tôi như thường lệ xịt **vài hơi nước hoa du lịch** nhẹ nhàng. Khi tới nơi, nhân viên ngửi thấy mùi hương và **từ chối phục vụ**, viện lý do là ""ngửi thấy mùi nước hoa"".

Để hợp tác, mẹ tôi sai em trai tôi quay về khách sạn lấy đồ mới, tự rửa tai và cổ bằng xà phòng, thay đồ, làm đủ mọi cách để **không còn mùi gì**. Vậy mà nhân viên lại tiếp tục… **ngửi**, và vẫn **từ chối phục vụ vì còn mùi (có thể do xà phòng)**.

Tới lúc đó thì đã quá muộn để ăn tối, và nhà hàng **giữ toàn bộ số tiền đã thanh toán**, không hoàn lại, không đổi lịch. Nếu muốn ăn, **phải đặt lại và thanh toán lại toàn bộ**.

Tôi cực kỳ phẫn nộ. Đây không khác gì một **hình thức lừa đảo sang chảnh**, vì khách đã thanh toán đầy đủ mà vẫn bị từ chối chỉ vì lý do mơ hồ – và không được hoàn tiền.

**Chris P (khách hàng thứ 2):**
Tôi chính là người mẹ được nhắc đến. Tôi đã làm mọi cách – lau nước hoa, thay đồ, chờ đợi, kiên nhẫn. Vậy mà quản lý tên Hidei vẫn tuyên bố ""vẫn còn mùi"" và từ chối cho tôi vào ăn.

Tôi đã từng ăn hàng loạt nhà hàng Michelin khắp thế giới, kể cả Nhật, và **chưa bao giờ gặp trải nghiệm thiếu tôn trọng đến như vậy**.

Thái độ **""thích thì cho ăn, không thì thôi""** thật đáng sợ, đi ngược hoàn toàn văn hóa phục vụ của người Nhật.

Tôi kêu gọi Michelin gỡ bỏ toàn bộ sao của nhà hàng này. **Khách hàng cần được đối xử với lòng tôn trọng, không phải bị đối xử như tội phạm chỉ vì xịt nước hoa.**

📍 **Nhà hàng RyuGin – Tokyo Midtown Hibiya**
(Hiện tại vẫn còn hoạt động, 3 sao Michelin)","105","1",,,"83",,,"21","7"
"45","> **""Bài dịch từ 1 review phẫn nộ đập bàn mạnh mẽ từ thực khách booking qua omakase platform cho nhà hàng Hajime hiện tại đã 3 sao Michelin""** 

#dinningreview #góchóngdramachocácchiẹm #sốngkhôngdramađờikhôngnể 

**🚨 [TRẢI NGHIỆM ĂN NHÀ HÀNG 2 SAO MICHELIN HÓA CÚ LỪA $2071]**
**📍Hajime - Osaka, Nhật Bản**

Bài viết cảnh báo cho những ai đang có ý định đặt bàn tại nhà hàng Hajime thông qua nền tảng Omakase.

Tụi mình đã đặt bàn dinner tối thứ Năm qua app Omakase, thanh toán trước $2071 (~ hơn 65 triệu VNĐ). Mọi thứ tưởng như đã chuẩn bị sẵn sàng cho một bữa tối fine dining đỉnh cao tại nhà hàng 2 sao Michelin.

**Nhưng rồi... đến nơi thì sốc toàn tập.**

Nhà hàng hoàn toàn KHÔNG CÓ bất kỳ ghi nhận nào về booking của tụi mình. Và dĩ nhiên là cũng không có chỗ trống để ngồi. Manager có ra tiếp, rất xin lỗi, nhưng tụi mình sắp phải rời Osaka vào hôm sau nên yêu cầu hoàn tiền ngay lập tức.

Sau **45 phút chờ**, họ mới liên lạc được bên đặt chỗ, và hứa sẽ refund.

3 tiếng sau, bên Omakase refund thật — **nhưng hoàn bằng Yên Nhật.**

Vì chênh lệch tỷ giá, số tiền mình nhận về chỉ còn **$1987**, **bốc hơi $84** so với lúc đầu, chưa tính thời gian, công sức, và cả… **cái bụng đói** vì không được ăn!

Trải nghiệm này khiến tụi mình thật sự **thất vọng**:
* Không tôn trọng khách đã đặt chỗ & thanh toán từ trước
* Xử lý chậm trễ, thiếu chuyên nghiệp
* Và kết quả là **vừa mất thời gian, vừa mất tiền, vừa mất luôn cả trải nghiệm mà tụi mình mong đợi nhất ở Osaka.**

📌 Viết ra đây để mọi người cảnh giác nếu có định đặt chỗ qua nền tảng Omakase, đặc biệt là với những nhà hàng high-end kiểu này.
**Đắt tiền không có nghĩa là yên tâm.**

P/S: $2071 mà không ăn được miếng nào, đúng là “đi ăn mà như đi gặp biến.”
Ai từng gặp tình huống tương tự, chia sẻ thêm nha 😤

#reviewthật #scamngầm #finefail #MichelinDrama #HajimeOsaka","156","3",,"3","119",,"13","18","10"
"17","Tấm thích bánh ngọt nhưng không thích ăn ngọt 😆😆😆 vậy nên rất kén bánh ngọt và các loại kẹo, bánh, scl có vị ngọt. Nghe hơi kì đúng không ạ nhưng cái vị ngọt của đường và béo của bơ phe bị lạm dụng nó thật sự rất rất khó chịu. 

Là một người rất thích ăn các món ăn lạ, món nào lạ cũng sẽ nếm ăn thử nhưng nhất định phải là những món được chế biến tươi, ít gia vị thì Tấm mới dùng thử. Cái nết khó ở là khúc này đó ạ, cứ chiên xào tẩm ướp là dội ngang liền ngay từ ánh nhìn đầu tiên huhu.

Quay lại về cái bánh ngọt này vô tình trong lúc đợi chuyến tàu đi từ Thượng Hải đến Chiết Giang thì Tấm có ghé vào 1 mall gần ga lượn lờ cho hết thời gian thì tạt vào quầy bánh này mua thử 1 bánh cuộn Tấm nhớ k nhầm bánh là than tre, kem là matcha do bà chị đút lẹ quá vì ngon lắm nè nên 2 ce ăn trong 1 nốt nhạc 😛. Ăn xong thấy ngon quá quay lại thì hết sạch chỉ còn vị nguyên bản nên thôi cứ xếp hàng mua vậy. Trong lúc xếp hàng thì thấy anh đẹp trai đứng trước mua 1 lúc 4-5 bánh bắp mà nhìn trong quầy bánh bắp cũng còn duy nhất 1 cái thế là Tấm hốt luôn thử xem sao hí hí. Không ngờ nha nó ngon nhức cái nách lun choy. Giờ Tấm tả 2 bánh cho mng thèm chơi nha 😇

• Bánh cuộn: bánh bông lan bên ngoài rất chắc nhưng lại vô cùng mịn, dẻo không bị tơi hay vụn khi ăn. Kem bên trong rất mịn chắc không xốp, béo lắm nhưng không ngậy k ngọt lịm đúng vị Tấm thích, ăn 1 phát hết 1 bánh vẫn thấy còn thèm thuồng nè. Kem này Tấm nghĩ chef không dùng bơ phe nhiều mà thay vào là lòng trắng trứng(cái này Tấm nghĩ thôi vì cũng k phải thợ bánh), tóm lại bánh cuộn ở đây rất nên thử. 
• Bánh bắp: lần mua bánh cuộn đầu cũng thấy bánh bắp tính mua nhưng lại thôi do thấy bắp mỹ này có vẻ bị teo teo sợ k mềm nên k mua. Lần thứ 2 mới mua vì bắt chước ngta 🤣🤣🤣. Bắp ở trên họ cắt rất tỉ mỉ, cắn k bị rớt bắp nhưng lại cắn được từng mảng. Bắp ngọt lắm lại cực mềm, lớp đế bánh được nướng kỹ nên rất tơi giòn, phần nhân kem cũng được trộn thêm hạt bắp được băm sơ rất thơm nhưng không hề bị ngọt gắt, béo và tất nhiên không ngậy. Ăn mát lạnh nó rất tuyệt, 1 cái 2 ce cắn 3 phát. 

 Hic do là cái cuối nên chỉ có thể khúm núm 2 đứa 1 cái 😭, ăn xong thì Tấm có lại xem bếp nấu vì là bếp mở nấu tại quậy nên quay lúc nv cắt bắp rất tỉ mỉ mng xem dưới cmt nhé. Bill Tấm cũng show cho mng xem giá nè. 
Bánh cuộn 7.9¥ tầm 30k/cuộn
Bánh bắp 12.9¥ tầm 48k/bánh 

• Tên tiệm bánh là DUSU SHIJIA 

#TamNguyen207 
#DUSU
#dusushijia
#dinningreview
#shanghai","83",,,,"78","5",,,"4"
"2","Hnay mình đổi gió bằng 1 bộ sưu tập rượu nho nhỏ mình đã uống kèm presentation rất bánh cuốn để mọi ng tham khảo. Nếu rảnh mn có thể ghé nephele để gọi 1 “omakase wine” và Paul sẽ present rất bánh cuốn và dính cho mn nghe. 

Có kèm vài chai bên Upstair, hầu hết wine pairing của Up đều rất ngon xứng đáng để thử nhé. 

Nếu chưa biết mua chai nào có thể tham khảo để uống daily cũng rất ổn nha.","37",,,,"36","1",,,"6"
"13","Terra Mare - nhà hàng ổn áp khu vực Hồ Tây, Hà nội. 

Sau khi dùng bữa với thực đơn trải nghiệm tại Terra Mare, cảm giác rõ ràng nhất của mình là đầu bếp rất chắc tay, kỹ thuật cao. Các món mình review từng ảnh trong bài. Menu và giá cuối bài. 

Với mình món “Kết cấu tôm hùm xanh”: panna cotta lạnh mượt, béo nhẹ, cùng bọt kem yuzu và ruốc tôm rất tinh tế. Món này xứng đáng là điểm sáng của cả menu. Món này mình và bạn đều Wow.

Danh sách rượu bán theo ly ở đây cũng đáng khen bạn sommelier – cả vang đỏ và trắng đều được chọn khéo.

Nhân viên phục vụ chuyên nghiệp, vừa phải chuẩn mực. 
 
Cá nhân mình sẽ quay lại để xem menu lần sau có gì mới, dùng đồ uống pairing và ủng hộ các doanh nghiệp thủ đô ☺️ 🍽️

#hanoi
#diningreview
#westlake
#finedining","240",,,,"216","24",,,"33"
"25","📍Tok....nằm giữa cánh đồng lúa, chủ là 1 bác ng Anh đag sống tại Hội An luôn .. menu trưa ít hơn tối nhưng gió mát lộng 4 hướng k cần quạt , view thẳng cánh cò đúng mùa lúa chín, trời xanh trong vắt và món nào cũng thấy rất vừa miệng.. 
Đậu bắp chiên giòn ngon lắm, gọi 1 set cold-cut thịt nguội và mấy loại cheese ..chiều ngồi chill nhâm nhi chai bia với cocktail là mê. 
Mọi ng đi cân nhắc đi tối sợ là có nhìu thiêu thân / muỗi zĩn,... và k đc ngắm view đẹp mê ntnay 

Đi Hội An nhiều lần lắm rùi  mỗi lần toàn ở 7-8 ngày để đi ăn uống lận.... nhưng lần đầu đc ăn ở giữa đồng lúa chín là 1 trải nghiệm mới mẻ của tui 

Mở từ 11h trưa ah. 
Chi tiết món e review từng ảnh nha

#Diningreview 
#Tok 
#HộiAnreview","239",,,,"210","29",,,"49"
"15","Hồ Tràm - nhân dịp sắp hè mình giới thiệu khu Hồ Tràm, sắp thành tp. HCM. Cách Sg tầm 2-3 tiếng lái xe tuỳ tình hình giao thông nên đi cũng tiện cuối tuần. Biển khá đẹp so với Vũng Tầu. Nhà hàng Ba Phi ở gần các khu resort tại Hồ Tràm, tầm 3km. Bình dân nhưng sạch sẽ, mình ăn lêch giờ ăn trưa nên phục vụ rất nhanh. Đồ hải sản tươi đang bơi bơi. Ngao biển, ốc hương và sò cộ gì đó. To và tươi ngon. Cá dứa một nắng là không trong thực đơn, họ bán cho khách mang đi nhưng yêu cầu thì cũng chiều khách lắm, thêm có 50k tiền công nấu, chiên rất ngon luôn. Nói chung là mọi người nếu đi ra đây chơi nên thử
Nhà hàng món Tây Ban Nha tại khu Melia Ho Tram Beach Resort ngon, giá vô cùng hợp lý. 6 đứa ăn hết 3 triệu do được giảm 20%. Ngồi sát bờ biển đẹp và mát, hơi bị muỗi nên nhà hàng phục vụ chai xịt muỗi.

Giới thiệu thêm là Melia Hồ Tràm ở rất thích, phòng đẹp, rộng. Chủ rất chú ý mảng xanh nên cây nhiều và được chăm sóc tốt. Mình thấy đẹp nhất khu Hồ Tràm luôn. Ăn ngon. Đồ vệ sinh phòng tắm cũng ưng, mùi gừng dễ chịu. Nhân viên thì ngoan
#HồTram
#meliahotram
#diningreview","42",,"1",,"37","4",,,"6"
"10","Ace nhóm mình biết tên món bánh này là bánh gì không ạ, nhiều lần thấy bên Trung họ hay ăn nên hôm nay Tấm thấy quầy bán bánh này mọi người đứng bu đông mua nên cũng hí hửng mua ăn thử.

Vì Tấm không thích ăn dầu mỡ nên cũng chỉ nghĩ mua thử vị xem như nào thôi chứ không hy vọng gì nhiều nhưng không ngờ bánh ngon nha mng ui. 

Vỏ bánh ăn kiểu bột dai dai không bị bở, nhân thịt băm với hành lá(1 người không biết ăn hành tươi nhưng lại mê hành phi qua dầu như Tấm thì mê 😛) thơm lắm luôn, vị ướp vừa phải với quết thêm sốt như kiểu sốt tương ớt mà Tấm k biết diễn tả sao nói chung Tấm thấy ngon, 1 bánh chỉ có ¥6 thôi. Team mình đi Trung mà có thấy thì mua ăn thử nhen nhất là vào đợt mùa Thu-Đông chắc còn ngon ác nữa 😆😆😆","6",,"1",,"5",,,,"0"
"5","[Chuyện dining & phim ảnh nhân LHP Cannes]
Khi Cannes không chỉ có thảm đỏ mà còn có… bàn ăn MICHELIN.

Đọc được bài viết hay ho từ MICHELIN Guide – họ ""ghép đôi"" 11 bộ phim nổi tiếng ở Cannes với các nhà hàng MICHELIN. Mình và chatgpt edit gửi đến các bạn:
#diningreview","46",,"2",,"38","6",,,"16"
"3","#Sài_Gòn📍 Somme Wine Bar

32 Phạm Ngọc Thạch, Quận 3

Một địa điểm lý tưởng để hẹn hò về đêm, với cocktail ngon và menu à la carte khá lạ miệng. Không gian rộng rãi mát mẻ, rất có gu. Highly rcm cho mọi người thích rooftop vì view ở đây nhìn thành phố rất chill. 

Mình đi 2 người, gọi nhiêu đây no kềnh hết tầm 1tr hơn. Thích cái snack free mà staff chủ động refill khi vừa hết:

👍🏻 Pumpkin Blossom Tempura (Bông bí nhồi hải sản chiên giòn): Bông bí giòn rụm, ăn không thì cũng cũng nhưng khi chấm vào cái sốt cam cam hồng hồng kia tui kiểu không dừng lại được. Sốt chua chua, cay cay nhẹ và thơm mùi bông hẹ 

👍🏻 Beef Tartare (Bò sống ăn kèm với bánh mì): Quán chế biến ăn cảm giác không bị sống nha 

👍🏻 Pork Jowl (Nọng heo nướng): Nọng heo ăn kèm bắp cải cảm giác không quá ngấy, trình bày đẹp  

👍🏻 Genmaicha Ice Cream (Kem trà gạo): Đậm mùi trà, vị vừa phải, không quá ngọt","33",,,,"29","4",,,"10"
"31","La Badiane – 10 Nam Ngư, Hoàn Kiếm, Hà Nội

Lâu rồi mình mới quay lại La Badiane – nhà hàng Pháp từng được vinh danh trong danh sách đề xuất Michelin Guide 2023–2024. Và thật bất ngờ khi bữa trưa lần này vẫn trọn vẹn như lần đầu: từ món ăn, không gian, cho đến phong cách phục vụ.

Mình đi 2 người, chọn set lunch 3 món, gọi 2 set nên được thưởng thức trọn vẹn 6 món. Gồm:

Khai vị:
 • Salad trứng trần: nhẹ nhàng, thanh mát, phần trứng trần lòng đào béo mịn, ăn cùng rau xanh và sốt vừa vị.
 • Salad phô mai dê: béo nhẹ, không bị ngấy, kết hợp cùng hạt và rau sống tạo texture thú vị.

Món chính:
 • Beef Carpaccio: thịt bò cắt lát mỏng, mềm, thấm sốt, ăn kèm lá rocket và phô mai.
 • Cừu hầm sốt đỏ – ăn kèm khoai tây: thịt mềm, sốt đậm đà, khoai tây mịn – món ăn trọn vẹn vị.

Tráng miệng:
 • Tiramisu: nhẹ, thanh, vị cà phê không quá đậm – rất hài hòa.
 • Bánh chuối đốt: ấn tượng nhất – mềm, thơm, có độ caramel hóa nhẹ và rất nghệ trong phần trình bày.

Không gian:
Nhà hàng nhỏ xinh, ấm cúng, phong cách cổ điển với trần cao và ánh sáng vừa đủ. Buổi trưa khá đông, đa số là khách nước ngoài, chỉ có vài bàn người Việt. Nhưng không vì thế mà bị ồn – vẫn rất dễ chịu.

Phục vụ:
Mình đặc biệt ấn tượng. Nhà hàng đông nhưng các bạn phục vụ rất đều tay – nhanh nhẹn, lịch sự, chu đáo, có mặt ngay khi cần, và luôn nở nụ cười. Không khí thân thiện mà vẫn chuyên nghiệp – một điểm cộng lớn!

Chi phí:
• 2 set lunch 3 món
• 2 chai nước
→ Tổng hóa đơn: 1.850.000 VNĐ (bao gồm VAT)

Chấm điểm cá nhân:
 • Không gian: 8/10
 • Phục vụ: 9/10
 • Đồ ăn: 9/10
 • Tổng thể: 8.5/10

La Badiane là một lựa chọn rất phù hợp cho những ai yêu ẩm thực Pháp, muốn tìm một nơi ấm cúng – tinh tế – chất lượng ổn định để hẹn hò, gặp gỡ, hoặc đơn giản là tự thưởng cho bản thân một bữa trưa thật ngon.

#LaBadiane
#SetLunchHanoi
#ẨmThựcPháp
#DiningExperience
#DiningReview","132",,,,"116","16",,,"18"
"6","Mọi người thường nói đi ăn ở nhà hàng đạt sao Michelin, việc chọn bàn Chef’s Table hay bàn bình thường mang đến trải nghiệm rất khác nhau. Đợt rùi đi Milan, mình có book được Chef's table ở nhà hàng Seta - 2 sao Michelin. Cả nhà hàng có duy nhất 1 slot 2 người ở vị trí này thui, theo cảm nhận cá nhân thì mình thấy đúng là trải nghiệm mới mẻ, nhưng không chắc sẽ phù hợp tất cả mọi người, dưới đây là bản so sánh cho các bác tham khảo ạ:

🧑‍🍳 Chef’s Table – Bàn đầu bếp

Đây là bàn được đặt ngay gần (hoặc trong) khu bếp, nơi bạn có thể chứng kiến trực tiếp quá trình chuẩn bị món ăn.

Ưu điểm:
 1. Trải nghiệm độc quyền và cá nhân hóa cao:
 • Có thể gặp và trò chuyện trực tiếp với bếp trưởng (chef).
 • Được giải thích về từng món ăn, nguồn nguyên liệu, kỹ thuật chế biến. Mình có thể hỏi họ nguyên liệu này nhập từ đâu, đứng quan sát trực tiếp lúc họ chế biến.
 • Có thể có món “off-menu” (không có trong thực đơn chính).
 2. Thấy được quá trình nấu ăn:
 • Mang tính trình diễn – giống như một buổi biểu diễn nghệ thuật ẩm thực.
 • Hiểu rõ hơn về công sức, kỹ năng và sự sáng tạo đằng sau món ăn.
 3. Không gian thân mật, số lượng giới hạn:
 • Thường chỉ có 2. Tối đa 6 chỗ tuỳ nhà hàng.
 • Phù hợp cho những ai yêu ẩm thực hoặc muốn một trải nghiệm “sâu” và khác biệt.

Hạn chế:
 • Giá cao hơn so với bàn thường.
 • Không gian có thể ồn hơn, nóng hơn do gần bếp.
 • Không dành cho người thích riêng tư hoặc cần không gian yên tĩnh.

🍽️ Bàn bình thường

Đây là các bàn đặt trong không gian chính của nhà hàng.

Ưu điểm:
 1. Không gian sang trọng, yên tĩnh hơn:
 • Phù hợp cho trò chuyện riêng tư, gặp gỡ bạn bè hoặc đối tác.
 • Âm thanh, ánh sáng được điều chỉnh hài hòa.
 2. Phục vụ theo phong cách truyền thống:
 • Nhân viên phục vụ giải thích món ăn.
 • Trải nghiệm được thiết kế tinh tế và đồng đều cho toàn bộ khách.
 3. Giá cả “dễ thở” hơn so với Chef’s Table.

Hạn chế:
 • Ít cá nhân hóa hơn.
 • Không có tương tác trực tiếp với đầu bếp.
 • Không thấy được hậu trường.

Vì vậy tuỳ vào nhu cầu mỗi người mà các bác chọn cho mình bàn nào:
 • Muốn trải nghiệm đỉnh cao về ẩm thực, tò mò về bếp và không ngại giá cao → chọn Chef’s Table.
 • Muốn buổi tối thư giãn, sang trọng, yên tĩnh hơn → chọn bàn thường.","94",,,,"82","12",,,"1"
"21","- 𝐍𝐡𝐚̂́𝐭 đ𝐢̣𝐧𝐡 𝐩𝐡𝐚̉𝐢 𝐚̆𝐧 𝐤𝐡𝐢 đ𝐞̂́𝐧 𝐓𝐡𝐮̛𝐨̛̣𝐧𝐠 𝐇𝐚̉𝐢 -

Nhà hàng lẩu mà chị em Tấm ăn 2 lần trong 1 tuần tại Thượng Hải và vẫn còn thèm, khi về Quảng Châu, tìm mãi mà không có 1 chi nhánh nào bùn dễ sợ 😣. 

Nhà hàng lẩu này được cô em dẫn đi ăn, Tấm chấm 9/10 so với các nhà hàng lẩu nổi tiếng Tấm đã ăn. Tấm đi 2 lần nên ăn thử được 3 vị nước lẩu: 
• Vị nước lẩu cà chua: đậm đà, khi dùng cảm nhận cà chua được băm nhuyễn nấu cùng và hoàn toàn là cà chua chín nên vị rất đầm không bị chua nhiều, húp lấy húp để nước dùng vẫn không thấy bị ngán hoặc khó chịu ở cổ. Vị cà chua ngon nhất từng được ăn 😍. 
• Vị thứ 2 là nước hầm bao tử bò bí mật 😆: nước lẩu trong veo, bao tử ăn mềm không hề bị mùi tuy nhiên vị này Tấm thấy không khó để nấu. 
• Vị thứ 3 là nước hầm nạm bò: nước dùng loại vị này khá chất lượng khi dùng nạm bò sớ thịt rất ngon, mềm và được cắt ra từ khúc giữa nên vừa có gân bọc nạc, nạm ăn không bị ngấy. Đặc biệt nước dùng được hầm từ củ sâm, lê trái, ý dĩ, dừa nước, trần bì, bắp mỹ toàn nguyên liệu tự nhiên giúp nước ngọt thanh không phải niêm nhiều gia vị. ĐÚNG KHẨU VỊ TẤM THÍCH 🤤🤤🤤. 

Đến phần Topping do đi có chị em nên không gọi được nhiều loại tuy nhiên về bò rất tươi rất mềm ngon nhen. Tôm thẻ siêu ngon, tươi sống tại bàn luôn. Nói chung đi ăn lẩu thì Tấm sẽ chấm điểm nước dùng và nước chấm để đánh giá tay nghề đầu bếp xem lẩu ngon hay không. Rồi mới đến phần topping, vì topping theo Tấm nghĩ chỉ cần đầu nguyên liệu nhập xịn là ổn rồi không khó khăn gì cả. 

Cuối cùng chắc ai cũng sẽ quan tâm đó là giá cả nè 😙😙. Một nồi lẩu như 2 ce ăn gồm 2 vị lẩu, 1 đĩa tôm thẻ tầm 10 bé, 1 đĩa bò, 1 đĩa tôm viên, 1 tô rau, 1 khoai lang chiên, 1 đĩa huyết, 1 chai trà sữa tổng thiệt hại chỉ có 358¥ tương đương 1320k, giá quá mềm so với mặt bằng VN mình mà chất lượng đỉnh chóp luôn 👍🏻👍🏻👍🏻

Địa chỉ: 
圈儿潮汕牛肉火锅(昌平路店)
昌平路317-3号

#food #foodreview
#TamNguyen207
#shanghai
#quanerhotpot 
#dinningreview","40",,,,"37","2",,"1","7"
"3","Review La Table Hanoia 
Sau khi đã hơi ngấy với đồ Âu và đồ Nhật . Không biết chọn nhà hàng nào khu Hoàn Kiếm để thẩm đồ ăn, thì e lượn vào quán mà đánh giá trên google không được cao. Chỉ biết là nhà hàng cũng tồn tại tất nhiều năm nên vào thử. 1 số ý kiến theo quan điểm cá nhân 

1. Không gian : nhà nhà trang trí không gian sang trọng, phù hợp để tiêp khách . Thời điểm e vào khung giờ trưa khá đông khách cả việt nam và khách nước ngoài. 

2. Đồ ăn: nhà hàng có 2 menu đồ âu và đồ việt. Nhưng vì ko muốn ăn đồ âu nên e chọn 1 số món đồ việt. Món Tôm Na Uy kiểu âu thì không hop khẩu vị lắm, set cuốn 3 miền cũng không special. E ăn nhanh quá nên chỉ chụp có vài món. Đồ ăn việt cảm giác hơi vị ngọt nên có thể ko đc hợp khảu vị miền Bắc của em. Tuy nhiên món cơm rang hải sản thì rất là ngon , offer mọi người có thể thử. Ngoài ra còn 1 điểm ấn tượng là bánh mỳ ăn kèm bơ cũng rất ngon . Nên  an bánh mỳ no luôn trc khi món chính lên. 

3. Nhân viên : phục vụ chu đáo và lễ phép. Đưa đồ ăn lên cũng khá nhanh. 

 Tóm lại phù hợp tiếp khách buổi trưa ăn nhẹ nhàng . Nhà hàng có cả bún phở với giá cũng tương đối cao! 

Nhà hàng còn thuộc hệ thống Tam Sơn, nên lúc thanh toán mới biết sẽ đc giảm giá 15% theo hội viên.   Nên nếu tiếp khách cũng là 1 option cho kvuc hoàn kiếm.

#diningreview#hanoi#","26",,"1",,"22","3",,,"1"
"68","Mình hiện đang ở Maia Resort Quy Nhơn. Trong nhà hàng đã sử dụng những đũa bị mốc như thế này cho buffet sáng và cả ăn tối. Nhưng khi mình phản ánh vụ việc này với resort thì resort trả lời như thế này 
""Tất cả đũa dùng ở Maia qua thời gian sử dụng sẽ phai màu ( vì là sản phẩm thiên nhiên) khi vệ sinh cũng rất chú trọng và xử lý rất kỹ và rửa bằng máy sấy 80* nên e khá bất ngờ cho phản hồi này anh ạ""

Mọi người xem hình như vậy phải đũa mốc không? 
Đũa mốc dùng rất độc hại cho khách và có khả năng gây ung thư gan.Chả nhẽ đã chọn ở 5 sao rồi mà check vệ sinh còn thua hơn đi ăn vỉa hè.
Đũa mốc còn kinh hơn là rau có sâu
Xin cám ơn!
#diningreview
#quynhon","147",,,"25","105","2","2","13","0"
"2","Caruso’s - Santa Barbara - 1* 

Ai ở SoCal chắc cũng biết đợt vừa rồi cháy to hầu như các quán view đẹp ở Malibu đều cháy rụi hết rồi. Nên đây sẽ là một lựa chọn có thể thay thế nếu ai muốn ăn 1 quán không gian đẹp đẹp view biển ạ. Tuy nhiên thì đồ ăn rất bình thường. Thường tới mức không có gì để viết luôn, ăn xong chả đọng lại gì. Chụp hình cũng không đẹp, khăn trải bàn còn nhăn nữa chứ. Tuy nhiên thì view này em khá ưng. Nhà hàng nằm trong khách sạn Rosewood nên không gian khá là ổn áp. Em có gọi 1 món add-on, ăn thấy dở quá có góp ý với bếp thì được miễn phí món đó. Nói chung là dịch vụ khá ok. Ăn xong nhà hàng còn tặng 1 hộp mật ong, chocolate và donut đem về. 
#Michelin
#ReviewDining
#America","29",,,,"27","2",,,"1"
"29","Xin chào tất cả các Anh/ Chị thành viên của Dining Review, em là Sang, quản lý của nhà hàng **Nhật Bản Ishidaya - The 3rd Generation - 8A Hàng Cháo, Hà Nội. **

     **Ishidaya Omakase** là nhà hàng mới trên bản đồ nhà hàng của Hà Nội, mang đến một phong cách truyền thống tinh tế của ẩm thực Nhật và sáng tạo mới lạ từ đội ngũ đầu bếp của quán cùng tâm huyết của bếp trưởng **Takahiro Ishida** - Bếp trưởng đã set up nhà hàng Kappou Ishida, một trong những đầu bếp Nhật Bản đầu tiên mang văn hoá Omakase đến với Hà Nội .

     Thực đơn mùa này của Ishidaya không chỉ có Omakase Sushi truyền thống, mà còn có Omakase Tempura set từ những nguyên liệu cao cấp và độc đáo nhất. Tại Ishidaya, khách hàng luôn đc phục vụ chu đáo nhất, vì thế chúng tôi luôn cố gắng đáp ứng các yêu cầu customize về menu cho từng thực khách.

      Ishidaya rất mong được đón tiếp các thành viên của Dining Review tới trải nghiệm thực đơn Omakase. Không gian nhà hàng mang phong cách Taisho Roman với không gian tinh tế sang trọng, với quầy Omakase 9 chỗ phục vụ trực tiếp và 2 phòng riêng với đa dạng số ghế ngồi.

      Để tri ân các Anh / Chị trong nhóm, Ishidaya - The 3rd Generation xin gửi tặng ưu đãi đặc biệt chi áp dụng trong tháng 5 và 6/ 2025 -  **giảm giá 20%** trên tổng hóa đơn thức ăn cho tất cả các thành viên của nhóm tới hết 30/6/2025. 

      Chúng em đã sẵn sàng đón tiếp và phục vụ Anh/ Chị tại Ishidaya - The 3rd Generation ! 

      Menu Omakase nhà hàng sẽ cập liên tục theo link :

[[https://drive.google.com/drive/folders/1wCunbvPSn1WYS-AL-onlIXTQn1jm9syZ?usp=drive_link](https://drive.google.com/drive/folders/1wCunbvPSn1WYS-AL-onlIXTQn1jm9syZ?usp=drive_link)](https://drive.google.com/drive/folders/1wCunbvPSn1WYS-AL-onlIXTQn1jm9syZ?usp=drive_link)

      Vui lòng liên hệ qua hotline 096.335.1243 hoặc nhắn tin trực tiếp qua fanpage nhà hàng để đặt bàn ạ. 

**#DiningReview** **#IshidayaThe3rdGeneration****#gioithieunhahang**","134",,,,"118","16",,,"6"
"6","📍MANGO ROOMS Hội An
Nhà hàng 2 mặt 1 mặt là phố trung tâm xe đáp đc tận cửa & 1 mặt là sông ,  cùng chủ là Chef Đức Trần với nhà hàng Mai fish và Mango Mango trong phố cổ nhưng hàng này mê hơn hẳn luôn với món ăn Âu Fusion và Mexico nhưng phối kết hợp gia vị, nguyên liệu địa phương mà làm ngon miệng lắm ý.  Ở đây có vịt và cá hun khói là Signature must try .

Ức vịt hun khói trong lu đất nung ngon lắmm, ăn kèm mứt quất, xoài lát mỏng, sốt kem tương ớt hội an  

Cá hun khói cũng trong cái lu đất đó và ăn kèm bánh khoai cán mỏng nhà làm, hành muối chua ngọt, rau thơm làng Trà Quế, xoài bào sợi trộn cùng củ cải giòn giòn , sốt quả bơ, sốt tương ớt Hội An. Lạ miệng ngon lắm mọi ng nên thử 

Tôm sốt dầu olive tỏi cùng chút sốt ttương ớt Hội An chấm bánh mỳ ngon. Có trẻ em thì bảo họ để riêng cho đỡ cay. Cay tê tê thui k quá cay đâu

Sashimi kingfish cùng sốt quất ponzu rất tươi ngon. 

Dịch vụ chỉn chu lắm nha... thiết kế rất art, siu đẹp, có cái lu đất để hun khói to oạch rất hay..

#Diningreview 
#ReviewHoiAn 
#Mangorooms","26",,,,"20","6",,,"3"
"0","Event collab Chef Steve Lancaster x Chef Hiep Truong | Upstair 

Event diễn ra 2 ngày 18-19/5 gồm 2 dinner và 1 lunch. 

Overall vẫn ngon như mọi khi, chef Steve là 1 chef UK đã làm nhiều nhà hàng nổi tiếng, có tg làm ở stockholm nên mang một xíu hơi hướng bắc âu,thấy rõ ràng ở những sauce trong món ăn. 

Rượu luôn là 1 điểm sáng của Upstair, lần nào đi ăn mà k uống rượu là 1 thiếu sót lớn. Recommend. 

Về tốc độ lên món thì mình có góp ý là hơi nhanh, nên slow down 1 xíu. 

Tổng bill 6 thùng pate + 

Dạo này sg ăn dinning cảm giác hơi bị thiếu quán mới nhỉ.","25",,,,"21","4",,,"0"
"53","#HộiAn là địa điểm mê nhất trong tui , đi nhiều lần k chán. Nên mạn phép review list các quán ngon Hội An ở post này để ai đang định đi cùng gia đình nghỉ hè thì tham khảo. 
E đi Hội An nhiều nhất trong các tỉnh thành của Vn, mỗi lần ở đây ít nhất 5 ngày, lang thang từng hang cùng ngõ hẻm... thì đủ hiểu độ yêu tới đâu 😆 list dưới đây là số nhà hàng e có thể nhớ đc nên nếu nhớ đc thêm e sẽ update tiếp nhé 

🩵Tok. ( ăn trưa view cánh đồng rất đẹp nhưng it món hơn tối, tối  full menu , chiều có thể ngồi lai rai bia lạnh, cocktail cũng rất chill ) , các món ngon và vừa miệng nhẹ nhàng đặc biệt món đậu bắp chiên giòn ăn bén dã man, đồ uống khá ngon, gió lộng rất mát mặc dù trưa nắng. Highly recommend. ( tối sợ muỗi zĩn nên e đi ăn trưa )

🩵MÙA  làng Trà Quế ( Chef Trụ ) ấn tượng nhất là cuốn rau đặc trưng cực ngon , mỗi rau thôi mà siêu ngon. 

🩵Lim dining room Chef Alessio Rasom ( cùng chủ Si Dining Đà Nẵng ) đồ Ý Creative nhà cổ đẹp ở phố cổ . Đồ ăn chỉn chu vừa miệng buổi tối sẽ đẹp hơn trưa va nên book bàn bên ngoài

🩵Mango rooms Chef Đức Trần ( các món fusion đặc biệt và kiến trúc biệt thự cổ rất art ) . Các món kết hợp nglieu VN pha trộn style Mexico hương vị rất ok và gu ăn đậm đà là ưng, chua ngọt mặn rõ ràng ! 

🩵Kem ngon Boulevard Gelato ở phố cổ, có tầng 2 điều hoà hoặc mua kem đi thong dong trong phố. Kem chanh vị chua rõ nhưng ngon, họ co menu desert rất phong phú lại còn đẹp với các loại bánh như waffle & croffle ăn với kem tươi, hoa quả. Có set 21 vị kem viên mini mà có 275k thui nhúng chocolate foundue trẻ con là thích lắm đó . 
100% authentic Italian Gelato , chi nhánh Đà nẵng có cả bánh kem bánh sinh nhật cho ai cần

🩵Fefe roastery  ( xưởng rang cafe bên cạnh nên rất thơm trong gió )  rất đặc trưng Hội an, view 1 mặt là hồ nước 1 mặt view là cổng chùa Bà Mụ. Đồ uống sáng tạo và có brunch đc decor trên đĩa đẹp. 

🩵Léhem cafe by acoustic  :style Eauropean classic hiện đại pha chút cổ điển,  sân vườn và phòng chính rất kiểu như phòng hoà nhạc nhỏ với đồ decor rất chất rất art

🩵 The Rio garen Tropical cafe Hoian style rừng nhiệt đới rất đẹp có cả hồ cá cho trẻ con ngắm, có khu tô tượng , mát . 

🩵Nước cam tươi mật quế mật gừng, trà thơm recommend mọi người uống ở Reaching out,   không gian nhà cổ trong phố cổ .

🩵Maha mangala ( style Nhật có đồ ăn chay ngon  view thẳng ra biển An Bàng, đẹp lắm . Có cả phòng để lưu trú tại đây chứ họ k phục vụ khách ngoài cho trẻ con vào tắm vi k có phòng tắm tráng public, hợp ng lớn đi healing vài tiếng có thể cho con trên 9 tuổi  theo nhưng k phai đứa nghịch như giặc, ăn chay nhẹ nhàng thư giãn chữa lành 😆có cả bể bơi hướng biển 

🩵Mai fish  Chef Đức Trần cùng chủ Mangorooms , các món Việt Nam nhưng đc  serve 1 cách chỉn chu, đẹp mắt. Không gian rất là xinh ở giữa phố cổ nhưng ở đoạn rìa ngoài nên k quá xa để đi bộ, khách đoàn okela 

🩵Secret Garden 61 Phan Bội Châu nhà hàng và wine  ở 1 ngôi nhà cổ vài trăm năm duy nhất giữ nguyên bản cấu trúc bố cục và gia đình họ vẫn ở đó, có nhà thờ tự cụ cố của họ và đây là tư gia giàu có thời xưa, chuyên cho đoàn thương gia Trung Quốc ghé nghỉ chân . Đồ uống ngon còn món chưa thử 😆 ngồi healing okela, ban ngày đẹp hơn tối. 

🩵 Rêu dining làng Trà quế ( kiến trúc rất đẹp nhưng đồ thường ) ăn kiểu nhẹ nhàng đồ Vn nhưng cũng k đặc sắc j, giá khá cao. Ai mê kiến trúc thì đến. Toà nhà Hotel của họ ở giữa cánh đồng lúa của làng Trà Quế 

🩵Morning glory ( các món bánh, món mặn đặc trưng của Hội An oki và đầy đủ  ) 

🩵 Hoa Hiên ( kiến trúc biệt thự rấttt đẹp  nhưng các món Hội An cũng bt k đặc sắc ) .1 mặt phố 1 mặt sông. Đẹp lắm nhé như bảo tàng thu nhỏ vậy. Sân vườn rất xinh và art. 

🩵 Cargo club 109 Nguyễn Thái Học . Cafe & đồ ăn Âu Á nhưng bánh kem mới là điểm sáng, bánh ngon  nhất phố cổ lun. 2 mặt view là mặt sông và cả mặt phố cổ đi bộ 

🩵 The taste of the sea  (ngồi sát biển có đồ uống, có ăn mặn và món chay, cafe , cocktail. Có phòng tắm cho trẻ con chơi ở biển r lên tráng ng, tô tượng ) bãi tắm k xô bồ đông đúc . Những chỗ ntnay k đòi hỏi đc là ngon hay chỉn chu về phần ăn uống đc , ổn và kết hợp cho trẻ con ăn chơi tắm biển thì okela 

🩵 Deck house ( ăn kết hợp uống cocktail chill bờ biển An Bàng vibe kiểu địa trung hải vui nhộn )

📍1 vài hang caffe xinh đẹp khác :  The inner hoian by Àla, Ba mươi mét vuông hoian , Gióng cafe , The hill station, Nắng coffee Hoian sân vườn ,Slow cafe trong làng trà quế ( nhỏ nhưng trông cozy ở không gian nhà gỗ ), Laque bistro, Sip hoian ( style Eauropean Vintage, vườn cây xanh và tone màu rất Âu  ) , Poison cafe ( trong phố cổ đi bộ ) ,... 

📍Quán bình dân :
Gà Roti đỉnh chóp quán bình dân Thanh hiền( gọi đặt trước , ở đây có món cá bống kho siêu ngon ) 
Hải sản biển An Bàng tươi & rẻ  : Sáu , Tuyết
Cháo Nghêu cô Gió 
Bún mắm nêm cô Xuân ( chợ Hội An ) 
Bánh mỳ madame Khánh
Cơm gà & gỏi gà bà Nga , cơm gà Hiền 
Cao lầu k phải hàng nào cũng ngon, có 1 hàng thịt mềm ngon và sợi cao lầu k nồng cực ngon mà e chưa nhớ đc ra tên , cho e nợ quán này 

Bonus cho ai cần 😆
📍Gội đầu & massage  : whiterose spa ,SETA  spa( massage tigerbalm , mở muộn den 10h ) 
Họi An nhiều hàng massage nhé 

Các clip là kênh tiktok của e k phải e đi trôm của ngkhac đâu nha

#Diningreview
#HộiAn
#ReviewHoiAn","181",,"1",,"136","44",,,"134"
"42","Mưa mưa lại ngoi lên review . Ai mê Lòng bò Hanwoo chuẩn, lưỡi bò Hanwoo, Thịt bò chất lượng cao , heo iberico, bì heo...  mà lại muốn ăn cùng 1 lúc thì phải ăn ở 📍SEOCHO BBQ nhé, cùng chủ Chosim nên nhà hàng này là menu full của 2 nhà hàng gộp lại . Đỉnh khum 😆 lưỡi bò ngon lắm k ngấy ngán như wagyu đâu

Ăn hàng này mấy lần rùi thi tui thấy ở đây lòng bò Hàn nướng ngon nhất HN nha ^^
Đi đông là 1 lợi thế vì gọi đc nhiều loại.

Add: Lô 125- TT3 Trần Văn Lai , KĐT Mỹ Đình

#Diningreview 
#Lòngbònướng
#SEOCHOBBQ","171",,,,"155","15",,"1","43"
"16","Đi ăn ở  Nikusho mới  để so sánh với bên Ushinokira !
Cũng nhiều anh chị review từ lúc khai trương nhưng nay mới đi ăn !

Không biết có phải tại mình khó tính ko hay tại làm sao! Nhưng nay ăn bò thực sự ko đc ngon so với bên  Ushi ! Nay có order loại A5 nhưng nhà hàng hết hàng , đành oder sang loại khác!

Về không gian nhà hàng: vị trí khá tiện ở đường lớn dễ di chuyển , không gian nhà hàng thì thấy bình thg. Nội thất trang trí ko có gì đặc biệt!

Về đồ ăn: đồ ăn phong phú hơn, tuy nhiên đặc biệt về bò nay mình cũng ko có cảm nhận nhiều và đặc biệt, ko đc ưng ý như khi ăn bên Ushi!  Đồ đesert bánh hojicha ngon và ko bị ngọt quá' ! 

Nhân viên: rất nhiệt tình và dễ thương 

 Ah nhà hàng có kệ đũa hình con bò khá dễ thương, muốn mua về kỉ niệm mà nhà hàng bảo ko bán ! 

So với các nhà hàng nhật khác thì chắc ok , nhưng nếu so với Ushi cùng hệ thống thì nay trải nghiệm chưa đc ưng ý về bò ! 

Nên nếu lần sau có đi ăn e vẫn sẽ sang Ushi vì e thấy giá chốt bill cũng tương đương ! 

#diningreview#Nikusho#Hanoi#","17",,,,"15","1",,"1","2"
